ATCOCode,NaptanCode,PlateCode,CleardownCode,CommonName,CommonNameLang,ShortCommonName,ShortCommonNameLang,Landmark,LandmarkLang,Street,StreetLang,Crossing,CrossingLang,Indicator,IndicatorLang,Bearing,NptgLocalityCode,LocalityName,ParentLocalityName,GrandParentLocalityName,Town,TownLang,Suburb,SuburbLang,LocalityCentre,GridType,Easting,Northing,Longitude,Latitude,StopType,BusStopType,TimingStatus,DefaultWaitTime,Notes,NotesLang,AdministrativeAreaCode,CreationDateTime,ModificationDateTime,RevisionNumber,Modification,Status
9100ABDARE,,,,Aberdare Rail Station,,,,,,-,,,,,,,E0054662,Aberdare,,,,,,,1,UKOS,300400,202800,-3.44308344608,51.71505790608,RLY,,,,,,110,2006-09-08T14:30:00,2007-09-26T13:00:00,1,revise,active
9100ASHYDN,,,,Ashley Down,,,,,,-,,,,,,,E0035613,Horfield,Bristol,,,,,,1,UKOS,360047,175690,-2.5767,51.47875,RLY,,,,,,110,2025-04-25T11:18:00,2025-04-25T11:18:00,0,new,active
9100SWNACFC,,,,Corfe Castle,,,,,,-,,,,,,,E0045750,Corfe Castle,,,,,,,1,UKOS,396211,82066,-2.0551,50.6383,RLY,,,,,,110,2025-09-11T11:18:00,2025-09-11T11:18:00,0,new,active
9100BEULYPK,,,,Beaulieu Park,,,,,,-,,,,,,,E0046811,Beaulieu,,,,,,,1,UKOS,573904,209597,0.51833570,51.758057,RLY,,,,,,110,2025-08-01T09:19:00,2025-08-01T13:00:00,0,new,active
9100ELINTN,,,,East Linton,,,,,,-,,,,,,,ES001229,East Linton,,,,,,,1,UKOS,359051,677154,-2.6579,55.9856,RLY,,,,,,110,2025-04-25T15:13:00,2025-04-25T15:13:00,0,new,active
9100HBOLTN,,,,Headbolt Lane,,,,,,-,,,,,,,N0070223,Tower Hill,Kirkby,,,,,,1,UKOS,341341,399746,-2.885591,53.491136,RLY,,,,,,110,2025-04-25T15:51:00,2025-04-25T15:51:00,0,new,active
9100THANETP,,,,Thanet Parkway,,,,,,-,,,,,,,E0015407,Cliffs End,,,,,,,1,UKOS,634287,164449,1.361777,51.330843,RLY,,,,,,110,2025-04-25T16:01:00,2025-04-25T16:01:00,0,new,active
9100MSBTN,,,,Marsh Barton,,,,,,-,,,,,,,E0007704,Marsh Barton,Exeter,,,,,,1,UKOS,292667,090511,-3.52133,50.7043,RLY,,,,,,110,2025-04-25T16:01:00,2025-04-25T16:01:00,0,new,active
9100REDGGPK,,,,Reading Green Park,,,,,,-,,,,,,,N0071710,GreenPark,Reading,,,,,,1,UKOS,469525,170213,-1.001389,51.426667,RLY,,,,,,110,2025-04-25T16:37:00,2025-04-25T16:37:00,0,new,active
9100IVRNAIR,,,,Inverness Airport,,,,,,-,,,,,,,N0076589,Inverness Airport,,,,,,,1,UKOS,277050,851124,-4.0552,57.5335,RLY,,,,,,110,2025-04-25T18:15:00,2025-04-25T18:15:00,0,new,active
9100SOHAM,,,,Soham,,,,,,-,,,,,,,E0043681,Soham,,,,,,,1,UKOS,558696,273224,0.3277,52.33415,RLY,,,,,,110,2025-04-25T18:45:00,2025-04-25T18:45:00,0,new,active
9100BOWSTRT,,,,Bow Street,,,,,,-,,,,,,,E0036280,Bow Street,,,,,,,1,UKOS,262085,284378,-4.03036,52.439914,RLY,,,,,,110,2025-04-25T18:54:00,2025-04-25T18:54:00,0,new,active
9100HORD,,,,Horden,,,,,,-,,,,,,,E0010183,Horden,,,,,,,1,UKOS,444563,541225,-1.307347,54.763879,RLY,,,,,,110,2025-04-25T19:01:00,2025-04-25T19:01:00,0,new,active
9100MAGHNTH,,,,Maghull North,,,,,,-,,,,,,,E0029804,Moss Side,Maghull,,,,,,1,UKOS,339008,402620,-2.9213,53.5167,RLY,,,,,,110,2025-04-25T19:14:00,2025-04-25T19:14:00,0,new,active
9100RESTSTN,,,,Reston,,,,,,-,,,,,,,N0067219,Reston,,,,,,,1,UKOS,388036,661866,-2.19266,55.84985,RLY,,,,,,090,2025-08-21T19:14:00,2025-08-21T19:14:00,0,new,active
9100BRENTX,,,,Brent Cross West Station,,,,,,-,,,,,,,N0077635,Brent Cross,Golders Green,,,,,,0,UKOS,523085,186998,-0.22548819,51.568429,RLY,,,,,,110,2023-12-01T14:30:00,2023-12-01T13:00:00,0,new,active
9100ABDO,,,,Aberdour Rail Station,,,,,,-,,,,,,,ES000016,Aberdour,,,,,,,1,UKOS,319100,685400,-3.30056001734,56.05459191149,RLY,,,,,,110,2006-09-08T14:30:00,2007-09-26T13:00:00,1,revise,active
9100ABDVY,,,,Aberdovey Rail Station,,,,,,-,,,,,,,E0054262,Aberdovey,,,,,,,1,UKOS,260600,296000,-4.05706706793,52.54395659957,RLY,,,,,,110,2006-09-08T14:30:00,2007-09-26T13:00:00,1,revise,active
9100ABER,,,,Aber Rail Station,,,,,,-,,,,,,,E0035679,Aber,Caerphilly,,,,,,1,UKOS,314870,186950,-3.22982847743,51.5749655354,RLY,,,,,,110,2006-09-08T14:30:00,2007-09-26T13:00:00,1,revise,active
9100ABGLELE,,,,Abergele & Pensarn Rail Station,,,,,,-,,,,,,,E0054152,Abergele,,,,,,,1,UKOS,294612,378681,-3.58262198838,53.29457303057,RLY,,,,,,110,2006-09-08T14:30:00,2007-09-26T13:00:00,1,revise,active
9100ABRCYNN,,,,Abercynon North Rail Station,,,,,,-,,,,,,,E0054661,Abercynon,,,,,,,1,UKOS,308292,194891,-3.32680325647,51.64531320611,RLY,,,,,,110,2006-09-08T14:30:00,2008-05-30T14:08:00,3,revise,inactive
9100ABRCYNS,,,,Abercynon Rail Station,,,,,,-,,,,,,,E0054661,Abercynon,,,,,,,1,UKOS,308166,194686,-3.32856986148,51.643449909,RLY,,,,,,110,2006-09-08T14:30:00,2013-12-17T14:04:00,3,revise,active
9100ABRDEEN,,,,Aberdeen Rail Station,,,,,,-,,,,,,,ES000011,Aberdeen,,,,,,,1,UKOS,394127,805872,-2.0986851221,57.14370402316,RLY,,,,,,110,2006-09-08T14:30:00,2009-04-14T11:28:00,2,revise,active
9100ABRE,,,,Abererch Rail Station,,,,,,-,,,,,,,E0037427,Abererch,,,,,,,1,UKOS,240400,336100,-4.37417543673,52.89858306624,RLY,,,,,,110,2006-09-08T14:30:00,2007-09-26T13:00:00,1,revise,active
9100ABRGVNY,,,,Abergavenny Rail Station,,,,,,-,,,,,,,E0054376,Abergavenny,,,,,,,1,UKOS,330500,213600,-3.0096467989,51.81668982233,RLY,,,,,,110,2006-09-08T14:30:00,2007-09-26T13:00:00,1,revise,active
9100ABRYSTH,,,,Aberystwyth Rail Station,,,,,,-,,,,,,,E0054103,Aberystwyth,,,,,,,1,UKOS,258500,281600,-4.08189352291,52.41404494843,RLY,,,,,,110,2006-09-08T14:30:00,2007-09-26T13:00:00,1,revise,active
9100ABWD,,,,Abbey Wood (London) Rail Station,,,,,,-,,,,,,,E0034321,Abbey Wood,London,,,,,,1,UKOS,547374,179035,0.12139411536,51.49106246827,RLY,,,,,,110,2006-09-08T14:30:00,2010-05-10T19:32:00,2,revise,active
9100ACBG,,,,Acton Bridge Rail Station,,,,,,-,,,,,,,E0044401,Acton Bridge,,,,,,,1,UKOS,359870,374560,-2.6031265241,53.26650719553,RLY,,,,,,110,2006-09-08T14:30:00,2011-03-24T16:44:00,2,revise,active
9100ACHANLT,,,,Achanalt Rail Station,,,,,,-,,,,,,,N0078047,Achanalt,,,,,,,1,UKOS,226020,861473,-4.91385125753,57.60959583643,RLY,,,,,,110,2006-09-08T14:30:00,2010-02-25T14:34:00,3,revise,active
9100ACHHSHL,,,,Achnashellach Rail Station,,,,,,-,,,,,,,N0067796,Achnashellach,,,,,,,1,UKOS,200290,848440,-5.33305525596,57.4820742655,RLY,,,,,,110,2006-09-08T14:30:00,2007-09-26T13:00:00,1,revise,active
9100ACHILCK,,,,Auchinleck Rail Station,,,,,,-,,,,,,,ES000169,Auchinleck,,,,,,,1,UKOS,255000,622000,-4.29534918715,55.47027326493,RLY,,,,,,110,2006-09-08T14:30:00,2007-09-26T13:00:00,1,revise,active
9100ACHNSHN,,,,Achnasheen Rail Station,,,,,,-,,,,,,,N0067674,Achnasheen,,,,,,,1,UKOS,216403,858519,-5.07233213915,57.57928965421,RLY,,,,,,110,2006-09-08T14:30:00,2010-02-25T14:35:00,2,revise,active
9100ACKLNGT,,,,Acklington Rail Station,,,,,,-,,,,,,,N0070215,Acklington Station,Acklington,,,,,,1,UKOS,422200,601500,-1.65183461346,55.3070982414,RLY,,,,,,110,2006-09-08T14:30:00,2007-09-26T13:00:00,1,revise,active
9100ACLE,,,,Acle Rail Station,,,,,,-,,,,,,,E0048437,Acle,,,,,,,1,UKOS,639900,310000,1.54391527585,52.63468201731,RLY,,,,,,110,2006-09-08T14:30:00,2007-09-26T13:00:00,1,revise,active
9100ACOCKSG,,,,Acocks Green Rail Station,,,,,,-,,,,,,,E0031296,Acocks Green,Birmingham,,,,,,1,UKOS,412400,283500,-1.81897541144,52.44932277674,RLY,,,,,,110,2006-09-08T14:30:00,2007-09-26T13:00:00,1,revise,active
9100ACRNGTN,,,,Accrington Rail Station,,,,,,-,,,,,,,E0015874,Accrington,,,,,,,1,UKOS,375730,428575,-2.36954777807,53.75297118076,RLY,,,,,,110,2006-09-08T14:30:00,2011-02-07T16:22:00,2,revise,active
9100ACTNCTL,,,,Acton Central Rail Station,,,,,,-,,,,,,,E0034247,Acton,London,,,,,,1,UKOS,520645,180295,-0.26297061476,51.50871627818,RLY,,,,,,110,2006-09-08T14:30:00,2010-05-10T19:32:00,2,revise,active
9100ACTONML,,,,Acton Main Line Rail Station,,,,,,-,,,,,,,E0034247,Acton,London,,,,,,1,UKOS,520360,181230,-0.26675636171,51.51718014558,RLY,,,,,,110,2006-09-08T14:30:00,2010-05-10T19:32:00,2,revise,active
9100ADERLYP,,,,Adderley Park Rail Station,,,,,,-,,,,,,,N0072527,Adderley Park,Birmingham,,,,,,1,UKOS,409880,287250,-1.85594442017,52.4830859425,RLY,,,,,,110,2006-09-08T14:30:00,2007-09-26T13:00:00,1,revise,active
9100ADIEWEL,,,,Addiewell Rail Station,,,,,,-,,,,,,,N0067186,Addiewell,,,,,,,1,UKOS,299500,662300,-3.60652641249,55.8434089458,RLY,,,,,,110,2006-09-08T14:30:00,2010-06-23T17:34:00,2,revise,active
9100ADISHAM,,,,Adisham Rail Station,,,,,,-,,,,,,,E0047118,Adisham,,,,,,,1,UKOS,623391,153976,1.19908926763,51.24120153594,RLY,,,,,,110,2006-09-08T14:30:00,2007-09-26T13:00:00,1,revise,active
9100ADLC,,,,Adlington (Cheshire) Rail Station,,,,,,-,,,,,,,E0044350,Adlington,,,,,,,1,UKOS,391200,380300,-2.13356247282,53.31955397865,RLY,,,,,,110,2006-09-08T14:30:00,2007-09-26T13:00:00,1,revise,active
9100ADLESTN,,,,Addlestone Rail Station,,,,,,-,,,,,,,E0025584,Addlestone,,,,,,,1,UKOS,505587,164866,-0.48445671716,51.37304566372,RLY,,,,,,110,2006-09-08T14:30:00,2007-09-26T13:00:00,1,revise,active
9100ADNL,,,,Adlington (Lancs) Rail Station,,,,,,-,,,,,,,E0047385,Adlington,,,,,,,1,UKOS,360200,413135,-2.60307081313,53.61324428059,RLY,,,,,,110,2006-09-08T14:30:00,2011-02-07T16:22:00,2,revise,active
9100ADWICK,,,,Adwick Rail Station,,,,,,-,,,,,,,E0029962,Adwick le Street,,,,,,,1,UKOS,454375,408725,-1.18035620719,53.57232071859,RLY,,,,,,110,2006-09-08T14:30:00,2010-12-20T11:06:00,2,revise,active
9100AGHTNPH,,,,Aughton Park Rail Station,,,,,,-,,,,,,,N0078849,Aughton Park,,,,,,,1,UKOS,340790,406775,-2.89522081448,53.55424741626,RLY,,,,,,110,2006-09-08T14:30:00,2014-03-03T16:06:00,4,revise,active
9100AIGBURT,,,,Aigburth Rail Station,,,,,,-,,,,,,,E0029595,Aigburth,Liverpool,,Liverpool,,Aigburth,,1,UKOS,338400,385700,-2.92715492547,53.36456492063,RLY,,,,,,110,2006-09-08T14:30:00,2007-09-26T13:00:00,1,revise,active
9100AINSDAL,,,,Ainsdale Rail Station,,,,,,-,,,,,,,E0029597,Ainsdale,Southport,,Sefton,,Ainsdale,,1,UKOS,331101,412224,-3.04265200904,53.60203225634,RLY,,,,,,110,2006-09-08T14:30:00,2008-11-17T16:50:00,2,revise,active
9100AINTREE,,,,Aintree Rail Station,,,,,,-,,,,,,,E0052685,Aintree,,,Liverpool,,Aintree,,1,UKOS,336625,397890,-2.9562803142,53.47390962432,RLY,,,,,,110,2006-09-08T14:30:00,2009-01-02T12:19:00,2,revise,active
9100AIRBLES,,,,Airbles Rail Station,,,,,,-,,,,,,,ES002695,Motherwell,,,,,,,1,UKOS,275034,656191,-3.994192441,55.78283310401,RLY,,,,,,110,2006-09-08T14:30:00,2007-10-04T13:00:00,2,revise,active
9100AIRDRIE,,,,Airdrie Rail Station,,,,,,-,,,,,,,ES000054,Airdrie,,,,,,,1,UKOS,276000,665200,-3.98291206378,55.86397879776,RLY,,,,,,110,2006-09-08T14:30:00,2007-09-26T13:00:00,1,revise,active
9100AIRP,,,,Newcastle Airport Metro Station,,,,,,-,,,,,,,N0078208,Airport,Newcastle upon Tyne,,,,,,1,UKOS,418566,571308,-1.71104650989,55.03594906574,RLY,,,,,,110,2007-02-23T12:00:00,2010-10-13T14:40:00,5,revise,active
9100ALBNFCL,,,,Albany Park - Footscray Lane,,,,,,-,,,,,,,E0034030,Sidcup,London,,,,,,0,UKOS,547420,172977,0.11953227212,51.43661720573,BCQ,,,,,,110,2008-11-06T15:11:00,2009-08-21T13:15:00,2,revise,active
9100ALBNHV,,,,Albany Park - Hurst Road/Valentine Avenue,,,,,,-,,,,,,,E0034030,Sidcup,London,,,,,,0,UKOS,548285,173185,0.13205477527,51.43826060356,BCQ,,,,,,110,2008-11-06T15:14:00,2009-08-21T13:15:00,2,revise,active
9100ALBNYPK,,,,Albany Park Rail Station,,,,,,-,,,,,,,E0034030,Sidcup,London,,,,,,1,UKOS,547855,172860,0.12573715609,51.43545265496,RLY,,,,,,110,2006-09-08T14:30:00,2010-05-27T16:57:00,2,revise,active
9100ALBRGHT,,,,Albrighton Rail Station,,,,,,-,,,,,,,E0050568,Albrighton,,,,,,,1,UKOS,381900,304500,-2.26889994437,52.63794224624,RLY,,,,,,110,2006-09-08T14:30:00,2007-09-26T13:00:00,1,revise,active
9100ALDEDGE,,,,Alderley Edge Rail Station,,,,,,-,,,,,,,E0044352,Alderley Edge,,,,,,,1,UKOS,384317,378563,-2.23679906922,53.30378012757,RLY,,,,,,110,2006-09-08T14:30:00,2007-09-26T13:00:00,1,revise,active
9100ALDMSTN,,,,Aldermaston Rail Station,,,,,,-,,,,,,,E0053816,Aldermaston,,,,,,,1,UKOS,460100,167345,-1.1374238096,51.40196169823,RLY,,,,,,110,2006-09-08T14:30:00,2011-01-24T11:10:00,2,revise,active
9100ALDRSHT,,,,Aldershot Rail Station,,,,,,-,,,,,,,E0013319,Aldershot,,,,,,,1,UKOS,486656,150424,-0.75985979888,51.24641837711,RLY,,,,,,110,2006-11-17T09:19:00,2007-09-26T13:00:00,1,revise,active
9100ALDTON,,,,Aldrington Rail Station,,,,,,-,,,,,,,E0057156,Hove,,,,,,,1,UKOS,527984,105666,-0.18382143408,50.83638383869,RLY,,,,,,110,2006-09-08T14:30:00,2009-10-15T16:33:00,3,revise,active
9100ALERTN,,,,Liverpool South Parkway Rail Station,,,,,,-,,,,,,,E0029706,Garston,Liverpool,,Liverpool,,Allerton,,1,UKOS,340921,384909,-2.88912776514,53.3577440907,RLY,,,,,,110,2006-09-08T14:30:00,2015-12-01T13:27:00,13,revise,active
9100ALEXNDP,,,,Alexandra Palace Rail Station,,,,,,-,,,,,,,N0077741,Alexandra Palace,London,,,,,,1,UKOS,530295,190460,-0.12023513932,51.59792399595,RLY,,,,,,110,2006-09-08T14:30:00,2010-05-10T19:34:00,3,revise,active
9100ALFRETN,,,,Alfreton Rail Station,,,,,,-,,,,,,,E0044946,Alfreton,,,,,,,1,UKOS,442300,356100,-1.36969607227,53.10043172212,RLY,,,,,,110,2006-09-08T14:30:00,2007-09-26T13:00:00,1,revise,active
9100ALLENSW,,,,Allens West Rail Station,,,,,,-,,,,,,,E0042063,Eaglescliffe,Yarm,,,,,,1,UKOS,441449,514558,-1.36111669221,54.52462276218,RLY,,,,,,110,2006-09-08T14:30:00,2009-10-15T16:34:00,2,revise,active
9100ALLOA,,,,Alloa Rail Station,,,,,,-,,,,,,,ES000069,Alloa,,,,,,,1,UKOS,288800,693115,-3.79005562154,56.11778919186,RLY,,,,,,110,2007-02-09T15:00:00,2010-07-12T14:38:00,6,revise,active
9100ALNESS,,,,Alness Rail Station,,,,,,-,,,,,,,ES000077,Alness,,,,,,,1,UKOS,266000,869400,-4.24971628511,57.69439411691,RLY,,,,,,110,2006-09-08T14:30:00,2007-09-26T13:00:00,1,revise,active
9100ALNMOTH,,,,Alnmouth Rail Station,,,,,,-,,,,,,,E0049880,Lesbury,Alnmouth Village,,,,,,1,UKOS,423115,611040,-1.63663765884,55.39277757806,RLY,,,,,,110,2006-09-08T14:30:00,2010-12-20T11:18:00,3,revise,active
9100ALRESFD,,,,Alresford (Essex) Rail Station,,,,,,-,,,,,,,E0046350,Alresford,,,,,,,1,UKOS,606525,221515,0.9974365883,51.85400078986,RLY,,,,,,110,2006-09-08T14:30:00,2010-10-06T14:29:00,2,revise,active
9100ALSAGER,,,,Alsager Rail Station,,,,,,-,,,,,,,E0044257,Alsager,,,,,,,0,UKOS,380070,355130,-2.29905753309,53.09300333618,RLY,,,,,,110,2006-09-08T14:30:00,2011-11-02T15:42:00,3,revise,active
9100ALSHAM,,,,Aylesham Rail Station,,,,,,-,,,,,,,E0047154,Aylesham,,,,,,,1,UKOS,624182,152457,1.2094529054,51.22725429648,RLY,,,,,,110,2006-09-08T14:30:00,2007-09-26T13:00:00,1,revise,active
9100ALTHORN,,,,Althorne Rail Station,,,,,,-,,,,,,,E0046303,Althorne,,,,,,,1,UKOS,590524,197929,0.7524835631,51.6478704748,RLY,,,,,,110,2006-09-08T14:30:00,2007-09-26T13:00:00,1,revise,active
9100ALTNBRC,,,,Altnabreac Rail Station,,,,,,-,,,,,,,N0067845,Forsinard,,,,,,,1,UKOS,300340,945680,-3.70628021863,58.38814827615,RLY,,,,,,110,2006-09-08T14:30:00,2010-02-25T14:29:00,2,revise,active
9100ALTON,,,,Alton Rail Station,,,,,,-,,,,,,,E0046747,Alton,,,,,,,1,UKOS,472352,139697,-0.96691319996,51.15196879112,RLY,,,,,,110,2006-11-17T09:19:00,2007-09-26T13:00:00,1,revise,active
9100ALTPE,,,,Althorpe Rail Station,,,,,,-,,,,,,,N0060037,Keadby,,,,,,,1,UKOS,483960,410625,-0.73318220149,53.58550078559,RLY,,,,,,110,2006-09-08T14:30:00,2011-05-23T14:55:00,3,revise,active
9100ALTRNHM,,,,Altrincham Rail Station,,,,,,-,,,,,,,E0028261,Altrincham,,,,,,,1,UKOS,377026,387931,-2.34688878555,53.38771656569,RLY,,,,,,110,2006-09-08T14:30:00,2010-10-13T14:35:00,4,revise,active
9100ALVCHRC,,,,Alvechurch Rail Station,,,,,,-,,,,,,,E0056895,Alvechurch,,,,,,,1,UKOS,402300,272000,-1.96766049449,52.34607058592,RLY,,,,,,110,2006-09-08T14:30:00,2007-09-26T13:00:00,1,revise,active
9100ALVCRLP,,,,Alvechurch - Red Lion PH,,,,,,-,,,,,,,E0056895,Alvechurch,,,,,,,0,UKOS,402756,272755,-1.96096067589,52.35285614652,BCQ,,,,,,110,2008-11-06T15:15:00,2009-08-21T13:15:00,2,revise,active
9100ALXANDR,,,,Alexandria Rail Station,,,,,,-,,,,,,,ES000063,Alexandria,,,,,,,1,UKOS,239300,679900,-4.57748423627,55.98508314964,RLY,,,,,,110,2006-09-08T14:30:00,2007-09-26T13:00:00,1,revise,active
9100ALXPD,,,,Alexandra Parade Rail Station,,,,,,-,,,,,,,ES001021,Dennistoun,Glasgow,,,,,,1,UKOS,261747,665542,-4.21064800754,55.86317091519,RLY,,,,,,110,2006-09-08T14:30:00,2011-07-07T14:04:00,3,revise,active
9100AMBERGT,,,,Ambergate Rail Station,,,,,,-,,,,,,,E0006492,Ambergate,,,,,,,1,UKOS,434900,351600,-1.4806974242,53.06051632822,RLY,,,,,,110,2006-09-08T14:30:00,2007-09-26T13:00:00,1,revise,active
9100AMERSHM,,,,Amersham Rail Station,,,,,,-,,,,,,,E0044054,Amersham,,,,,,,1,UKOS,496379,198188,-0.60759605596,51.67420579888,RLY,,,,,,110,2006-09-08T14:30:00,2007-09-26T13:00:00,1,revise,active
9100AMLY,,,,Amberley Rail Station,,,,,,-,,,,,,,E0052152,Amberley,,,,,,,1,UKOS,502632,111812,-0.54199232704,50.89668002212,RLY,,,,,,110,2006-09-08T14:30:00,2007-09-26T13:00:00,1,revise,active
9100AMMANFD,,,,Ammanford Rail Station,,,,,,-,,,,,,,E0054030,Ammanford,,,,,,,1,UKOS,262400,212700,-3.99673488783,51.79597472721,RLY,,,,,,110,2006-09-08T14:30:00,2007-09-26T13:00:00,1,revise,active
9100ANCASTR,,,,Ancaster Rail Station,,,,,,-,,,,,,,E0048115,Ancaster,,,,,,,1,UKOS,498400,344375,-0.53562365209,52.98768735647,RLY,,,,,,110,2006-09-08T14:30:00,2011-05-23T14:50:00,2,revise,active
9100ANDOVER,,,,Andover Rail Station,,,,,,-,,,,,,,E0013337,Andover,,,,,,,1,UKOS,435565,145938,-1.49223291317,51.21154688023,RLY,,,,,,110,2006-09-08T14:30:00,2007-09-26T13:00:00,1,revise,active
9100ANDRSTN,,,,Anderston Rail Station,,,,,,-,,,,,,,ES003921,Glasgow,,,,,,,1,UKOS,257960,665300,-4.27097904299,55.85989696643,RLY,,,,,,110,2006-09-08T14:30:00,2011-07-07T13:58:00,2,revise,active
9100ANERLEY,,,,Anerley Rail Station,,,,,,-,,,,,,,E0034067,Anerley,London,,,,,,1,UKOS,534605,169900,-0.06588583993,51.41215298564,RLY,,,,,,110,2006-09-08T14:30:00,2010-05-10T19:35:00,2,revise,active
9100ANGELRD,,,,Angel Road Rail Station,,,,,,-,,,,,,,E0034318,Upper Edmonton,London,,,,,,1,UKOS,535200,192200,-0.0487913406,51.61240492759,RLY,,,,,,110,2006-09-08T14:30:00,2025-05-13T14:37:00,3,revise,inactive
9100ANGMRNG,,,,Angmering Rail Station,,,,,,-,,,,,,,E0052055,Angmering,,,,,,,1,UKOS,506513,102979,-0.48939393986,50.81657531232,RLY,,,,,,110,2006-09-08T14:30:00,2007-09-26T13:00:00,1,revise,active
9100ANNAN,,,,Annan Rail Station,,,,,,-,,,,,,,ES000097,Annan,,,,,,,1,UKOS,319300,566200,-3.26258045813,54.98383526891,RLY,,,,,,110,2006-09-08T14:30:00,2007-09-26T13:00:00,1,revise,active
9100ANSDELL,,,,Ansdell & Fairhaven Rail Station,,,,,,-,,,,,,,E0015826,Ansdell,,,,,,,1,UKOS,334601,427689,-2.99303395065,53.74146228451,RLY,,,,,,110,2006-09-08T14:30:00,2009-10-15T16:28:00,2,revise,active
9100ANSL,,,,Anniesland Rail Station,,,,,,-,,,,,,,N0067986,Anniesland,Glasgow,,,,,,1,UKOS,254880,668683,-4.32195682994,55.88935027219,RLY,,,,,,110,2006-09-08T14:30:00,2011-07-07T15:02:00,3,revise,active
9100APBY,,,,Appleby Rail Station,,,,,,-,,,,,,,E0055511,Appleby-in-Westmorland,,,,,,,1,UKOS,368640,520680,-2.48669223087,54.58034642846,RLY,,,,,,110,2006-09-08T14:30:00,2007-09-26T13:00:00,1,revise,active
9100APDR,,,,Appledore (Kent) Rail Station,,,,,,-,,,,,,,E0047077,Appledore,,,,,,,1,UKOS,597566,129760,0.81634166033,51.03323728979,RLY,,,,,,110,2006-09-08T14:30:00,2007-09-26T13:00:00,1,revise,active
9100APERLYB,,,,Apperley Bridge Rail Station,,,,,,-,,,,,,,E0032193,Apperley Bridge,Bradford,,Apperley Bridge,,,,0,UKOS,419454,438429,-1.70582848003,53.84174897167,RLY,,,,,,110,2015-03-26T10:00:00,2015-03-26T10:14:00,1,revise,active
9100APLYBDG,,,,Appley Bridge Rail Station,,,,,,-,,,,,,,E0016457,Appley Bridge,,,,,,,1,UKOS,352475,409360,-2.71925209845,53.57867074359,RLY,,,,,,110,2006-09-08T14:30:00,2011-02-07T16:23:00,2,revise,active
9100APPLEFD,,,,Appleford Rail Station,,,,,,-,,,,,,,E0050416,Appleford,,,,,,,1,UKOS,452542,193698,-1.24214140361,51.63964121574,RLY,,,,,,110,2006-09-08T14:30:00,2007-09-26T13:00:00,1,revise,active
9100APSLEY,,,,Apsley Rail Station,,,,,,-,,,,,,,N0076177,Apsley,Hemel Hempstead,,,,,,1,UKOS,506245,204874,-0.46293473253,51.73252176017,RLY,,,,,,110,2006-09-08T14:30:00,2007-09-26T13:00:00,1,revise,active
9100ARBROTH,,,,Arbroath Rail Station,,,,,,-,,,,,,,ES000115,Arbroath,,,,,,,1,UKOS,363900,741000,-2.58893139426,56.559573741,RLY,,,,,,110,2006-09-08T14:30:00,2007-09-26T13:00:00,1,revise,active
9100ARCHRAT,,,,Arrochar & Tarbet Rail Station,,,,,,-,,,,,,,ES000155,Arrochar,,,,,,,1,UKOS,231200,704600,-4.72277004057,56.20397079227,RLY,,,,,,110,2006-09-08T14:30:00,2007-09-26T13:00:00,1,revise,active
9100ARDGAY,,,,Ardgay Rail Station,,,,,,-,,,,,,,N0067686,Ardgay,,,,,,,1,UKOS,260030,890446,-4.36208920609,57.88145239367,RLY,,,,,,110,2006-09-08T14:30:00,2010-02-25T14:32:00,2,revise,active
9100ARDLUI,,,,Ardlui Rail Station,,,,,,-,,,,,,,N0068330,Ardlui,,,,,,,1,UKOS,231700,715500,-4.72165737568,56.30196654417,RLY,,,,,,110,2006-09-08T14:30:00,2007-09-26T13:00:00,1,revise,active
9100ARDRSHB,,,,Ardrossan Harbour Rail Station,,,,,,-,,,,,,,ES000137,Ardrossan,,,,,,,1,UKOS,222540,642090,-4.82111037688,55.63987223045,RLY,,,,,,110,2006-09-08T14:30:00,2007-09-26T13:00:00,1,revise,active
9100ARDRSSB,,,,Ardrossan South Beach Rail Station,,,,,,-,,,,,,,ES000137,Ardrossan,,,,,,,1,UKOS,223799,642211,-4.80121139475,55.64141617387,RLY,,,,,,110,2006-09-08T14:30:00,2007-10-11T13:00:00,2,revise,active
9100ARDRSTN,,,,Ardrossan Town Rail Station,,,,,,-,,,,,,,ES000137,Ardrossan,,,,,,,1,UKOS,223070,642050,-4.81267519968,55.63970646967,RLY,,,,,,110,2006-09-08T14:30:00,2007-09-26T13:00:00,1,revise,active
9100ARDWICK,,,,Ardwick Rail Station,,,,,,-,,,,,,,E0028484,Ardwick,Manchester,,,,,,1,UKOS,385871,397223,-2.21432180977,53.47154982765,RLY,,,,,,110,2006-09-08T14:30:00,2008-12-24T15:11:00,2,revise,active
9100ARGYLST,,,,Argyle Street Rail Station,,,,,,-,,,,,,,ES003921,Glasgow,,,,,,,1,UKOS,259220,664970,-4.25069388384,55.8573039361,RLY,,,,,,110,2006-09-08T14:30:00,2010-10-13T14:35:00,2,revise,active
9100ARISAIG,,,,Arisaig Rail Station,,,,,,-,,,,,,,N0067742,Arisaig,,,,,,,1,UKOS,166400,786700,-5.83907767832,56.9125463927,RLY,,,,,,110,2006-09-08T14:30:00,2007-09-26T13:00:00,1,revise,active
9100ARLSEY,,,,Arlesey Rail Station,,,,,,-,,,,,,,E0043871,Arlesey,,,,,,,1,UKOS,519045,237820,-0.26631975935,52.02603126054,RLY,,,,,,110,2006-09-08T14:30:00,2007-09-26T13:00:00,1,revise,active
9100ARMDALE,,,,Armadale (W Lothian) Rail Station,,,,,,-,,,,,,,ES000310,Bathville,,,,,,,0,UKOS,294050,667140,-3.69541259893,55.88570975781,RLY,,,,,,110,2010-09-24T17:57:00,2010-10-01T10:31:00,2,revise,active
9100ARMTHWT,,,,Armathwaite Rail Station,,,,,,-,,,,,,,E0005740,Armathwaite,,,,,,,1,UKOS,350475,546340,-2.77207104301,54.80946514572,RLY,,,,,,110,2006-09-08T14:30:00,2011-03-07T14:24:00,2,revise,active
9100ARNSIDE,,,,Arnside Rail Station,,,,,,-,,,,,,,E0055515,Arnside,,,,,,,1,UKOS,346070,478870,-2.82824144558,54.20272857701,RLY,,,,,,110,2006-09-08T14:30:00,2011-03-07T14:25:00,2,revise,active
9100ARRAM,,,,Arram Rail Station,,,,,,-,,,,,,,E0036851,Arram,,,,,,,1,UKOS,503520,444275,-0.42657005177,53.88434367979,RLY,,,,,,110,2006-09-08T14:30:00,2011-05-23T15:07:00,2,revise,active
9100ARUNDEL,,,,Arundel Rail Station,,,,,,-,,,,,,,E0052056,Arundel,,,,,,,1,UKOS,502444,106417,-0.54617421767,50.84821482762,RLY,,,,,,110,2006-11-17T09:19:00,2007-09-26T13:00:00,1,revise,active
9100ASCOT,,,,Ascot Rail Station,,,,,,-,,,,,,,E0057282,Ascot,,,,,,,1,UKOS,492200,168300,-0.6758331694,51.40624365202,RLY,,,,,,110,2006-09-08T14:30:00,2007-09-26T13:00:00,1,revise,active
9100ASCTUWD,,,,Ascott-under-Wychwood Rail Station,,,,,,-,,,,,,,E0050485,Ascott-under-Wychwood,,,,,,,1,UKOS,430114,218841,-1.56405264014,51.86734078069,RLY,,,,,,110,2006-09-08T14:30:00,2007-09-26T13:00:00,1,revise,active
9100ASFDMSX,,,,Ashford (Surrey) Rail Station,,,,,,-,,,,,,,E0025624,Ashford,,,,,,,1,UKOS,506580,171947,-0.46807091587,51.43650719705,RLY,,,,,,110,2006-09-08T14:30:00,2007-09-26T13:00:00,1,revise,active
9100ASFIELD,,,,Ashfield Rail Station,,,,,,-,,,,,,,N0078795,Parkhouse,Glasgow,,,,,,1,UKOS,259427,668485,-4.24921411534,55.88892180962,RLY,,,,,,110,2006-09-08T14:30:00,2010-09-06T15:20:00,3,revise,active
9100ASHBRYS,,,,Ashburys Rail Station,,,,,,-,,,,,,,N0074883,Ashburys,West Gorton,,,,,,1,UKOS,387191,397229,-2.19443633042,53.47163781038,RLY,,,,,,110,2006-09-08T14:30:00,2008-12-24T15:12:00,2,revise,active
9100ASHCHRC,,,,Ashchurch for Tewkesbury Rail Station,,,,,,-,,,,,,,E0046648,Ashchurch,Tewkesbury,,,,,,1,UKOS,392630,233390,-2.10875994357,51.99890403964,RLY,,,,,,110,2006-11-17T09:19:00,2010-12-20T11:17:00,3,revise,active
9100ASHD,,,,Ashtead Rail Station,,,,,,-,,,,,,,E0025431,Ashtead,,,,,,,1,UKOS,518040,159000,-0.30757168547,51.31787379401,RLY,,,,,,110,2006-09-08T14:30:00,2011-02-07T16:38:00,2,revise,active
9100ASHFKY,,,,Ashford International Rail Station,,,,,,-,,,,,,,E0056015,Ashford,,,,,,,1,UKOS,601282,142204,0.87619737944,51.14370585721,RLY,,,,,,110,2006-09-08T14:30:00,2007-09-26T13:00:00,1,revise,active
9100ASHH,,,,Ash Rail Station,,,,,,-,,,,,,,E0051755,Ash,,,,,,,1,UKOS,489934,150834,-0.71280538722,51.24959731625,RLY,,,,,,110,2006-09-08T14:30:00,2007-09-26T13:00:00,1,revise,active
9100ASHLEY,,,,Ashley Rail Station,,,,,,-,,,,,,,E0044353,Ashley,,,,,,,1,UKOS,377370,384370,-2.34146042588,53.35572365976,RLY,,,,,,110,2006-09-08T14:30:00,2011-11-02T15:43:00,2,revise,active
9100ASHONUL,,,,Ashton-under-Lyne Rail Station,,,,,,-,,,,,,,E0028492,Ashton-under-Lyne,,,,,,,1,UKOS,393840,399400,-2.09431227099,53.49127288532,RLY,,,,,,110,2006-09-08T14:30:00,2008-12-24T15:13:00,2,revise,active
9100ASHUBUS,,,,Ashurst (Kent) - Bald Faced Stag PH,,,,,,-,,,,,,,N0074761,Ashurst,,,,,,,0,UKOS,551126,139040,0.15846441749,51.13070505637,BCQ,,,,,,110,2008-07-07T16:15:00,2009-08-21T13:15:00,2,revise,active
9100ASHURST,,,,Ashurst (Kent) Rail Station,,,,,,-,,,,,,,N0074761,Ashurst,,,,,,,1,UKOS,550726,138801,0.15265220319,51.12866279737,RLY,,,,,,110,2006-09-08T14:30:00,2008-05-14T13:29:00,2,revise,active
9100ASHVALE,,,,Ash Vale Rail Station,,,,,,-,,,,,,,E0025346,Ash Vale,,,,,,,1,UKOS,489273,153342,-0.72164850871,51.2722469404,RLY,,,,,,110,2006-09-08T14:30:00,2007-09-26T13:00:00,1,revise,active
9100ASHWELC,,,,Ashwell & Morden Rail Station,,,,,,-,,,,,,,E0001234,Odsey,,,,,,,1,UKOS,529770,238615,-0.10978883668,52.03077214672,RLY,,,,,,110,2006-09-08T14:30:00,2007-09-26T13:00:00,1,revise,active
9100ASKAM,,,,Askam Rail Station,,,,,,-,,,,,,,E0055496,Askam-in-Furness,,,,,,,1,UKOS,321500,477688,-3.20451119051,54.18892963805,RLY,,,,,,110,2006-09-08T14:30:00,2011-03-07T14:25:00,2,revise,active
9100ASLCKTN,,,,Aslockton Rail Station,,,,,,-,,,,,,,E0050190,Aslockton,,,,,,,1,UKOS,474130,339920,-0.89809752325,52.95154976132,RLY,,,,,,110,2006-09-08T14:30:00,2011-01-24T11:13:00,2,revise,active
9100ASPLEYG,,,,Aspley Guise Rail Station,,,,,,-,,,,,,,E0043872,Aspley Guise,,,,,,,1,UKOS,493944,236751,-0.63233442292,52.02123684616,RLY,,,,,,110,2006-09-08T14:30:00,2007-09-26T13:00:00,1,revise,active
9100ASPTRIA,,,,Aspatria Rail Station,,,,,,-,,,,,,,E0055486,Aspatria,,,,,,,1,UKOS,314390,541260,-3.33187360253,54.75895619255,RLY,,,,,,110,2006-09-08T14:30:00,2011-03-07T14:26:00,2,revise,active
9100ASTON,,,,Aston Rail Station,,,,,,-,,,,,,,E0031313,Aston,Birmingham,,,,,,1,UKOS,408790,289600,-1.87193353804,52.50423065769,RLY,,,,,,110,2006-09-08T14:30:00,2010-04-01T15:52:00,2,revise,active
9100ATADALE,,,,Attadale Rail Station,,,,,,-,,,,,,,N0067746,Attadale,,,,,,,1,UKOS,192456,839125,-5.45557705188,57.39503655976,RLY,,,,,,110,2006-09-08T14:30:00,2010-07-12T14:39:00,3,revise,active
9100ATHERTN,,,,Atherton Rail Station,,,,,,-,,,,,,,E0028727,Hag Fold,Atherton,,,,,,1,UKOS,368347,403716,-2.4789719932,53.5291438805,RLY,,,,,,110,2006-09-08T14:30:00,2009-05-01T11:44:00,3,revise,active
9100ATHRSTN,,,,Atherstone Rail Station,,,,,,-,,,,,,,E0051834,Atherstone,,,,,,,1,UKOS,430400,298000,-1.55281130806,52.57897120193,RLY,,,,,,110,2006-09-08T14:30:00,2007-09-26T13:00:00,1,revise,active
9100ATNBRO,,,,Attenborough Rail Station,,,,,,-,,,,,,,E0020497,Attenborough,,,,,,,1,UKOS,451790,334585,-1.23141548016,52.90621295338,RLY,,,,,,110,2006-09-08T14:30:00,2011-01-24T11:13:00,2,revise,active
9100ATTLBON,,,,Attleborough Rail Station,,,,,,-,,,,,,,E0048325,Attleborough,,,,,,,1,UKOS,605177,295033,1.02234774572,52.51454794364,RLY,,,,,,110,2006-09-08T14:30:00,2008-12-01T13:59:00,2,revise,active
9100AUDLEYE,,,,Audley End Rail Station,,,,,,-,,,,,,,E0011508,Audley End,,,,,,,1,UKOS,551610,236300,0.20730569075,52.00443983957,RLY,,,,,,110,2006-09-08T14:30:00,2012-08-17T10:06:00,2,revise,active
9100AVIEMRE,,,,Aviemore Rail Station,,,,,,-,,,,,,,ES000190,Aviemore,,,,,,,1,UKOS,289566,812339,-3.82886717842,57.18851180144,RLY,,,,,,110,2006-09-08T14:30:00,2010-02-25T14:41:00,2,revise,active
9100AVIGVIL,,,,Avignon Central Rail Station,,,,,,-,,,,,,,E0015169,Cheriton,Folkestone,,,,,,0,UKOS,637870,136000,1.39427359026,51.07399826344,RLY,,,,,,110,2012-02-03T13:22:00,2012-02-03T13:26:00,1,delete,inactive
9100AVNCLFF,,,,Avoncliff Rail Station,,,,,,-,,,,,,,E0027406,Avoncliff,,,,,,,1,UKOS,380500,160100,-2.28132527867,51.3396508457,RLY,,,,,,110,2006-09-08T14:30:00,2007-09-26T13:00:00,1,revise,active
9100AVONMTH,,,,Avonmouth Rail Station,,,,,,-,,,,,,,E0035565,Avonmouth,Bristol,,,,,,1,UKOS,351544,178168,-2.69946610827,51.50036215509,RLY,,,,,,110,2006-09-08T14:30:00,2009-01-19T11:28:00,2,revise,active
9100AXMNSTR,,,,Axminster Rail Station,,,,,,-,,,,,,,E0045218,Axminster,,,,,,,1,UKOS,329260,98225,-3.00472309727,50.77927120095,RLY,,,,,,110,2006-09-08T14:30:00,2010-10-05T14:52:00,2,revise,active
9100AYLESFD,,,,Aylesford Rail Station,,,,,,-,,,,,,,E0047337,Aylesford,,,,,,,1,UKOS,572017,158687,0.46617068355,51.301317844,RLY,,,,,,110,2006-09-08T14:30:00,2007-09-26T13:00:00,1,revise,active
9100AYLSBRY,,,,Aylesbury Rail Station,,,,,,-,,,,,,,E0000348,Aylesbury,,,,,,,1,UKOS,481779,213470,-0.81509590543,51.81389057916,RLY,,,,,,110,2006-09-08T14:30:00,2007-09-26T13:00:00,1,revise,active
9100AYLSPWY,,,,Aylesbury Vale Parkway Rail Station,,,,,,-,,,,,,,E0000348,Aylesbury,,,,,,,0,UKOS,478641,215341,-0.86018234228,51.83115901817,RLY,,,,,,110,2008-09-22T11:07:00,2008-09-22T11:12:00,2,revise,active
9100AYRR,,,,Ayr Rail Station,,,,,,-,,,,,,,ES000201,Ayr,,,,,,,1,UKOS,234060,621390,-4.62587561471,55.45814202618,RLY,,,,,,110,2006-09-08T14:30:00,2010-01-12T16:53:00,2,revise,active
9100BACHE,,,,Bache Rail Station,,,,,,-,,,,,,,E0044143,Bache,Chester,,,,,,1,UKOS,340545,368340,-2.89167004578,53.20878566244,RLY,,,,,,110,2006-09-08T14:30:00,2011-02-28T14:57:00,2,revise,active
9100BAGE,,,,Burnage Rail Station,,,,,,-,,,,,,,E0028653,Burnage,Manchester,,,,,,0,UKOS,385764,391618,-2.21567811439,53.42116681578,RLY,,,,,,110,2006-09-08T14:30:00,2010-05-17T13:55:00,3,revise,active
9100BAGSHOT,,,,Bagshot Rail Station,,,,,,-,,,,,,,E0025657,Bagshot,,,,,,,1,UKOS,491391,163627,-0.68866191091,51.36436751968,RLY,,,,,,110,2006-09-08T14:30:00,2007-09-26T13:00:00,1,revise,active
9100BAILDON,,,,Baildon Rail Station,,,,,,-,,,,,,,E0032216,Baildon,Shipley,,,,,,1,UKOS,416305,439360,-1.75363618902,53.85022428912,RLY,,,,,,110,2006-09-08T14:30:00,2010-07-23T13:53:00,2,revise,active
9100BALCOMB,,,,Balcombe Rail Station,,,,,,-,,,,,,,E0052187,Balcombe,,,,,,,1,UKOS,530670,130115,-0.13693367765,51.0555216567,RLY,,,,,,110,2006-09-08T14:30:00,2007-09-26T13:00:00,1,revise,active
9100BALDOCK,,,,Baldock Rail Station,,,,,,-,,,,,,,E0014045,Baldock,,,,,,,1,UKOS,524540,234264,-0.18756367372,51.99287120941,RLY,,,,,,110,2006-09-08T14:30:00,2007-09-26T13:00:00,1,revise,active
9100BALHAM,,,,Balham Rail Station,,,,,,-,,,,,,,E0034884,Balham,London,,,,,,1,UKOS,528500,173200,-0.15242441575,51.44322487289,RLY,,,,,,110,2006-09-08T14:30:00,2007-09-26T13:00:00,1,revise,active
9100BALISTN,,,,Baillieston Rail Station,,,,,,-,,,,,,,ES000227,Baillieston,Glasgow,,,,,,1,UKOS,267750,663275,-4.11369840014,55.84450099237,RLY,,,,,,110,2006-09-08T14:30:00,2011-08-22T14:05:00,2,revise,active
9100BALLOCH,,,,Balloch Rail Station,,,,,,-,,,,,,,N0067998,Balloch,,,,,,,1,UKOS,239000,681900,-4.5834854062,56.00293367261,RLY,,,,,,110,2006-09-08T14:30:00,2008-02-05T14:55:00,3,revise,active
9100BALMOSS,,,,Balmossie Rail Station,,,,,,-,,,,,,,ES002649,Monifieth,,,,,,,1,UKOS,348417,731698,-2.83895577579,56.47456561313,RLY,,,,,,110,2006-09-08T14:30:00,2007-10-11T13:00:00,2,revise,active
9100BAMFORD,,,,Bamford Rail Station,,,,,,-,,,,,,,E0045121,Bamford,,,,,,,1,UKOS,420800,382500,-1.68908172623,53.33899974575,RLY,,,,,,110,2006-09-08T14:30:00,2007-09-26T13:00:00,1,revise,active
9100BANAVIE,,,,Banavie Rail Station,,,,,,-,,,,,,,N0076371,Banavie,Fort William,,,,,,1,UKOS,211300,776700,-5.09542558529,56.84330826717,RLY,,,,,,110,2006-09-08T14:30:00,2008-02-05T14:56:00,2,revise,active
9100BANGOR,,,,Bangor (Gwynedd) Rail Station,,,,,,-,,,,,,,E0054265,Bangor,,,,,,,1,UKOS,257500,371600,-4.13587993187,53.22228257233,RLY,,,,,,110,2006-09-08T14:30:00,2007-09-26T13:00:00,1,revise,active
9100BANSBUS,,,,Banstead - Fir Tree Road,,,,,,-,,,,,,,E0025524,Banstead,,,,,,,0,UKOS,524735,160283,-0.21110215983,51.32797753927,BCQ,,,,,,110,2008-11-06T15:18:00,2009-08-21T13:15:00,2,revise,active
9100BANSTED,,,,Banstead Rail Station,,,,,,-,,,,,,,E0025524,Banstead,,,,,,,1,UKOS,524588,160432,-0.21315885243,51.32934884567,RLY,,,,,,110,2006-09-08T14:30:00,2007-09-26T13:00:00,1,revise,active
9100BARASIE,,,,Barassie Rail Station,,,,,,-,,,,,,,N0068003,Barassie,,,,,,,1,UKOS,232900,632900,-4.65113849796,55.56105870797,RLY,,,,,,110,2006-09-08T14:30:00,2008-02-05T15:10:00,2,revise,active
9100BARELA,,,,Bare Lane Rail Station,,,,,,-,,,,,,,E0015937,Bare,Morecambe,,,,,,1,UKOS,345439,464613,-2.83533041899,54.07454140233,RLY,,,,,,110,2006-09-08T14:30:00,2009-01-19T11:29:00,2,revise,active
9100BARGOED,,,,Bargoed Rail Station,,,,,,-,,,,,,,E0053973,Bargoed,,,,,,,1,UKOS,315100,200000,-3.22967955711,51.69230918463,RLY,,,,,,110,2006-09-08T14:30:00,2007-09-26T13:00:00,1,revise,active
9100BARKING,,,,Barking Rail Station,,,,,,-,,,,,,,N0059951,Barking,London,,,,,,1,UKOS,544410,184340,0.08090251386,51.53949471555,RLY,,,,,,110,2006-09-08T14:30:00,2010-05-10T19:35:00,2,revise,active
9100BARLSOP,,,,Barlaston Orchard Place,,,,,,-,,,,,,,E0051204,Barlaston,,,,,,,1,UKOS,388566,338288,-2.17158919957,52.94186038332,BCQ,,,,,,110,2006-09-08T14:30:00,2009-08-21T13:15:00,2,revise,active
9100BARLSTN,,,,Barlaston Rail Station,,,,,,-,,,,,,,E0051204,Barlaston,,,,,,,1,UKOS,388800,338400,-2.16811110844,52.942872159,RLY,,,,,,110,2006-09-08T14:30:00,2007-09-26T13:00:00,1,revise,active
9100BARMING,,,,Barming Rail Station,,,,,,-,,,,,,,E0047192,Barming,Maidstone,,,,,,1,UKOS,572970,156891,0.47895820334,51.28489519974,RLY,,,,,,110,2006-09-08T14:30:00,2007-09-26T13:00:00,1,revise,active
9100BARNES,,,,Barnes Rail Station,,,,,,-,,,,,,,E0034751,Barnes,London,,,,,,1,UKOS,522200,175700,-0.24216421148,51.46708608626,RLY,,,,,,110,2006-09-08T14:30:00,2010-05-10T19:36:00,2,revise,active
9100BAROW,,,,Barrow-in-Furness Rail Station,,,,,,-,,,,,,,E0055497,Barrow-in-Furness,,,,,,,1,UKOS,319955,469932,-3.22612033522,54.11900014196,RLY,,,,,,110,2006-09-08T14:30:00,2007-09-26T13:00:00,1,revise,active
9100BAROWOS,,,,Barrow upon Soar Rail Station,,,,,,-,,,,,,,E0047610,Barrow-upon-Soar,,,,,,,1,UKOS,457820,317200,-1.14484294012,52.74933565016,RLY,,,,,,110,2006-09-08T14:30:00,2009-01-19T11:29:00,2,revise,active
9100BARRY,,,,Barry Rail Station,,,,,,-,,,,,,,E0054751,Barry,,,,,,,1,UKOS,310700,167200,-3.28498436634,51.3967826006,RLY,,,,,,110,2006-09-08T14:30:00,2007-09-26T13:00:00,1,revise,active
9100BARRYDK,,,,Barry Docks Rail Station,,,,,,-,,,,,,,E0054751,Barry,,,,,,,1,UKOS,312400,167800,-3.26070334809,51.40244165557,RLY,,,,,,110,2006-09-08T14:30:00,2007-09-26T13:00:00,1,revise,active
9100BARRYIS,,,,Barry Island Rail Station,,,,,,-,,,,,,,E0054751,Barry,,,,,,,1,UKOS,311500,166700,-3.27336341989,51.39241342391,RLY,,,,,,110,2006-09-08T14:30:00,2007-09-26T13:00:00,1,revise,active
9100BARWHVN,,,,Barrow Haven Rail Station,,,,,,-,,,,,,,E0039845,Barrow Haven,,,,,,,1,UKOS,506200,423530,-0.39295515945,53.69742091892,RLY,,,,,,110,2006-09-08T14:30:00,2011-05-23T15:05:00,2,revise,active
9100BASILDN,,,,Basildon Rail Station,,,,,,-,,,,,,,N0076751,Basildon Town Centre,Basildon,,,,,,1,UKOS,570368,188330,0.4567889653,51.56810648734,RLY,,,,,,110,2006-09-08T14:30:00,2008-11-12T14:35:00,3,revise,active
9100BATABAL,,,,Bat & Ball Rail Station,,,,,,-,,,,,,,N0074762,Bat & Ball,Sevenoaks,,,,,,1,UKOS,553100,156800,0.19422757424,51.2897607812,RLY,,,,,,110,2006-09-08T14:30:00,2008-02-06T10:59:00,2,revise,active
9100BATHSPA,,,,Bath Spa Rail Station,,,,,,-,,,,,,,E0054812,Bath,,,,,,,1,UKOS,375248,164353,-2.35701815017,51.37768623236,RLY,,,,,,110,2006-09-08T14:30:00,2007-09-26T13:00:00,1,revise,active
9100BATLEY,,,,Batley Rail Station,,,,,,-,,,,,,,E0032235,Batley,,,,,,,1,UKOS,424985,423790,-1.6229524536,53.70994134066,RLY,,,,,,110,2006-09-08T14:30:00,2010-07-23T13:54:00,2,revise,active
9100BATRSPK,,,,Battersea Park Rail Station,,,,,,-,,,,,,,E0034886,Battersea,London,,,,,,1,UKOS,528745,176960,-0.14753343958,51.47695975247,RLY,,,,,,110,2006-09-08T14:30:00,2010-06-04T17:47:00,2,revise,active
9100BATTLE,,,,Battle Rail Station,,,,,,-,,,,,,,E0046064,Battle,,,,,,,1,UKOS,575470,115569,0.49470289462,50.91291557408,RLY,,,,,,110,2006-09-08T14:30:00,2007-09-26T13:00:00,1,revise,active
9100BAYFORD,,,,Bayford Rail Station,,,,,,-,,,,,,,E0046969,Bayford,,,,,,,1,UKOS,531537,208274,-0.09560993933,51.75771642993,RLY,,,,,,110,2006-09-08T14:30:00,2007-09-26T13:00:00,1,revise,active
9100BCHGRV,,,,Birchgrove Rail Station,,,,,,-,,,,,,,E0035811,Birchgrove,Cardiff,,,,,,1,UKOS,316711,180978,-3.20185323367,51.52155619109,RLY,,,,,,110,2006-09-08T14:30:00,2009-11-12T14:27:00,2,revise,active
9100BCKNHMH,,,,Beckenham Hill Rail Station,,,,,,-,,,,,,,E0034673,Southend,London,,,,,,1,UKOS,538040,171375,-0.01595103016,51.42458254863,RLY,,,,,,110,2006-09-08T14:30:00,2010-05-27T16:58:00,2,revise,active
9100BCKNHMJ,,,,Beckenham Junction Rail Station,,,,,,-,,,,,,,E0034069,Beckenham,London,,,,,,1,UKOS,537395,169850,-0.02581274155,51.41103510697,RLY,,,,,,110,2006-09-08T14:30:00,2010-05-10T19:37:00,2,revise,active
9100BCKNMJC,,,,Beckenham Junction Rail Station,,,,,,-,,,,,,,E0034069,Beckenham,London,,,,,,1,UKOS,537380,169865,-0.02602248016,51.41117353191,RLY,,,,,,110,2006-09-08T14:30:00,2010-05-10T19:37:00,4,revise,active
9100BCKWATR,,,,Blackwater Rail Station,,,,,,-,,,,,,,E0012972,Blackwater,,,,,,,1,UKOS,485320,159875,-0.77674093582,51.3315815812,RLY,,,,,,110,2006-09-08T14:30:00,2011-05-23T14:45:00,2,revise,active
9100BCKY,,,,Buckley Rail Station,,,,,,-,,,,,,,E0054229,Buckley,,,,,,,1,UKOS,329500,363400,-3.05592567548,53.16303579963,RLY,,,,,,110,2006-09-08T14:30:00,2007-09-26T13:00:00,1,revise,active
9100BCNGNOS,,,,Birchington-on-Sea Rail Station,,,,,,-,,,,,,,E0047329,Birchington-on-Sea,,,,,,,1,UKOS,629849,169444,1.30140859632,51.37749259491,RLY,,,,,,110,2006-09-08T14:30:00,2007-09-26T13:00:00,1,revise,active
9100BCNSFLD,,,,Beaconsfield Rail Station,,,,,,-,,,,,,,E0044070,Beaconsfield,,,,,,,1,UKOS,494004,191144,-0.64382219785,51.61129123735,RLY,,,,,,110,2006-09-08T14:30:00,2007-09-26T13:00:00,1,revise,active
9100BCSTN,,,,Bicester North Rail Station,,,,,,-,,,,,,,E0050254,Bicester,,,,,,,1,UKOS,458550,223112,-1.15038340304,51.90348276254,RLY,,,,,,110,2006-09-08T14:30:00,2007-09-26T13:00:00,1,revise,active
9100BCSTRTN,,,,Bicester Village Rail Station,,,,,,-,,,,,,,E0050254,Bicester,,,,,,,1,UKOS,458675,221950,-1.14876413306,51.8930234244,RLY,,,,,,110,2006-09-08T14:30:00,2015-05-15T12:39:00,3,revise,active
9100BCWD,,,,Bricket Wood Rail Station,,,,,,-,,,,,,,E0014165,Bricket Wood,,,,,,,1,UKOS,513482,202017,-0.35911496191,51.70542789111,RLY,,,,,,110,2006-09-08T14:30:00,2007-09-26T13:00:00,1,revise,active
9100BDHMNRD,,,,Bedhampton - New Road,,,,,,-,,,,,,,E0013031,Bedhampton,Havant,,,,,,0,UKOS,470818,106584,-0.99529215884,50.85444671113,BCQ,,,,,,110,2008-11-06T15:19:00,2009-08-21T13:15:00,2,revise,active
9100BDHMPTN,,,,Bedhampton Rail Station,,,,,,-,,,,,,,E0013031,Bedhampton,Havant,,,,,,1,UKOS,470781,106529,-0.99582833048,50.85395672389,RLY,,,,,,110,2006-11-17T09:19:00,2007-09-26T13:00:00,1,revise,active
9100BDMNSTR,,,,Bedminster Rail Station,,,,,,-,,,,,,,E0035570,Bedminster,Bristol,,,,,,1,UKOS,358800,171400,-2.594148945,51.44008788321,RLY,,,,,,110,2006-09-08T14:30:00,2007-09-26T13:00:00,1,revise,active
9100BDSTON,,,,Bidston Rail Station,,,,,,-,,,,,,,E0029611,Bidston,Birkenhead,,Wirral,,Bidston,,1,UKOS,328400,390800,-3.07856057923,53.40913653201,RLY,,,,,,110,2006-09-08T14:30:00,2007-09-26T13:00:00,1,revise,active
9100BEARLEY,,,,Bearley Rail Station,,,,,,-,,,,,,,E0051913,Bearley,,,,,,,1,UKOS,417149,260721,-1.75025528142,52.24441041943,RLY,,,,,,110,2006-11-17T09:19:00,2007-09-26T13:00:00,1,revise,active
9100BEASDAL,,,,Beasdale Rail Station,,,,,,-,,,,,,,N0078880,Beasdale,,,,,,,1,UKOS,170900,785000,-5.76380147353,56.89955381334,RLY,,,,,,110,2006-09-08T14:30:00,2010-07-13T15:20:00,2,revise,active
9100BEAULY,,,,Beauly Rail Station,,,,,,-,,,,,,,ES000322,Beauly,,,,,,,1,UKOS,252005,845807,-4.46986577748,57.47828254385,RLY,,,,,,110,2006-09-08T14:30:00,2010-02-25T14:37:00,2,revise,active
9100BEBNGTN,,,,Bebington Rail Station,,,,,,-,,,,,,,E0029606,Bebington,,,Wirral,,Bebington,,1,UKOS,333300,385000,-3.00363467306,53.35765385894,RLY,,,,,,110,2006-09-08T14:30:00,2007-09-26T13:00:00,1,revise,active
9100BECCLES,,,,Beccles Rail Station,,,,,,-,,,,,,,E0051699,Beccles,,,,,,,1,UKOS,642600,290500,1.56949356787,52.45852250008,RLY,,,,,,110,2006-09-08T14:30:00,2007-09-26T13:00:00,1,revise,active
9100BEDFDM,,,,Bedford Rail Station,,,,,,-,,,,,,,E0057294,Bedford,,,,,,,1,UKOS,504167,249744,-0.47944229968,52.13618736103,RLY,,,,,,110,2006-09-08T14:30:00,2007-09-26T13:00:00,1,revise,active
9100BEDWRTH,,,,Bedworth Rail Station,,,,,,-,,,,,,,E0056772,Bedworth,,,,,,,1,UKOS,436270,286952,-1.46739207733,52.47929669984,RLY,,,,,,110,2006-11-17T09:19:00,2007-09-26T13:00:00,1,revise,active
9100BEDYN,,,,Bedwyn Rail Station,,,,,,-,,,,,,,N0060590,Bedwyn,Great Bedwyn,,,,,,1,UKOS,428020,164586,-1.59878609614,51.37964003023,RLY,,,,,,110,2006-11-17T09:19:00,2007-09-26T13:00:00,1,revise,active
9100BEKSBRN,,,,Bekesbourne Rail Station,,,,,,-,,,,,,,E0014549,Bekesbourne,,,,,,,1,UKOS,618942,156029,1.13670784046,51.26135755917,RLY,,,,,,110,2006-09-08T14:30:00,2007-09-26T13:00:00,1,revise,active
9100BELM,,,,Belmont Rail Station,,,,,,-,,,,,,,E0034813,Belmont,London,,,,,,1,UKOS,525545,162065,-0.19885504531,51.34381479967,RLY,,,,,,110,2006-09-08T14:30:00,2010-05-10T19:38:00,2,revise,active
9100BELNGHM,,,,Bellingham Rail Station,,,,,,-,,,,,,,E0034654,Bellingham,London,,,,,,1,UKOS,537780,172295,-0.01933072445,51.43291305851,RLY,,,,,,110,2006-09-08T14:30:00,2010-05-10T19:38:00,2,revise,active
9100BELPER,,,,Belper Rail Station,,,,,,-,,,,,,,E0044948,Belper,,,,,,,1,UKOS,434808,347510,-1.48251034169,53.02375839072,RLY,,,,,,110,2006-09-08T14:30:00,2011-11-02T15:54:00,2,revise,active
9100BELVEDR,,,,Belvedere Rail Station,,,,,,-,,,,,,,E0033998,Belvedere,London,,,,,,1,UKOS,549515,179215,0.15228619059,51.49211820025,RLY,,,,,,110,2006-09-08T14:30:00,2010-05-10T19:39:00,2,revise,active
9100BEMPTON,,,,Bempton Rail Station,,,,,,-,,,,,,,E0052996,Bempton,,,,,,,1,UKOS,519000,471730,-0.18045676255,54.12765935378,RLY,,,,,,110,2006-09-08T14:30:00,2011-05-23T15:07:00,2,revise,active
9100BENFLET,,,,Benfleet Rail Station,,,,,,-,,,,,,,E0011153,South Benfleet,,,,,,,1,UKOS,577733,185893,0.56171347084,51.54394506572,RLY,,,,,,110,2006-09-08T14:30:00,2008-08-06T16:45:00,4,revise,active
9100BEREALS,,,,Bere Alston Rail Station,,,,,,-,,,,,,,E0008942,Bere Alston,,,,,,,1,UKOS,244000,67400,-4.20035447755,50.48559363649,RLY,,,,,,110,2006-09-08T14:30:00,2007-09-26T13:00:00,1,revise,active
9100BEREFRS,,,,Bere Ferrers Rail Station,,,,,,-,,,,,,,E0045585,Bere Ferrers,,,,,,,1,UKOS,245230,63545,-4.18143422984,50.45127694363,RLY,,,,,,110,2006-09-08T14:30:00,2010-10-05T14:53:00,2,revise,active
9100BERKHMD,,,,Berkhamsted Rail Station,,,,,,-,,,,,,,E0046949,Berkhamsted,,,,,,,1,UKOS,499336,208139,-0.56201289972,51.76313385488,RLY,,,,,,110,2006-09-08T14:30:00,2007-09-26T13:00:00,1,revise,active
9100BERMPRK,,,,Bermuda Park Rail Station,,,,,,-,,,,,,,E0026040,Nuneaton,,,,,,,1,UKOS,435927,289412,-1.47217759826,52.50143363291,RLY,,,,,,110,2016-09-24T00:00:00,2016-09-24T00:00:00,1,revise,active
9100BERRYB,,,,Berry Brow Rail Station,,,,,,-,,,,,,,E0032266,Berry Brow,Huddersfield,,,,,,1,UKOS,413761,413853,-1.7934320772,53.62104070101,RLY,,,,,,110,2006-09-08T14:30:00,2008-02-06T11:03:00,3,revise,active
9100BERWICK,,,,Berwick (Sussex) Rail Station,,,,,,-,,,,,,,E0046099,Berwick,,,,,,,1,UKOS,552603,106774,0.16601770049,50.84037829148,RLY,,,,,,110,2006-09-08T14:30:00,2007-09-26T13:00:00,1,revise,active
9100BESCRLA,,,,Bescar Lane Rail Station,,,,,,-,,,,,,,E0016465,Bescar Lane,,,,,,,1,UKOS,339605,414535,-2.91461053035,53.6238522682,RLY,,,,,,110,2006-09-08T14:30:00,2011-02-07T16:24:00,2,revise,active
9100BESJOHN,,,,Bedford St Johns Rail Station,,,,,,-,,,,,,,E0057294,Bedford,,,,,,,1,UKOS,505000,249015,-0.46750094804,52.1294781518,RLY,,,,,,110,2006-09-08T14:30:00,2007-09-26T13:00:00,1,revise,active
9100BESTON,,,,Beeston Rail Station,,,,,,-,,,,,,,E0020501,Beeston,,,,,,,1,UKOS,453370,336220,-1.20765788907,52.9207548099,RLY,,,,,,110,2007-02-23T12:00:00,2007-09-26T13:00:00,2,revise,active
9100BETSYCD,,,,Betws-y-Coed Rail Station,,,,,,-,,,,,,,E0054154,Betws-y-Coed,,,,,,,1,UKOS,279500,356500,-3.80086133617,53.09206645431,RLY,,,,,,110,2006-09-08T14:30:00,2007-09-26T13:00:00,1,revise,active
9100BEVERLY,,,,Beverley Rail Station,,,,,,-,,,,,,,E0036870,Beverley,,,,,,,1,UKOS,503860,439600,-0.42298004647,53.84227350937,RLY,,,,,,110,2006-09-08T14:30:00,2011-05-23T15:08:00,2,revise,active
9100BEXHILL,,,,Bexhill Rail Station,,,,,,-,,,,,,,E0010587,Bexhill,,,,,,,1,UKOS,574495,107536,0.47701670807,50.84104242608,RLY,,,,,,110,2006-09-08T14:30:00,2007-09-26T13:00:00,1,revise,active
9100BEXLEY,,,,Bexley Rail Station,,,,,,-,,,,,,,N0060491,Bexley,London,,,,,,1,UKOS,549380,173435,0.1479025861,51.44021947848,RLY,,,,,,110,2006-09-08T14:30:00,2010-05-10T19:40:00,2,revise,active
9100BGLAN,,,,Baglan Rail Station,,,,,,-,,,,,,,E0054410,Baglan,,,,,,,1,UKOS,274700,192300,-3.81113575452,51.6155407515,RLY,,,,,,110,2006-09-08T14:30:00,2007-09-26T13:00:00,1,revise,active
9100BGOALAN,,,,Bridge of Allan Rail Station,,,,,,-,,,,,,,N0071776,Bridge of Allan,,,,,,,1,UKOS,278530,697720,-3.95722851142,56.15663513682,RLY,,,,,,110,2006-09-08T14:30:00,2007-09-26T13:00:00,1,revise,active
9100BGRN,,,,Barnt Green Rail Station,,,,,,-,,,,,,,E0027540,Barnt Green,,,,,,,1,UKOS,400610,273670,-1.99246649605,52.36108826762,RLY,,,,,,110,2006-09-08T14:30:00,2007-09-26T13:00:00,1,revise,active
9100BHAMINT,,,,Birmingham International Rail Station,,,,,,-,,,,,,,N0072566,National Exhibition Centre,Solihull,,,,,,1,UKOS,418728,283685,-1.72585666561,52.45080697192,RLY,,,,,,110,2006-09-08T14:30:00,2007-09-26T13:00:00,1,revise,active
9100BHAMJEW,,,,Jewellery Quarter Rail Station,,,,,,-,,,,,,,N0072557,Jewellery Quarter,Birmingham,,,,,,1,UKOS,405990,287950,-1.91321274578,52.48943464536,RLY,,,,,,110,2006-09-08T14:30:00,2007-09-26T13:00:00,1,revise,active
9100BHAMMRS,,,,Birmingham Moor Street Rail Station,,,,,,-,,,,,,,E0057937,Birmingham,,,,,,,1,UKOS,407400,286800,-1.89247250732,52.4790792138,RLY,,,,,,110,2006-09-08T14:30:00,2007-09-26T13:00:00,1,revise,active
9100BHAMNWS,,,,Birmingham New Street Rail Station,,,,,,-,,,,,,,E0057937,Birmingham,,,,,,,1,UKOS,406875,286659,-1.900205346,52.47781838678,RLY,,,,,,110,2006-09-08T14:30:00,2013-05-02T14:10:00,3,revise,active
9100BHAMSNH,,,,Birmingham Snow Hill Rail Station,,,,,,-,,,,,,,E0057937,Birmingham,,,,,,,1,UKOS,406950,287275,-1.89908845865,52.48335525735,RLY,,,,,,110,2006-09-08T14:30:00,2010-01-04T11:50:00,2,revise,active
9100BHILLPK,,,,Bush Hill Park Rail Station,,,,,,-,,,,,,,E0034288,Bush Hill Park,Enfield,,,,,,1,UKOS,533700,195400,-0.06922103243,51.64151853929,RLY,,,,,,110,2006-09-08T14:30:00,2008-02-06T12:27:00,2,revise,active
9100BICKLEY,,,,Bickley Rail Station,,,,,,-,,,,,,,E0034072,Bickley,London,,,,,,1,UKOS,542370,168770,0.04524062672,51.40010421452,RLY,,,,,,110,2006-09-08T14:30:00,2010-05-10T19:40:00,2,revise,active
9100BIGLSWD,,,,Biggleswade Rail Station,,,,,,-,,,,,,,E0043876,Biggleswade,,,,,,,1,UKOS,519241,244351,-0.26118711415,52.08467984862,RLY,,,,,,110,2006-09-08T14:30:00,2007-09-26T13:00:00,1,revise,active
9100BILBROK,,,,Bilbrook Rail Station,,,,,,-,,,,,,,E0051174,Bilbrook,,,,,,,1,UKOS,387500,302900,-2.18608773615,52.62371783641,RLY,,,,,,110,2006-09-08T14:30:00,2007-09-26T13:00:00,1,revise,active
9100BILERCY,,,,Billericay Rail Station,,,,,,-,,,,,,,E0055765,Billericay,,,,,,,1,UKOS,567500,195000,0.41862972179,51.62888366054,RLY,,,,,,110,2006-09-08T14:30:00,2007-09-26T13:00:00,1,revise,active
9100BILSHST,,,,Billingshurst Rail Station,,,,,,-,,,,,,,E0052155,Billingshurst,,,,,,,1,UKOS,508803,125123,-0.45030215378,51.01520447652,RLY,,,,,,110,2006-09-08T14:30:00,2007-09-26T13:00:00,1,revise,active
9100BINGHAM,,,,Bingham Rail Station,,,,,,-,,,,,,,E0050192,Bingham,,,,,,,1,UKOS,470535,340160,-0.95154325118,52.954190664,RLY,,,,,,110,2006-09-08T14:30:00,2011-01-24T11:13:00,2,revise,active
9100BIRCHWD,,,,Birchwood Rail Station,,,,,,-,,,,,,,E0053799,Birchwood,Warrington,,,,,,1,UKOS,365180,390785,-2.525307884,53.41271814401,RLY,,,,,,110,2006-09-08T14:30:00,2011-03-24T16:47:00,2,revise,active
9100BIRKBCK,,,,Birkbeck Rail Station,,,,,,-,,,,,,,E0034067,Anerley,London,,,,,,1,UKOS,535335,169000,-0.05573865815,51.40389159871,RLY,,,,,,110,2006-09-08T14:30:00,2010-05-10T19:35:00,3,revise,active
9100BISHPTN,,,,Bishopton Rail Station,,,,,,-,,,,,,,ES000366,Bishopton,,,,,,,1,UKOS,243769,670509,-4.50048646597,55.90226398296,RLY,,,,,,110,2006-09-08T14:30:00,2014-11-11T10:13:00,2,revise,active
9100BISLND,,,,Burntisland Rail Station,,,,,,-,,,,,,,ES000511,Burntisland,,,,,,,1,UKOS,323300,685600,-3.23319774528,56.05708065767,RLY,,,,,,110,2006-09-08T14:30:00,2007-09-26T13:00:00,1,revise,active
9100BITERNE,,,,Bitterne Rail Station,,,,,,-,,,,,,,E0041975,Bitterne,Southampton,,,,,,1,UKOS,443890,113380,-1.37699947064,50.91822082344,RLY,,,,,,110,2006-11-17T09:19:00,2010-10-06T15:23:00,2,revise,active
9100BKDLE,,,,Birkdale Rail Station,,,,,,-,,,,,,,N0071047,Birkdale,Southport,,Sefton,,Birkdale,,1,UKOS,333018,415759,-3.01444960865,53.63404958229,RLY,,,,,,110,2006-09-08T14:30:00,2012-06-06T14:26:00,3,revise,active
9100BKHLS,,,,Brockholes Rail Station,,,,,,-,,,,,,,E0032354,Brockholes,Holmfirth,,,,,,1,UKOS,415340,411180,-1.76969121826,53.59697180598,RLY,,,,,,110,2006-09-08T14:30:00,2010-07-23T13:54:00,2,revise,active
9100BKNELL,,,,Bucknell Rail Station,,,,,,-,,,,,,,E0050717,Bucknell,,,,,,,1,UKOS,335577,273680,-2.9473778367,52.35737892022,RLY,,,,,,110,2006-09-08T14:30:00,2011-09-30T11:00:00,2,revise,active
9100BKNHRST,,,,Brockenhurst Rail Station,,,,,,-,,,,,,,E0046816,Brockenhurst,,,,,,,1,UKOS,430140,102008,-1.57353100271,50.81684095229,RLY,,,,,,110,2006-11-17T09:19:00,2007-09-26T13:00:00,1,revise,active
9100BKSWELL,,,,Berkswell Rail Station,,,,,,-,,,,,,,E0052807,Berkswell,Solihull,,,,,,1,UKOS,424400,277600,-1.6428402938,52.39588092817,RLY,,,,,,110,2006-09-08T14:30:00,2007-09-26T13:00:00,1,revise,active
9100BLAENAU,,,,Blaenau Ffestiniog Rail Station,,,,,,-,,,,,,,E0054958,Blaenau Ffestiniog,,,,,,,1,UKOS,269984,345894,-3.9385949296,52.99454837072,RLY,,,,,,110,2006-09-08T14:30:00,2007-09-26T13:00:00,1,revise,active
9100BLAIRHL,,,,Blairhill Rail Station,,,,,,-,,,,,,,N0068016,Blairhill,Coatbridge,,,,,,1,UKOS,272230,665585,-4.04329031236,55.86645081485,RLY,,,,,,110,2006-09-08T14:30:00,2011-08-22T14:09:00,3,revise,active
9100BLAKEDN,,,,Blakedown Rail Station,,,,,,-,,,,,,,E0028230,Blakedown,,,,,,,1,UKOS,388065,278725,-2.17686538073,52.40640078976,RLY,,,,,,110,2006-09-08T14:30:00,2011-11-02T16:01:00,3,revise,active
9100BLANTYR,,,,Blantyre Rail Station,,,,,,-,,,,,,,ES000394,Blantyre,,,,,,,1,UKOS,269265,657975,-4.08697074349,55.7973256008,RLY,,,,,,110,2006-09-08T14:30:00,2011-08-22T14:06:00,2,revise,active
9100BLARATH,,,,Blair Atholl Rail Station,,,,,,-,,,,,,,ES000385,Blair Atholl,,,,,,,1,UKOS,287000,765300,-3.85022795996,56.7655459781,RLY,,,,,,110,2006-09-08T14:30:00,2007-09-26T13:00:00,1,revise,active
9100BLAYDON,,,,Blaydon Rail Station,,,,,,-,,,,,,,E0030774,Blaydon,Gateshead,,,,,,1,UKOS,418500,563500,-1.71258069635,54.96578851561,RLY,,,,,,110,2006-09-08T14:30:00,2007-09-26T13:00:00,1,revise,active
9100BLCHSRD,,,,Blackhorse Road Rail Station,,,,,,-,,,,,,,N0077632,Blackhorse Road,Walthamstow,,,,,,1,UKOS,535800,189345,-0.04123566031,51.58660548252,RLY,,,,,,110,2006-09-08T14:30:00,2014-06-06T14:37:00,3,revise,active
9100BLCKPB,,,,Blackpool Pleasure Beach Rail Station,,,,,,-,,,,,,,N0079376,Pleasure Beach,Blackpool,,,,,,1,UKOS,330665,432919,-3.05387595473,53.78795223343,RLY,,,,,,110,2006-09-08T14:30:00,2014-02-05T16:33:00,3,revise,active
9100BLCKPLN,,,,Blackpool North Rail Station,,,,,,-,,,,,,,E0057144,Blackpool,,,,,,,1,UKOS,331024,436693,-3.04927465351,53.8219148148,RLY,,,,,,110,2006-09-08T14:30:00,2007-09-26T13:00:00,1,revise,active
9100BLCKS,,,,Blackpool South Rail Station,,,,,,-,,,,,,,E0057144,Blackpool,,,,,,,1,UKOS,331008,434110,-3.04893781212,53.79870074739,RLY,,,,,,110,2006-09-08T14:30:00,2009-10-15T16:29:00,2,revise,active
9100BLEASBY,,,,Bleasby Rail Station,,,,,,-,,,,,,,E0050115,Bleasby,,,,,,,1,UKOS,470920,349865,-0.94368743637,53.04136506073,RLY,,,,,,110,2006-09-08T14:30:00,2011-01-24T11:15:00,2,revise,active
9100BLFR,,,,London Blackfriars Rail Station,,,,,,-,,,,,,,N0077631,Blackfriars,London,,,,,,1,UKOS,531714,180914,-0.10333199189,51.5118097294,RLY,,,,,,110,2006-09-08T14:30:00,2007-09-26T13:00:00,1,revise,active
9100BLGRVE,,,,Bellgrove Rail Station,,,,,,-,,,,,,,N0076059,Gallowgate,Glasgow,,,,,,1,UKOS,260865,664850,-4.22437393276,55.85670421885,RLY,,,,,,110,2006-09-08T14:30:00,2011-07-07T13:58:00,4,revise,active
9100BLIEURD,,,,Beaulieu Road Rail Station,,,,,,-,,,,,,,E0046811,Beaulieu,,,,,,,1,UKOS,434957,106287,-1.50474946667,50.8550485949,RLY,,,,,,110,2006-11-17T09:19:00,2007-09-26T13:00:00,1,revise,active
9100BLKB,,,,Blackburn Rail Station,,,,,,-,,,,,,,E0057142,Blackburn,,,,,,,1,UKOS,368500,427900,-2.47912205167,53.74651607633,RLY,,,,,,110,2006-09-08T14:30:00,2007-09-26T13:00:00,1,revise,active
9100BLKHTH,,,,Blackheath Rail Station,,,,,,-,,,,,,,E0034656,Blackheath,London,,,,,,1,UKOS,539640,176005,0.00887195566,51.46579624108,RLY,,,,,,110,2006-09-08T14:30:00,2010-05-10T19:41:00,2,revise,active
9100BLKRDGE,,,,Blackridge Rail Station,,,,,,-,,,,,,,ES000380,Blackridge,,,,,,,0,UKOS,290582,667064,-3.75079666851,55.88425139381,RLY,,,,,,110,2010-09-24T18:00:00,2014-11-11T10:38:00,2,revise,active
9100BLKST,,,,Blake Street Rail Station,,,,,,-,,,,,,,E0031658,Hill Hook,,,,,,,1,UKOS,410600,300800,-1.84491438218,52.60488473632,RLY,,,,,,110,2006-09-08T14:30:00,2007-09-26T13:00:00,1,revise,active
9100BLLVUE,,,,Belle Vue Rail Station,,,,,,-,,,,,,,E0028538,Belle Vue,Manchester,,,,,,1,UKOS,388113,396196,-2.18050695949,53.46237460502,RLY,,,,,,110,2006-09-08T14:30:00,2008-12-24T15:14:00,2,revise,active
9100BLNDLAC,,,,Blundellsands & Crosby Rail Station,,,,,,-,,,,,,,E0029622,Blundellsands,Crosby,,Sefton,,Blundellsands,,1,UKOS,331100,399500,-3.03985977525,53.48768343484,RLY,,,,,,110,2006-09-08T14:30:00,2007-09-26T13:00:00,1,revise,active
9100BLNGHM,,,,Billingham Rail Station,,,,,,-,,,,,,,E0042054,Billingham,,,,,,,1,UKOS,446625,523620,-1.27971955308,54.60560609915,RLY,,,,,,110,2006-09-08T14:30:00,2010-04-01T15:57:00,3,revise,active
9100BLOXN,,,,Bloxwich North Rail Station,,,,,,-,,,,,,,E0031367,Bloxwich,Walsall,,,,,,1,UKOS,398900,303075,-2.01768436339,52.62543623428,RLY,,,,,,110,2006-09-08T14:30:00,2010-04-01T15:53:00,2,revise,active
9100BLOXWCH,,,,Bloxwich Rail Station,,,,,,-,,,,,,,E0031367,Bloxwich,Walsall,,,,,,1,UKOS,399320,302270,-2.01147782643,52.6182002707,RLY,,,,,,110,2006-09-08T14:30:00,2007-09-26T13:00:00,1,revise,active
9100BLRD,,,,Blackrod Rail Station,,,,,,-,,,,,,,E0052666,Blackrod,,,,,,,1,UKOS,362400,410700,-2.5695239431,53.59152198029,RLY,,,,,,110,2006-09-08T14:30:00,2007-09-26T13:00:00,1,revise,active
9100BLSHL,,,,Bellshill Rail Station,,,,,,-,,,,,,,ES000332,Bellshill,,,,,,,1,UKOS,273245,660055,-4.02449908366,55.81706346181,RLY,,,,,,110,2006-09-08T14:30:00,2011-08-22T14:09:00,2,revise,active
9100BLTCHLY,,,,Bletchley Rail Station,,,,,,-,,,,,,,E0039270,Bletchley,Milton Keynes,,,,,,1,UKOS,486859,233741,-0.73632041809,51.99533445318,RLY,,,,,,110,2006-09-08T14:30:00,2007-09-26T13:00:00,1,revise,active
9100BLTNODR,,,,Bolton-Upon-Dearne Rail Station,,,,,,-,,,,,,,E0030028,Bolton-upon-Dearne,,,,,,,1,UKOS,445745,402695,-1.31154602347,53.51894653477,RLY,,,,,,110,2006-09-08T14:30:00,2015-03-23T09:59:00,3,revise,active
9100BLTRNAB,,,,Beltring Rail Station,,,,,,-,,,,,,,N0078379,Beltring,,,,,,,1,UKOS,568000,147800,0.40349559627,51.20470872283,RLY,,,,,,110,2006-09-08T14:30:00,2008-07-14T10:41:00,3,revise,active
9100BLYBDGE,,,,Blythe Bridge Rail Station,,,,,,-,,,,,,,E0024077,Blythe Bridge,,,,,,,1,UKOS,395600,341200,-2.06696110809,52.96814226727,RLY,,,,,,110,2006-09-08T14:30:00,2007-09-26T13:00:00,1,revise,active
9100BMBRBDG,,,,Bamber Bridge Rail Station,,,,,,-,,,,,,,E0016409,Bamber Bridge,,,,,,,1,UKOS,356500,425810,-2.66077497771,53.72686651197,RLY,,,,,,110,2006-09-08T14:30:00,2011-02-07T16:25:00,2,revise,active
9100BMHL,,,,Bramhall Rail Station,,,,,,-,,,,,,,E0028595,Bramhall,,,,,,,1,UKOS,389210,384872,-2.16359260384,53.36061266009,RLY,,,,,,110,2006-09-08T14:30:00,2008-12-24T15:14:00,2,revise,active
9100BMLY,,,,Bramley (Hants) Rail Station,,,,,,-,,,,,,,E0046700,Bramley,,,,,,,1,UKOS,465518,159440,-1.06100267378,51.33029324397,RLY,,,,,,110,2006-11-17T09:19:00,2011-05-23T14:46:00,2,revise,active
9100BNBR,,,,Banbury Rail Station,,,,,,-,,,,,,,E0020676,Banbury,,,,,,,1,UKOS,446160,240427,-1.32813275692,52.06030818238,RLY,,,,,,110,2006-09-08T14:30:00,2007-09-26T13:00:00,1,revise,active
9100BNDON,,,,Brandon Rail Station,,,,,,-,,,,,,,E0051359,Brandon,,,,,,,1,UKOS,578447,287245,0.62473186797,52.4540074224,RLY,,,,,,110,2006-11-17T09:19:00,2008-02-06T11:24:00,2,revise,active
9100BNGY,,,,Bingley Rail Station,,,,,,-,,,,,,,E0032270,Bingley,,,,,,,1,UKOS,410800,439165,-1.83732228587,53.84861409196,RLY,,,,,,110,2006-09-08T14:30:00,2010-07-23T13:55:00,3,revise,active
9100BNHAM,,,,Burnham (Berks) Rail Station,,,,,,-,,,,,,,N0072218,Burnham,Slough,,,,,,1,UKOS,494008,181378,-0.64637373865,51.52350552292,RLY,,,,,,110,2006-09-08T14:30:00,2007-09-26T13:00:00,1,revise,active
9100BNHL,,,,Barnhill Rail Station,,,,,,-,,,,,,,N0076068,Petershill,Glasgow,,,,,,1,UKOS,261025,667160,-4.2230048768,55.87748980519,RLY,,,,,,110,2006-09-08T14:30:00,2011-07-07T14:06:00,3,revise,active
9100BNKHALL,,,,Bank Hall Rail Station,,,,,,-,,,,,,,E0029768,Kirkdale,Liverpool,,Liverpool,,Bankhall,,1,UKOS,334496,393867,-2.98751140146,53.43749336469,RLY,,,,,,110,2006-09-08T14:30:00,2008-11-12T15:09:00,3,revise,active
9100BNRHYDN,,,,Ben Rhydding Rail Station,,,,,,-,,,,,,,E0032264,Ben Rhydding,Ilkley,,,,,,1,UKOS,413400,447750,-1.79743005659,53.92571405189,RLY,,,,,,110,2006-09-08T14:30:00,2010-07-23T13:55:00,2,revise,active
9100BNSBDGE,,,,Barnes Bridge Rail Station,,,,,,-,,,,,,,E0034751,Barnes,London,,,,,,1,UKOS,521460,176230,-0.25263015589,51.47200852133,RLY,,,,,,110,2006-09-08T14:30:00,2010-05-10T19:37:00,2,revise,active
9100BNSD,,,,Burneside (Cumbria) Rail Station,,,,,,-,,,,,,,E0006170,Burneside,,,,,,,1,UKOS,350270,495765,-2.76667687806,54.35497977559,RLY,,,,,,110,2006-09-08T14:30:00,2011-03-07T14:26:00,2,revise,active
9100BNSLY,,,,Barnsley Rail Station,,,,,,-,,,,,,,N0077770,Barnsley,,,,,,,1,UKOS,434735,406535,-1.47716468299,53.5543007868,RLY,,,,,,110,2006-09-08T14:30:00,2014-02-05T16:32:00,3,revise,active
9100BNTBY,,,,Barnetby Rail Station,,,,,,-,,,,,,,E0053502,Barnetby le Wold,,,,,,,1,UKOS,505400,409900,-0.40967962623,53.57512099731,RLY,,,,,,110,2006-09-08T14:30:00,2011-05-23T15:05:00,2,revise,active
9100BNTEY,,,,Bentley (Hants) Rail Station,,,,,,-,,,,,,,E0046748,Bentley,,,,,,,1,UKOS,479211,143053,-0.86812680436,51.18123308303,RLY,,,,,,110,2006-11-17T09:19:00,2007-09-26T13:00:00,1,revise,active
9100BNTFORD,,,,Brentford Rail Station,,,,,,-,,,,,,,E0034526,Brentford,London,,,,,,1,UKOS,517460,177865,-0.30965091793,51.48754690635,RLY,,,,,,110,2006-09-08T14:30:00,2010-05-10T19:41:00,2,revise,active
9100BNTHAM,,,,Bentham Rail Station,,,,,,-,,,,,,,E0018431,High Bentham,,,,,,,1,UKOS,366715,468970,-2.51067615135,54.11551727945,RLY,,,,,,110,2006-09-08T14:30:00,2011-11-02T16:36:00,2,revise,active
9100BNWK,,,,Brunswick Rail Station,,,,,,-,,,,,,,E0029679,Dingle,Toxteth,,Liverpool,,City Centre,,1,UKOS,335173,387821,-2.97607686688,53.38324037885,RLY,,,,,,110,2006-09-08T14:30:00,2009-03-30T13:35:00,4,revise,active
9100BODMNPW,,,,Bodmin Parkway Rail Station,,,,,,-,,,,,,,E0044554,Bodmin,,,,,,,1,UKOS,211030,64058,-4.66292835108,50.44586275658,RLY,,,,,,110,2006-09-08T14:30:00,2007-09-26T13:00:00,1,revise,active
9100BODORGN,,,,Bodorgan Rail Station,,,,,,-,,,,,,,E0054329,Bodorgan,,,,,,,1,UKOS,238600,370200,-4.41800318822,53.20430193864,RLY,,,,,,110,2006-09-08T14:30:00,2007-09-26T13:00:00,1,revise,active
9100BOGNORR,,,,Bognor Regis Rail Station,,,,,,-,,,,,,,E0052059,Bognor Regis,,,,,,,1,UKOS,493415,99389,-0.67617820083,50.78655905574,RLY,,,,,,110,2006-11-17T09:19:00,2007-09-26T13:00:00,1,revise,active
9100BOGSTON,,,,Bogston Rail Station,,,,,,-,,,,,,,N0072852,Bogston,Port Glasgow,,,,,,1,UKOS,230738,674875,-4.71140097637,55.93704156552,RLY,,,,,,110,2006-09-08T14:30:00,2008-02-06T11:20:00,3,revise,active
9100BOLTON,,,,Bolton Rail Station,,,,,,-,,,,,,,E0057777,Bolton,,,,,,,1,UKOS,371900,408700,-2.42582463782,53.57414325233,RLY,,,,,,110,2006-09-08T14:30:00,2010-06-04T11:57:00,2,revise,active
9100BOMO,,,,Bournemouth Rail Station,,,,,,-,,,,,,,E0057149,Bournemouth,,,,,,,1,UKOS,409660,91970,-1.86450294675,50.72727332144,RLY,,,,,,110,2006-09-08T14:30:00,2011-01-24T11:15:00,2,revise,active
9100BOOKHAM,,,,Bookham Rail Station,,,,,,-,,,,,,,E0025483,Little Bookham,,,,,,,1,UKOS,512784,155640,-0.38402060641,51.28873865847,RLY,,,,,,110,2006-09-08T14:30:00,2010-02-10T15:07:00,2,revise,active
9100BOORCHY,,,,Bridge of Orchy Rail Station,,,,,,-,,,,,,,N0072641,Bridge Of Orchy,,,,,,,1,UKOS,230100,739400,-4.76299278027,56.5158669878,RLY,,,,,,110,2006-09-08T14:30:00,2007-09-26T13:00:00,1,revise,active
9100BOOTLE,,,,Bootle (Cumbria) Rail Station,,,,,,-,,,,,,,E0044763,Bootle,,,,,,,1,UKOS,309370,489305,-3.39386164194,54.29130200795,RLY,,,,,,110,2006-09-08T14:30:00,2010-09-24T18:19:00,2,revise,active
9100BOOTLNS,,,,Bootle New Strand Rail Station,,,,,,-,,,,,,,E0029625,Bootle,,,Sefton,,Bootle,,1,UKOS,334040,395642,-2.99474724324,53.45338857285,RLY,,,,,,110,2006-09-08T14:30:00,2008-11-12T15:12:00,2,revise,active
9100BOOTLOR,,,,Bootle Oriel Road Rail Station,,,,,,-,,,,,,,E0029625,Bootle,,,Sefton,,Bootle,,1,UKOS,333964,394890,-2.9957333951,53.44662072206,RLY,,,,,,110,2006-09-08T14:30:00,2008-11-12T15:13:00,2,revise,active
9100BORGSTM,,,,Bourg Saint Maurice Rail Station,,,,,,-,,,,,,,E0015169,Cheriton,Folkestone,,,,,,0,UKOS,637880,136000,1.39441607446,51.07399412193,RLY,,,,,,110,2012-02-03T13:23:00,2012-02-03T13:26:00,1,delete,inactive
9100BORNEND,,,,Bourne End Rail Station,,,,,,-,,,,,,,E0000660,Bourne End,,,,,,,1,UKOS,489456,187260,-0.71047346012,51.57711790146,RLY,,,,,,110,2006-09-08T14:30:00,2007-09-26T13:00:00,1,revise,active
9100BORTH,,,,Borth Rail Station,,,,,,-,,,,,,,E0054106,Borth,,,,,,,1,UKOS,260900,290100,-4.05017619082,52.49102699728,RLY,,,,,,110,2006-09-08T14:30:00,2007-09-26T13:00:00,1,revise,active
9100BORWGAW,,,,Borough Green & Wrotham Rail Station,,,,,,-,,,,,,,E0047339,Borough Green,,,,,,,1,UKOS,560898,157424,0.30624506129,51.29321924328,RLY,,,,,,110,2006-09-08T14:30:00,2007-09-26T13:00:00,1,revise,active
9100BOSHAM,,,,Bosham Rail Station,,,,,,-,,,,,,,E0026403,Bosham,,,,,,,1,UKOS,481246,105435,-0.84743114151,50.84274761945,RLY,,,,,,110,2006-09-08T14:30:00,2008-05-09T14:51:00,3,revise,active
9100BOSTON,,,,Boston Rail Station,,,,,,-,,,,,,,E0056213,Boston,,,,,,,1,UKOS,532301,344118,-0.03100315227,52.9780899418,RLY,,,,,,110,2006-09-08T14:30:00,2007-09-26T13:00:00,1,revise,active
9100BOTESFD,,,,Bottesford Rail Station,,,,,,-,,,,,,,E0047759,Bottesford,,,,,,,1,UKOS,481080,339260,-0.79484261942,52.94461452172,RLY,,,,,,110,2006-09-08T14:30:00,2011-09-30T11:00:00,2,revise,active
9100BOTLEY,,,,Botley Rail Station,,,,,,-,,,,,,,E0046786,Botley,,,,,,,1,UKOS,452170,113260,-1.25923637574,50.91645426939,RLY,,,,,,110,2006-09-08T14:30:00,2011-05-23T14:46:00,2,revise,active
9100BOURNVL,,,,Bournville Rail Station,,,,,,-,,,,,,,E0031377,Bournville,Birmingham,,,,,,1,UKOS,405100,281000,-1.9264238296,52.42696311913,RLY,,,,,,110,2006-09-08T14:30:00,2007-09-26T13:00:00,1,revise,active
9100BOWBRKH,,,,Bow Brickhill Rail Station,,,,,,-,,,,,,,E0053441,Bow Brickhill,,,,,,,1,UKOS,489604,234787,-0.69607774698,52.00430073159,RLY,,,,,,110,2006-09-08T14:30:00,2007-09-26T13:00:00,1,revise,active
9100BOWESPK,,,,Bowes Park Rail Station,,,,,,-,,,,,,,E0034415,Wood Green,London,,,,,,1,UKOS,530245,191470,-0.12058187383,51.60701187896,RLY,,,,,,110,2006-09-08T14:30:00,2010-06-04T18:05:00,2,revise,active
9100BOWLING,,,,Bowling Rail Station,,,,,,-,,,,,,,N0068020,Bowling,,,,,,,1,UKOS,244300,673700,-4.49384152578,55.93107940601,RLY,,,,,,110,2006-09-08T14:30:00,2007-09-26T13:00:00,1,revise,active
9100BOXHAWH,,,,Box Hill & Westhumble Rail Station,,,,,,-,,,,,,,E0025438,Box Hill,,,,,,,1,UKOS,516744,151865,-0.32848987487,51.25401185327,RLY,,,,,,110,2006-09-08T14:30:00,2012-06-26T13:59:00,2,revise,active
9100BOXHBUS,,,,Boxhill - Burford Bridge Hotel,,,,,,-,,,,,,,E0025438,Box Hill,,,,,,,0,UKOS,517128,151890,-0.32298166191,51.25415788454,BCQ,,,,,,110,2008-03-28T11:41:00,2009-08-21T13:15:00,4,revise,active
9100BRACKNL,,,,Bracknell Rail Station,,,,,,-,,,,,,,E0057151,Bracknell,,,,,,,1,UKOS,486910,168969,-0.75170356103,51.41309188829,RLY,,,,,,110,2006-09-08T14:30:00,2007-09-26T13:00:00,1,revise,active
9100BRADFS,,,,Bradford Forster Square Rail Station,,,,,,-,,,,,,,E0057948,Bradford,,,,,,,1,UKOS,416370,433430,-1.7529615389,53.79692441269,RLY,,,,,,110,2006-09-08T14:30:00,2007-09-26T13:00:00,1,revise,active
9100BRADIN,,,,Bradford Interchange Rail Station,,,,,,-,,,,,,,E0057948,Bradford,,,,,,,1,UKOS,416594,432780,-1.74959570123,53.7910752487,RLY,,,,,,110,2006-09-08T14:30:00,2007-09-26T13:00:00,1,revise,active
9100BRAINFP,,,,Braintree Freeport Rail Station,,,,,,-,,,,,,,E0055768,Braintree,,,,,,,1,UKOS,576925,222100,0.56843481453,51.86941613819,RLY,,,,,,110,2006-09-08T14:30:00,2010-10-06T14:29:00,4,revise,active
9100BRAINTR,,,,Braintree Rail Station,,,,,,-,,,,,,,E0055768,Braintree,,,,,,,1,UKOS,576093,222736,0.55668710811,51.87539168378,RLY,,,,,,110,2006-11-17T09:19:00,2007-09-26T13:00:00,1,revise,active
9100BRAMPTN,,,,Brampton (Suffolk) Rail Station,,,,,,-,,,,,,,E0051703,Brampton,,,,,,,1,UKOS,641200,283400,1.54381076638,52.39543504347,RLY,,,,,,110,2006-09-08T14:30:00,2007-09-26T13:00:00,1,revise,active
9100BRANKSM,,,,Branksome Rail Station,,,,,,-,,,,,,,E0040676,Branksome Park,Poole,,,,,,1,UKOS,405760,91930,-1.91975819978,50.72696460406,RLY,,,,,,110,2006-09-08T14:30:00,2011-01-24T11:15:00,2,revise,active
9100BRBCNLT,,,,Barbican Rail Station,,,,,,-,,,,,,,N0065116,Barbican,London,,,,,,1,UKOS,532100,181800,-0.09744109792,51.51968171888,RLY,,,,,,110,2006-09-08T14:30:00,2009-03-27T13:18:00,6,delete,inactive
9100BRBM,,,,Broadbottom Rail Station,,,,,,-,,,,,,,E0028610,Broadbottom,,,,,,,1,UKOS,399000,393800,-2.01652076989,53.44097376628,RLY,,,,,,110,2006-09-08T14:30:00,2007-09-26T13:00:00,1,revise,active
9100BRBY,,,,Brondesbury Rail Station,,,,,,-,,,,,,,E0034038,Brondesbury,London,,,,,,1,UKOS,524755,184450,-0.20230865493,51.5451656923,RLY,,,,,,110,2006-09-08T14:30:00,2010-05-10T19:44:00,3,revise,active
9100BRBYPK,,,,Brondesbury Park Rail Station,,,,,,-,,,,,,,E0034039,Brondesbury Park,London,,,,,,1,UKOS,524225,183940,-0.21012758605,51.54069912107,RLY,,,,,,110,2006-09-08T14:30:00,2010-05-10T19:44:00,2,revise,active
9100BRDFDOA,,,,Bradford-on-Avon Rail Station,,,,,,-,,,,,,,E0052425,Bradford-on-Avon,,,,,,,1,UKOS,382522,160678,-2.25232664173,51.34491417881,RLY,,,,,,110,2006-11-17T09:19:00,2007-09-26T13:00:00,1,revise,active
9100BRDGWTR,,,,Bridgwater Rail Station,,,,,,-,,,,,,,E0022503,Bridgwater,,,,,,,1,UKOS,330790,136975,-2.9904054773,51.12785633979,RLY,,,,,,110,2006-09-08T14:30:00,2010-07-23T14:15:00,2,revise,active
9100BRDING,,,,Brading Rail Station,,,,,,-,,,,,,,E0053402,Brading,,,,,,,1,UKOS,460950,86877,-1.13872233248,50.67837192899,RLY,,,,,,110,2006-09-08T14:30:00,2007-09-26T13:00:00,1,revise,active
9100BRDLNGT,,,,Bridlington Rail Station,,,,,,-,,,,,,,E0036880,Bridlington,,,,,,,1,UKOS,517930,466857,-0.1987203099,54.08413126708,RLY,,,,,,110,2006-09-08T14:30:00,2007-09-26T13:00:00,2,revise,active
9100BRDNML,,,,Bardon Mill Rail Station,,,,,,-,,,,,,,E0049965,Bardon Mill,,,,,,,1,UKOS,377918,564486,-2.34650443635,54.97449361588,RLY,,,,,,110,2006-09-08T14:30:00,2007-09-26T13:00:00,1,revise,active
9100BRDS,,,,Bordesley Rail Station,,,,,,-,,,,,,,E0031371,Bordesley,Birmingham,,,,,,1,UKOS,408400,286000,-1.87776863413,52.47187299411,RLY,,,,,,110,2006-09-08T14:30:00,2007-09-26T13:00:00,1,revise,active
9100BREDBRY,,,,Bredbury Rail Station,,,,,,-,,,,,,,E0028600,Bredbury,,,,,,,1,UKOS,392755,391823,-2.11048803686,53.42315332003,RLY,,,,,,110,2006-09-08T14:30:00,2008-12-24T15:14:00,3,revise,active
9100BREICH,,,,Breich Rail Station,,,,,,-,,,,,,,N0067241,Breich,,,,,,,1,UKOS,295600,660600,-3.66812513594,55.8273122529,RLY,,,,,,110,2006-09-08T14:30:00,2008-02-06T11:26:00,3,revise,active
9100BRFRY,,,,Broughty Ferry Rail Station,,,,,,-,,,,,,,ES000481,Broughty Ferry,,,,,,,1,UKOS,346300,730900,-2.8731522977,56.46716024792,RLY,,,,,,110,2006-09-08T14:30:00,2007-09-26T13:00:00,1,revise,active
9100BRFT,,,,Broomfleet Rail Station,,,,,,-,,,,,,,E0053007,Broomfleet,,,,,,,1,UKOS,487700,427910,-0.67182831364,53.74020822243,RLY,,,,,,110,2006-09-08T14:30:00,2011-05-23T15:08:00,2,revise,active
9100BRGDDIE,,,,Bargeddie Rail Station,,,,,,-,,,,,,,ES000288,Bargeddie,,,,,,,1,UKOS,270270,663955,-4.07380735225,55.8512912908,RLY,,,,,,110,2006-09-08T14:30:00,2011-08-22T14:08:00,2,revise,active
9100BRGEND,,,,Bridgend Rail Station,,,,,,-,,,,,,,E0053952,Bridgend,,,,,,,1,UKOS,290769,179848,-3.57527568317,51.50697351056,RLY,,,,,,110,2006-09-08T14:30:00,2007-09-26T13:00:00,1,revise,active
9100BRGG,,,,Brigg Rail Station,,,,,,-,,,,,,,E0055057,Brigg,,,,,,,1,UKOS,500400,406900,-0.48612467657,53.54914509776,RLY,,,,,,110,2006-09-08T14:30:00,2007-09-26T13:00:00,1,revise,active
9100BRGHBUS,,,,London Road Brighton - Ditchling Rise,,,,,,-,,,,,,,E0057155,Brighton,,,,,,,0,UKOS,531330,105724,-0.13630941318,50.8361562076,BCQ,,,,,,110,2008-11-06T15:30:00,2009-08-21T13:15:00,2,revise,active
9100BRGHLRD,,,,London Road (Brighton) Rail Station,,,,,,-,,,,,,,E0057155,Brighton,,,,,,,1,UKOS,531315,105780,-0.1365022651,50.83666292105,RLY,,,,,,110,2006-09-08T14:30:00,2007-09-26T13:00:00,1,revise,active
9100BRGHTN,,,,Brighton Rail Station,,,,,,-,,,,,,,E0057155,Brighton,,,,,,,1,UKOS,531000,104920,-0.14128028305,50.82900477107,RLY,,,,,,110,2006-09-08T14:30:00,2010-10-01T10:47:00,3,revise,active
9100BRHD,,,,Barrhead Rail Station,,,,,,-,,,,,,,ES000295,Barrhead,,,,,,,1,UKOS,249840,659320,-4.39728326663,55.80375299006,RLY,,,,,,110,2006-09-08T14:30:00,2007-09-26T13:00:00,1,revise,active
9100BRHM,,,,Barnham Rail Station,,,,,,-,,,,,,,E0052057,Barnham,,,,,,,1,UKOS,495897,104367,-0.63967987064,50.83090652593,RLY,,,,,,110,2006-09-08T14:30:00,2007-09-26T13:00:00,1,revise,active
9100BRHOUSE,,,,Brighouse Rail Station,,,,,,-,,,,,,,E0032345,Brighouse,,,,,,,1,UKOS,414660,422440,-1.77943883658,53.69819729483,RLY,,,,,,110,2006-09-08T14:30:00,2007-09-26T13:00:00,1,revise,active
9100BRIDGTN,,,,Bridgeton Rail Station,,,,,,-,,,,,,,N0068025,Bridgeton,Glasgow,,,,,,1,UKOS,260732,663992,-4.22605627862,55.8489625955,RLY,,,,,,110,2006-09-08T14:30:00,2011-07-07T13:52:00,3,revise,active
9100BRIERFL,,,,Brierfield Rail Station,,,,,,-,,,,,,,E0016043,Brierfield,,,,,,,1,UKOS,384530,436438,-2.23648991236,53.82398039818,RLY,,,,,,110,2006-09-08T14:30:00,2011-02-07T16:25:00,2,revise,active
9100BRIMSDN,,,,Brimsdown Rail Station,,,,,,-,,,,,,,E0034284,Brimsdown,London,,,,,,1,UKOS,536315,197035,-0.03081734996,51.65558336605,RLY,,,,,,110,2006-09-08T14:30:00,2010-05-10T19:42:00,2,revise,active
9100BRITFRY,,,,Briton Ferry Rail Station,,,,,,-,,,,,,,E0054414,Briton Ferry,,,,,,,1,UKOS,274200,194800,-3.81925224618,51.6378959702,RLY,,,,,,110,2006-09-08T14:30:00,2007-09-26T13:00:00,1,revise,active
9100BRITHDR,,,,Brithdir Rail Station,,,,,,-,,,,,,,E0035691,Brithdir,,,,,,,1,UKOS,315200,202000,-3.22872020561,51.7103024867,RLY,,,,,,110,2006-09-08T14:30:00,2007-09-26T13:00:00,1,revise,active
9100BRIXTON,,,,Brixton Rail Station,,,,,,-,,,,,,,E0034628,Brixton,London,,,,,,1,UKOS,531100,175500,-0.11418339852,51.46329892555,RLY,,,,,,110,2006-09-08T14:30:00,2007-09-26T13:00:00,1,revise,active
9100BRKMNPK,,,,Brookmans Park Rail Station,,,,,,-,,,,,,,E0014307,Brookmans Park,,,,,,,1,UKOS,524119,204007,-0.20454864997,51.72106176439,RLY,,,,,,110,2006-09-08T14:30:00,2007-09-26T13:00:00,1,revise,active
9100BRKNCPK,,,,Conway Park Rail Station,,,,,,-,,,,,,,E0029614,Birkenhead,,,Wirral,,Birkenhead,,1,UKOS,332090,388990,-3.02267078544,53.39335835082,RLY,,,,,,110,2006-09-08T14:30:00,2007-09-26T13:00:00,1,revise,active
9100BRKNHDC,,,,Birkenhead Central Rail Station,,,,,,-,,,,,,,E0029614,Birkenhead,,,Wirral,,Birkenhead,,1,UKOS,332205,388427,-3.02082065372,53.38831339142,RLY,,,,,,110,2006-09-08T14:30:00,2008-11-12T15:11:00,2,revise,active
9100BRKNHDN,,,,Birkenhead North Rail Station,,,,,,-,,,,,,,E0029614,Birkenhead,,,Wirral,,Birkenhead,,1,UKOS,329790,390256,-3.05753314281,53.40443464169,RLY,,,,,,110,2006-09-08T14:30:00,2008-11-12T15:11:00,2,revise,active
9100BRKNHDP,,,,Birkenhead Park Rail Station,,,,,,-,,,,,,,E0029615,Birkenhead Park,Birkenhead,,Wirral,,Birkenhead,,1,UKOS,331004,389456,-3.0391007784,53.39740532129,RLY,,,,,,110,2006-09-08T14:30:00,2008-11-12T15:09:00,2,revise,active
9100BRKWOOD,,,,Brookwood Rail Station,,,,,,-,,,,,,,E0025889,Brookwood,,,,,,,1,UKOS,495200,156954,-0.63574781605,51.30375792694,RLY,,,,,,110,2006-09-08T14:30:00,2007-09-26T13:00:00,1,revise,active
9100BRLANDS,,,,Berrylands Rail Station,,,,,,-,,,,,,,N0060702,Berrylands,London,,,,,,1,UKOS,519700,168070,-0.28071358953,51.39904518396,RLY,,,,,,110,2006-09-08T14:30:00,2007-09-26T13:00:00,1,revise,active
9100BRLEYPK,,,,Burley Park Rail Station,,,,,,-,,,,,,,E0032379,Burley,Leeds,,,,,,1,UKOS,427900,435165,-1.57776751798,53.8120301786,RLY,,,,,,110,2006-09-08T14:30:00,2010-07-23T13:56:00,2,revise,active
9100BRMB,,,,Bromborough Rail Station,,,,,,-,,,,,,,E0029637,Bromborough,,,Wirral,,Bromborough,,1,UKOS,334359,381001,-2.98689536144,53.32184635744,RLY,,,,,,110,2006-09-08T14:30:00,2008-11-12T15:15:00,2,revise,active
9100BRMBRK,,,,Bromborough Rake Rail Station,,,,,,-,,,,,,,E0029637,Bromborough,,,Wirral,,Bromborough,,1,UKOS,334200,381900,-2.98946892637,53.32990619305,RLY,,,,,,110,2006-09-08T14:30:00,2007-09-26T13:00:00,1,revise,active
9100BRMCRSS,,,,Bromley Cross Rail Station,,,,,,-,,,,,,,E0028618,Bromley Cross,,,,,,,1,UKOS,372914,413133,-2.41089878029,53.61404075006,RLY,,,,,,110,2006-09-08T14:30:00,2008-12-24T15:15:00,2,revise,active
9100BRMLYSR,,,,Bramley (West Yorks) Rail Station,,,,,,-,,,,,,,E0032334,Bramley,Leeds,,,,,,1,UKOS,423990,434400,-1.63720617396,53.80534873272,RLY,,,,,,110,2006-09-08T14:30:00,2010-07-23T13:56:00,2,revise,active
9100BRMOUTH,,,,Barmouth Rail Station,,,,,,-,,,,,,,E0054266,Barmouth,,,,,,,1,UKOS,261200,315900,-4.05659575006,52.72289056744,RLY,,,,,,110,2006-09-08T14:30:00,2007-09-26T13:00:00,1,revise,active
9100BRMPTNC,,,,Brampton (Cumbria) Rail Station,,,,,,-,,,,,,,E0055500,Brampton,,,,,,,1,UKOS,355055,559972,-2.7029471921,54.93239027981,RLY,,,,,,110,2006-09-08T14:30:00,2011-03-07T14:26:00,2,revise,active
9100BRMSGRV,,,,Bromsgrove Rail Station,,,,,,-,,,,,,,E0057705,Bromsgrove,,,,,,,1,UKOS,396704,269168,-2.04977859201,52.32060414512,RLY,,,,,,110,2006-09-08T14:30:00,2016-09-27T00:00:00,4,revise,active
9100BRNCHTN,,,,Branchton Rail Station,,,,,,-,,,,,,,N0068023,Branchton,Greenock,,,,,,1,UKOS,225000,675500,-4.8035481115,55.94059564078,RLY,,,,,,110,2006-09-08T14:30:00,2007-09-26T13:00:00,1,revise,active
9100BRNGTN,,,,Brinnington Rail Station,,,,,,-,,,,,,,E0028605,Brinnington,,,,,,,0,UKOS,391120,392823,-2.13511987886,53.4321164629,RLY,,,,,,110,2006-09-08T14:30:00,2010-05-17T13:55:00,3,revise,active
9100BRNHRST,,,,Barnehurst Rail Station,,,,,,-,,,,,,,E0033996,Barnehurst,London,,,,,,1,UKOS,550115,176210,0.15964630799,51.46495912931,RLY,,,,,,110,2006-09-08T14:30:00,2010-05-10T19:36:00,2,revise,active
9100BRNMONC,,,,Burnham-on-Crouch Rail Station,,,,,,-,,,,,,,E0055814,Burnham-on-Crouch,,,,,,,1,UKOS,594842,196511,0.81402793935,51.63365782506,RLY,,,,,,110,2006-09-08T14:30:00,2007-09-26T13:00:00,1,revise,active
9100BRNSTPL,,,,Barnstaple Rail Station,,,,,,-,,,,,,,E0045349,Barnstaple,,,,,,,1,UKOS,255561,132541,-4.06311685349,51.07396953324,RLY,,,,,,110,2006-09-08T14:30:00,2007-09-26T13:00:00,1,revise,active
9100BRNYARM,,,,Berney Arms Rail Station,,,,,,-,,,,,,,E0017806,Berney Arms,,,,,,,1,UKOS,646000,305300,1.63037565597,52.58978716074,RLY,,,,,,110,2006-09-08T14:30:00,2007-09-26T13:00:00,1,revise,active
9100BROADGR,,,,Broad Green Rail Station,,,,,,-,,,,,,,E0029636,Broadgreen,Liverpool,,Liverpool,,Broadgreen,,1,UKOS,340699,390337,-2.89348391276,53.40650328883,RLY,,,,,,110,2006-09-08T14:30:00,2010-09-24T18:28:00,4,revise,active
9100BROCKLY,,,,Brockley Rail Station,,,,,,-,,,,,,,E0034658,Brockley,London,,,,,,1,UKOS,536420,175790,-0.03753660945,51.46464884615,RLY,,,,,,110,2006-09-08T14:30:00,2010-05-10T19:42:00,2,revise,active
9100BROMLYN,,,,Bromley North Rail Station,,,,,,-,,,,,,,N0060488,Bromley,London,,,,,,1,UKOS,540380,169630,0.01699272077,51.40832772238,RLY,,,,,,110,2006-09-08T14:30:00,2010-05-10T19:43:00,2,revise,active
9100BROMLYS,,,,Bromley South Rail Station,,,,,,-,,,,,,,N0060488,Bromley,London,,,,,,1,UKOS,540430,168702,0.01734411348,51.39997631561,RLY,,,,,,110,2006-09-08T14:30:00,2010-02-10T15:01:00,2,revise,active
9100BROOME,,,,Broome Rail Station,,,,,,-,,,,,,,E0021886,Broome,,,,,,,1,UKOS,339900,280900,-2.88520749901,52.42277157928,RLY,,,,,,110,2006-09-08T14:30:00,2007-09-26T13:00:00,1,revise,active
9100BRORA,,,,Brora Rail Station,,,,,,-,,,,,,,ES000476,Brora,,,,,,,1,UKOS,290657,904141,-3.85228286576,58.01295022404,RLY,,,,,,110,2006-09-08T14:30:00,2007-10-11T13:00:00,2,revise,active
9100BROUGH,,,,Brough Rail Station,,,,,,-,,,,,,,E0036884,Brough,,,,,,,1,UKOS,493870,426555,-0.57872415332,53.72696040996,RLY,,,,,,110,2006-09-08T14:30:00,2011-05-23T15:09:00,3,revise,active
9100BROXBRN,,,,Broxbourne Rail Station,,,,,,-,,,,,,,E0013701,Broxbourne,,,,,,,1,UKOS,537403,207228,-0.01108663946,51.74691039715,RLY,,,,,,110,2006-09-08T14:30:00,2007-09-26T13:00:00,1,revise,active
9100BRRHL,,,,Barrhill Rail Station,,,,,,-,,,,,,,N0068007,Barrhill,,,,,,,1,UKOS,222600,581600,-4.7817810548,55.0970046483,RLY,,,,,,110,2006-09-08T14:30:00,2007-09-26T13:00:00,1,revise,active
9100BRRYLNK,,,,Barry Links Rail Station,,,,,,-,,,,,,,ES000301,Barry,,,,,,,1,UKOS,354200,733700,-2.74544172418,56.49314888468,RLY,,,,,,110,2006-09-08T14:30:00,2007-09-26T13:00:00,1,revise,active
9100BRSCGHB,,,,Burscough Bridge Rail Station,,,,,,-,,,,,,,E0016472,Burscough Bridge,,,,,,,1,UKOS,344457,412406,-2.84087983477,53.60525655804,RLY,,,,,,110,2006-09-08T14:30:00,2011-02-07T16:26:00,2,revise,active
9100BRSCGHJ,,,,Burscough Junction Rail Station,,,,,,-,,,,,,,E0016473,Burscough,,,,,,,1,UKOS,344465,411545,-2.8406052465,53.59751935732,RLY,,,,,,110,2006-09-08T14:30:00,2011-02-07T16:26:00,2,revise,active
9100BRSDE,,,,Burnside (Strathclyde) Rail Station,,,,,,-,,,,,,,N0076083,Burnside,,,,,,,1,UKOS,262100,660380,-4.20238937676,55.81692628016,RLY,,,,,,110,2006-09-08T14:30:00,2011-07-07T13:53:00,2,revise,active
9100BRSR,,,,Broadstairs Rail Station,,,,,,-,,,,,,,E0015402,Broadstairs,,,,,,,1,UKOS,639131,167997,1.43356069938,51.36067475347,RLY,,,,,,110,2006-09-08T14:30:00,2007-09-26T13:00:00,1,revise,active
9100BRSTLTM,,,,Bristol Temple Meads Rail Station,,,,,,-,,,,,,,E0057160,Bristol,,,,,,,1,UKOS,359700,172400,-2.58131524969,51.44914390068,RLY,,,,,,110,2006-09-08T14:30:00,2007-09-26T13:00:00,1,revise,active
9100BRSTPWY,,,,Bristol Parkway Rail Station,,,,,,-,,,,,,,E0053725,Stoke Gifford,,,,,,,1,UKOS,362474,179570,-2.54216306394,51.51380121061,RLY,,,,,,110,2006-09-08T14:30:00,2009-06-18T15:38:00,2,revise,active
9100BRTHMBR,,,,Barton-on-Humber Rail Station,,,,,,-,,,,,,,E0055055,Barton-upon-Humber,,,,,,,1,UKOS,502888,422510,-0.44343665567,53.68891863124,RLY,,,,,,110,2006-09-08T14:30:00,2011-05-23T15:06:00,2,revise,active
9100BRTJYC,,,,Burton Joyce Rail Station,,,,,,-,,,,,,,E0050097,Burton Joyce,,,,,,,1,UKOS,464490,343330,-1.04087750627,52.98344184034,RLY,,,,,,110,2006-09-08T14:30:00,2011-01-24T11:16:00,2,revise,active
9100BRTWOOD,,,,Brentwood Rail Station,,,,,,-,,,,,,,E0055780,Brentwood,,,,,,,1,UKOS,559315,193035,0.29958588082,51.61360524407,RLY,,,,,,110,2006-09-08T14:30:00,2010-10-06T14:30:00,2,revise,active
9100BRUCGRV,,,,Bruce Grove Rail Station,,,,,,-,,,,,,,N0065127,Bruce Grove,London,,,,,,1,UKOS,533795,190110,-0.06986698816,51.59395912272,RLY,,,,,,110,2006-09-08T14:30:00,2012-01-31T16:00:00,4,revise,active
9100BRUNDAL,,,,Brundall Rail Station,,,,,,-,,,,,,,E0048449,Brundall,,,,,,,1,UKOS,632904,307967,1.43929896138,52.61948351405,RLY,,,,,,110,2006-09-08T14:30:00,2008-12-01T13:59:00,2,revise,active
9100BRUNDLG,,,,Brundall Gardens Rail Station,,,,,,-,,,,,,,E0048449,Brundall,,,,,,,1,UKOS,631470,308340,1.41841639227,52.62344330976,RLY,,,,,,110,2006-09-08T14:30:00,2008-12-01T14:00:00,2,revise,active
9100BRUSTAN,,,,Brunstane Rail Station,,,,,,-,,,,,,,N0067244,Brunstane,Edinburgh,,,,,,1,UKOS,331330,672710,-3.10098600925,55.94251073499,RLY,,,,,,110,2006-09-08T14:30:00,2008-02-06T11:39:00,2,revise,active
9100BRUTON,,,,Bruton Rail Station,,,,,,-,,,,,,,E0050898,Bruton,,,,,,,1,UKOS,368800,134800,-2.44707347109,51.11163892514,RLY,,,,,,110,2006-09-08T14:30:00,2007-09-26T13:00:00,1,revise,active
9100BRUXMID,,,,Bruxelles Midi Rail Station,,,,,,-,,,,,,,E0015169,Cheriton,Folkestone,,,,,,0,UKOS,637850,136000,1.39398862175,51.07400654594,RLY,,,,,,110,2012-02-03T10:00:00,2012-02-15T17:07:00,5,delete,inactive
9100BRWCKUT,,,,Berwick-upon-Tweed Rail Station,,,,,,-,,,,,,,E0056417,Berwick-upon-Tweed,,,,,,,1,UKOS,399410,653445,-2.01097332759,55.77433724723,RLY,,,,,,110,2006-09-08T14:30:00,2010-12-20T11:19:00,2,revise,active
9100BRWHINS,,,,Brockley Whins Rail Station,,,,,,-,,,,,,,N0077815,Brockley Whins,South Shields,,,,,,1,UKOS,434590,562900,-1.46135324951,54.95954405686,RLY,,,,,,110,2006-09-08T14:30:00,2007-09-26T13:00:00,2,revise,active
9100BRYN,,,,Bryn Rail Station,,,,,,-,,,,,,,E0028641,Bryn,Ashton-in-Makerfield,,,,,,1,UKOS,357165,400547,-2.64721360036,53.49986652918,RLY,,,,,,110,2006-09-08T14:30:00,2008-12-24T15:16:00,2,revise,active
9100BRYSTNS,,,,Braystones Rail Station,,,,,,-,,,,,,,E0005551,Braystones,,,,,,,1,UKOS,300100,505978,-3.54182575496,54.43935999805,RLY,,,,,,110,2006-09-08T14:30:00,2011-03-09T13:35:00,3,revise,active
9100BSAUKLD,,,,Bishop Auckland Rail Station,,,,,,-,,,,,,,E0055727,Bishop Auckland,,,,,,,1,UKOS,420890,529170,-1.6777149104,54.6571952683,RLY,,,,,,110,2006-09-08T14:30:00,2011-01-24T11:16:00,2,revise,active
9100BSAUWEA,,,,Bishop Auckland West Station,,,,,,-,,,,,,,E0055727,Bishop Auckland,,,,,,,0,UKOS,420617,529160,-1.68194714193,54.65711657664,RLY,,,,,,110,2010-06-04T14:42:00,2021-08-02T12:02:47,3,revise,active
9100BSCTSTA,,,,Bescot Stadium Rail Station,,,,,,-,,,,,,,E0031346,Bescot,Walsall,,,,,,1,UKOS,400700,296140,-1.9911054766,52.56309313612,RLY,,,,,,110,2006-09-08T14:30:00,2010-04-01T15:53:00,2,revise,active
9100BSDN,,,,Bearsden Rail Station,,,,,,-,,,,,,,ES000318,Bearsden,,,,,,,1,UKOS,254355,671795,-4.33202012839,55.91712933401,RLY,,,,,,110,2006-09-08T14:30:00,2011-08-22T14:07:00,2,revise,active
9100BSHB,,,,Bishopbriggs Rail Station,,,,,,-,,,,,,,ES000362,Bishopbriggs,,,,,,,1,UKOS,261000,670100,-4.22491474935,55.90387809362,RLY,,,,,,110,2006-09-08T14:30:00,2007-09-26T13:00:00,1,revise,active
9100BSHPSFD,,,,Bishops Stortford Rail Station,,,,,,-,,,,,,,E0046972,Bishops Stortford,,,,,,,1,UKOS,549155,220894,0.16489419614,51.86669138211,RLY,,,,,,110,2006-09-08T14:30:00,2007-09-26T13:00:00,1,revise,active
9100BSNGSTK,,,,Basingstoke Rail Station,,,,,,-,,,,,,,E0057416,Basingstoke,,,,,,,1,UKOS,463774,152529,-1.08726371896,51.26835691303,RLY,,,,,,110,2006-11-17T09:19:00,2007-09-26T13:00:00,1,revise,active
9100BSPSLYD,,,,Bishop's Lydeard Rail Station,,,,,,-,,,,,,,E0051010,Bishops Lydeard,,,,,,,1,UKOS,316388,129039,-3.19432975928,51.05458641664,RLY,,,,,,110,2007-03-05T11:00:00,2010-10-13T14:39:00,3,revise,active
9100BSSN,,,,Bishopstone Rail Station,,,,,,-,,,,,,,E0010532,Bishopstone,,,,,,,1,UKOS,546930,99908,0.08275700866,50.7801435316,RLY,,,,,,110,2006-09-08T14:30:00,2007-09-26T13:00:00,1,revise,active
9100BSSNBUS,,,,Bishopstone - Hill Rise,,,,,,-,,,,,,,E0010532,Bishopstone,,,,,,,0,UKOS,547040,100153,0.08441410707,50.7823173958,BCQ,,,,,,110,2008-07-07T16:19:00,2009-08-21T13:15:00,3,revise,active
9100BSTD,,,,Bearsted Rail Station,,,,,,-,,,,,,,E0047193,Bearsted,,,,,,,1,UKOS,579882,156119,0.57758048241,51.27582146224,RLY,,,,,,110,2006-09-08T14:30:00,2007-09-26T13:00:00,1,revise,active
9100BSTEDMS,,,,Bury St Edmunds Rail Station,,,,,,-,,,,,,,E0025013,Bury St Edmunds,,,,,,,1,UKOS,585300,265200,0.71330680091,52.25376334229,RLY,,,,,,110,2006-09-08T14:30:00,2007-09-26T13:00:00,1,revise,active
9100BTCHBUS,,,,Betchworth - A25 Roundabout,,,,,,-,,,,,,,E0051778,Betchworth,,,,,,,0,UKOS,521061,150989,-0.2669548655,51.24523932186,BCQ,,,,,,110,2008-11-06T15:23:00,2009-08-21T13:15:00,2,revise,active
9100BTCHWTH,,,,Betchworth Rail Station,,,,,,-,,,,,,,E0051778,Betchworth,,,,,,,1,UKOS,521052,151317,-0.26697293695,51.24818920838,RLY,,,,,,110,2006-09-08T14:30:00,2007-09-26T13:00:00,1,revise,active
9100BTHGATE,,,,Bathgate Rail Station,,,,,,-,,,,,,,ES000306,Bathgate,,,,,,,1,UKOS,297790,668324,-3.636096071,55.89715220401,RLY,,,,,,110,2006-09-08T14:30:00,2010-11-02T09:57:00,2,revise,active
9100BTHNLGR,,,,Bethnal Green Rail Station,,,,,,-,,,,,,,E0034834,Bethnal Green,London,,,,,,1,UKOS,534715,182340,-0.05956796403,51.52391726889,RLY,,,,,,110,2006-09-08T14:30:00,2010-06-04T17:51:00,2,revise,active
9100BTLRSLA,,,,Butlers Lane Rail Station,,,,,,-,,,,,,,E0031771,Mere Green,,,,,,,1,UKOS,411070,299420,-1.83802010484,52.59246962124,RLY,,,,,,110,2006-09-08T14:30:00,2008-02-06T12:49:00,2,revise,active
9100BTLSBDG,,,,Battlesbridge Rail Station,,,,,,-,,,,,,,E0011420,Battlesbridge,,,,,,,1,UKOS,577665,194895,0.56528563473,51.62482540254,RLY,,,,,,110,2006-09-08T14:30:00,2010-10-06T14:29:00,2,revise,active
9100BTLYSY,,,,Bentley (S Yorks) Rail Station,,,,,,-,,,,,,,E0030003,Bentley,Doncaster,,,,,,1,UKOS,456360,405590,-1.15094847577,53.54393639696,RLY,,,,,,110,2006-09-08T14:30:00,2010-12-20T11:10:00,3,revise,active
9100BTRSBY,,,,Battersby Rail Station,,,,,,-,,,,,,,E0018521,Battersby,,,,,,,1,UKOS,458900,507300,-1.09297174857,54.45767999533,RLY,,,,,,110,2006-09-08T14:30:00,2007-09-26T13:00:00,1,revise,active
9100BUCKNHM,,,,Buckenham Rail Station,,,,,,-,,,,,,,E0017703,Buckenham,,,,,,,1,UKOS,635120,305650,1.47032550704,52.59773841295,RLY,,,,,,110,2006-09-08T14:30:00,2007-09-26T13:00:00,1,revise,active
9100BUGLE,,,,Bugle Rail Station,,,,,,-,,,,,,,E0004481,Bugle,,,,,,,1,UKOS,201670,59335,-4.79210020003,50.40034870413,RLY,,,,,,110,2006-09-08T14:30:00,2011-09-30T10:46:00,2,revise,active
9100BUILTHR,,,,Builth Road Rail Station,,,,,,-,,,,,,,E0040810,Builth Road,,,,,,,1,UKOS,302500,253300,-3.42703258703,52.16932219374,RLY,,,,,,110,2006-09-08T14:30:00,2008-02-06T12:23:00,2,revise,active
9100BULWELL,,,,Bulwell Rail Station,,,,,,-,,,,,,,E0040124,Bulwell,Nottingham,,,,,,1,UKOS,454040,345010,-1.19623043989,52.99969548849,RLY,,,,,,110,2006-09-08T14:30:00,2007-09-26T13:00:00,1,revise,active
9100BURES,,,,Bures Rail Station,,,,,,-,,,,,,,N0076766,Bures,,,,,,,1,UKOS,590310,233920,0.76914393197,51.97116199239,RLY,,,,,,110,2006-09-08T14:30:00,2010-10-06T14:30:00,2,revise,active
9100BURGESH,,,,Burgess Hill Rail Station,,,,,,-,,,,,,,E0052189,Burgess Hill,,,,,,,1,UKOS,531625,118805,-0.12741277277,50.95365611638,RLY,,,,,,110,2006-09-08T14:30:00,2011-08-22T14:03:00,2,revise,active
9100BURLYIW,,,,Burley-in-Wharfedale Rail Station,,,,,,-,,,,,,,E0032380,Burley-in-Wharfedale,Ilkley,,,,,,1,UKOS,416300,445805,-1.75337191602,53.90815048748,RLY,,,,,,110,2006-09-08T14:30:00,2010-07-23T13:57:00,2,revise,active
9100BURNLYB,,,,Burnley Barracks Rail Station,,,,,,-,,,,,,,E0057499,Burnley,,,,,,,1,UKOS,383095,432760,-2.25808570994,53.79087809011,RLY,,,,,,110,2006-09-08T14:30:00,2011-02-07T16:27:00,2,revise,active
9100BURNLYC,,,,Burnley Central Rail Station,,,,,,-,,,,,,,E0057499,Burnley,,,,,,,1,UKOS,383960,433050,-2.24497101878,53.79351214201,RLY,,,,,,110,2006-09-08T14:30:00,2007-09-26T13:00:00,1,revise,active
9100BURNMR,,,,Burnley Manchester Road Rail Station,,,,,,-,,,,,,,E0057499,Burnley,,,,,,,1,UKOS,383700,432100,-2.24886723007,53.78496551788,RLY,,,,,,110,2006-09-08T14:30:00,2008-02-06T12:25:00,2,revise,active
9100BURSLDN,,,,Bursledon Rail Station,,,,,,-,,,,,,,E0046787,Bursledon,,,,,,,1,UKOS,448985,109585,-1.30503222559,50.88368819166,RLY,,,,,,110,2006-11-17T09:19:00,2011-05-23T14:46:00,2,revise,active
9100BURTNOT,,,,Burton-on-Trent Rail Station,,,,,,-,,,,,,,E0056621,Burton upon Trent,,,,,,,1,UKOS,424200,323200,-1.64245979101,52.80581549715,RLY,,,,,,110,2006-09-08T14:30:00,2013-01-03T09:20:00,2,revise,active
9100BUSBY,,,,Busby Rail Station,,,,,,-,,,,,,,ES000521,Busby,,,,,,,1,UKOS,258220,656430,-4.26220074769,55.78033939106,RLY,,,,,,110,2006-09-08T14:30:00,2007-09-26T13:00:00,1,revise,active
9100BUSHEY,,,,Bushey Rail Station,,,,,,-,,,,,,,E0014008,Bushey,Watford,,,,,,1,UKOS,511858,195322,-0.38474907806,51.64558157546,RLY,,,,,,110,2006-09-08T14:30:00,2008-01-03T11:41:00,2,revise,active
9100BUSHYDC,,,,Bushey Rail Station,,,,,,-,,,,,,,E0014008,Bushey,Watford,,,,,,1,UKOS,511818,195340,-0.3853211909,51.64575130051,RLY,,,,,,110,2006-09-08T14:30:00,2009-04-14T16:37:00,4,revise,active
9100BUXTON,,,,Buxton Rail Station,,,,,,-,,,,,,,E0007051,Buxton,,,,,,,1,UKOS,405910,373750,-1.91286336282,53.2607212488,RLY,,,,,,110,2006-09-08T14:30:00,2007-09-26T13:00:00,1,revise,active
9100BXLYHTH,,,,Bexleyheath Rail Station,,,,,,-,,,,,,,E0033999,Bexleyheath,London,,,,,,1,UKOS,548320,175995,0.13373496165,51.4635001507,RLY,,,,,,110,2006-09-08T14:30:00,2010-05-10T19:40:00,2,revise,active
9100BXTD,,,,Buxted Rail Station,,,,,,-,,,,,,,E0046100,Buxted,,,,,,,1,UKOS,549688,123341,0.13143901164,50.99001278015,RLY,,,,,,110,2006-09-08T14:30:00,2007-09-26T13:00:00,1,revise,active
9100BYFLANH,,,,Byfleet & New Haw Rail Station,,,,,,-,,,,,,,E0025890,Byfleet,,,,,,,1,UKOS,505854,162285,-0.48138968791,51.34979664729,RLY,,,,,,110,2006-09-08T14:30:00,2007-09-26T13:00:00,1,revise,active
9100BYNEA,,,,Bynea Rail Station,,,,,,-,,,,,,,E0035913,Bynea,,,,,,,1,UKOS,254960,199115,-4.09888073461,51.67203170195,RLY,,,,,,110,2006-09-08T14:30:00,2007-09-26T13:00:00,1,revise,active
9100CADOXTN,,,,Cadoxton Rail Station,,,,,,-,,,,,,,E0042827,Cadoxton,Barry,,,,,,1,UKOS,313240,168880,-3.24889536372,51.41227956097,RLY,,,,,,110,2006-09-08T14:30:00,2007-09-26T13:00:00,1,revise,active
9100CAERGWL,,,,Caergwrle Rail Station,,,,,,-,,,,,,,E0037269,Caergwrle,,,,,,,1,UKOS,330950,357240,-3.03291276566,53.10786315263,RLY,,,,,,110,2006-09-08T14:30:00,2007-09-26T13:00:00,1,revise,active
9100CALSTCK,,,,Calstock Rail Station,,,,,,-,,,,,,,E0044451,Calstock,,,,,,,1,UKOS,243428,68775,-4.20898753744,50.49779718872,RLY,,,,,,110,2006-09-08T14:30:00,2011-09-30T10:46:00,2,revise,active
9100CAMBDGE,,,,Cambridge Rail Station,,,,,,-,,,,,,,E0055326,Cambridge,,,,,,,1,UKOS,546195,257245,0.13745655272,52.19406726687,RLY,,,,,,110,2006-09-08T14:30:00,2012-09-18T14:48:00,2,revise,active
9100CAMBNTH,,,,Cambridge North Rail Station,,,,,,,,,,,,,N0061156,Chesterton,Cambridge,,,,,,0,UKOS,547531,260670,0.15847881449,52.22448192767,RLY,,,,,,110,2017-09-03T00:00:00,2017-09-03T00:00:00,0,new,active
9100CAMELON,,,,Camelon Rail Station,,,,,,-,,,,,,,ES000589,Camelon,Falkirk,,,,,,1,UKOS,286760,680730,-3.8176051635,56.00609156743,RLY,,,,,,110,2006-09-08T14:30:00,2007-09-26T13:00:00,1,revise,active
9100CAMHTH,,,,Cambridge Heath (London) Rail Station,,,,,,-,,,,,,,E0034834,Bethnal Green,London,,,,,,1,UKOS,534850,183240,-0.05727898412,51.5319727046,RLY,,,,,,110,2006-09-08T14:30:00,2007-09-26T13:00:00,1,revise,active
9100CANLEY,,,,Canley Rail Station,,,,,,-,,,,,,,E0031420,Canley,Coventry,,,,,,1,UKOS,430880,278010,-1.54757470481,52.39924091257,RLY,,,,,,110,2006-09-08T14:30:00,2007-09-26T13:00:00,1,revise,active
9100CANONST,,,,London Cannon Street Rail Station,,,,,,-,,,,,,,E0034195,Cannon Street,City of London,,,,,,1,UKOS,532620,180890,-0.09029289895,51.51138232145,RLY,,,,,,110,2006-09-08T14:30:00,2010-06-04T17:51:00,2,revise,active
9100CARBISB,,,,Carbis Bay Rail Station,,,,,,-,,,,,,,E0004177,Carbis Bay,St Ives,,,,,,1,UKOS,152930,38745,-5.46326305166,50.19704955618,RLY,,,,,,110,2006-09-08T14:30:00,2011-09-30T10:47:00,2,revise,active
9100CARDFBR,,,,Cardiff Bay Rail Station,,,,,,-,,,,,,,N0078138,Cardiff Bay,Cardiff,,,,,,1,UKOS,319074,174883,-3.16640289331,51.46710855963,RLY,,,,,,110,2006-09-08T14:30:00,2007-09-26T13:00:00,1,revise,active
9100CARDFQS,,,,Cardiff Queen Street Rail Station,,,,,,-,,,,,,,E0035815,Cardiff,,,,,,,1,UKOS,318838,176539,-3.17018055435,51.48196153284,RLY,,,,,,110,2006-09-08T14:30:00,2007-09-26T13:00:00,1,revise,active
9100CARFIN,,,,Carfin Rail Station,,,,,,-,,,,,,,ES000612,Carfin,,,,,,,1,UKOS,277490,658850,-3.95625367302,55.8073390696,RLY,,,,,,110,2006-09-08T14:30:00,2007-09-26T13:00:00,1,revise,active
9100CARK,,,,Cark Rail Station,,,,,,-,,,,,,,E0006174,Cark,,,,,,,1,UKOS,336520,476235,-2.97406361038,54.17795478269,RLY,,,,,,110,2006-09-08T14:30:00,2011-03-07T14:28:00,2,revise,active
9100CARLILE,,,,Carlisle Rail Station,,,,,,-,,,,,,,E0055501,Carlisle,,,,,,,1,UKOS,340240,555500,-2.93319163297,54.89065183693,RLY,,,,,,110,2006-09-08T14:30:00,2011-03-07T14:28:00,2,revise,active
9100CARMYLE,,,,Carmyle Rail Station,,,,,,-,,,,,,,N0068034,Carmyle,Glasgow,,,,,,1,UKOS,264930,662230,-4.15818019274,55.83433678265,RLY,,,,,,110,2006-09-08T14:30:00,2008-02-06T12:53:00,2,revise,active
9100CARRBDG,,,,Carrbridge Rail Station,,,,,,-,,,,,,,ES000641,Carrbridge,,,,,,,1,UKOS,289878,822465,-3.82820281431,57.27950132933,RLY,,,,,,110,2006-09-08T14:30:00,2010-02-25T14:40:00,2,revise,active
9100CARSWS,,,,Caersws Rail Station,,,,,,-,,,,,,,E0054561,Caersws,,,,,,,1,UKOS,302890,291880,-3.43249814791,52.5161240085,RLY,,,,,,110,2006-09-08T14:30:00,2007-09-26T13:00:00,1,revise,active
9100CASTLFD,,,,Castleford Rail Station,,,,,,-,,,,,,,E0032425,Castleford,,,,,,,1,UKOS,442680,425490,-1.35465259492,53.72407721634,RLY,,,,,,110,2006-09-08T14:30:00,2007-09-26T13:00:00,1,revise,active
9100CATERHM,,,,Caterham Rail Station,,,,,,-,,,,,,,E0025686,Caterham,,,,,,,1,UKOS,534120,155420,-0.07830704056,51.28214149381,RLY,,,,,,110,2006-09-08T14:30:00,2007-09-26T13:00:00,1,revise,active
9100CATEZKX,,,,Kings Cross Underground Station,,,,,,-,,,,,,,E0034577,Kings Cross,London,,,,,,1,UKOS,530230,182930,-0.12396034402,51.53027041196,RLY,,,,,,110,2006-11-27T14:30:00,2007-09-26T13:00:00,1,delete,inactive
9100CATFBDG,,,,Catford Bridge Rail Station,,,,,,-,,,,,,,E0034659,Catford,London,,,,,,1,UKOS,537365,173600,-0.02479109322,51.44474073785,RLY,,,,,,110,2006-09-08T14:30:00,2010-09-06T15:16:00,2,revise,active
9100CATFORD,,,,Catford Rail Station,,,,,,-,,,,,,,E0034659,Catford,London,,,,,,1,UKOS,537260,173560,-0.02631651466,51.44440672326,RLY,,,,,,110,2006-09-08T14:30:00,2007-09-26T13:00:00,1,revise,active
9100CATHAYS,,,,Cathays Rail Station,,,,,,-,,,,,,,E0054001,Cathays,Cardiff,,,,,,1,UKOS,318260,177320,-3.17868332738,51.48889904069,RLY,,,,,,110,2006-09-08T14:30:00,2008-02-06T12:55:00,2,revise,active
9100CATTAL,,,,Cattal Rail Station,,,,,,-,,,,,,,E0049135,Cattal,,,,,,,1,UKOS,444640,455925,-1.32053499843,53.99744004826,RLY,,,,,,110,2006-09-08T14:30:00,2011-11-02T16:37:00,2,revise,active
9100CATZ007,,,,Wirksworth Rail Station,,,,,,-,,,,,,,E0045103,Wirksworth,,,,,,,0,UKOS,428990,354022,-1.5686620326,53.08263917894,RLY,,,,,,110,2011-04-08T15:03:00,2013-12-11T13:53:00,2,revise,inactive
9100CATZ008,,,,Idridgehay Rail Station,,,,,,-,,,,,,,N0065234,Idridgehay,,,,,,,0,UKOS,428977,348832,-1.56932130445,53.03598790845,RLY,,,,,,110,2011-04-08T15:05:00,2013-12-11T13:53:00,2,revise,inactive
9100CAUSLND,,,,Causeland Rail Station,,,,,,-,,,,,,,E0044454,Duloe,,,,,,,1,UKOS,224830,59110,-4.4664478437,50.40569031995,RLY,,,,,,110,2006-09-08T14:30:00,2007-09-26T13:00:00,1,revise,active
9100CBARPAR,,,,Castle Bar Park Rail Station,,,,,,-,,,,,,,E0034280,West Ealing,Ealing,,,,,,1,UKOS,515850,181765,-0.33154886226,51.52293050144,RLY,,,,,,110,2006-09-08T14:30:00,2010-06-04T18:02:00,3,revise,active
9100CBAY,,,,Colwyn Bay Rail Station,,,,,,-,,,,,,,E0054160,Colwyn Bay,,,,,,,1,UKOS,285100,379100,-3.72541657289,53.29635884135,RLY,,,,,,110,2006-09-08T14:30:00,2007-09-26T13:00:00,1,revise,active
9100CBGH,,,,Crowborough Rail Station,,,,,,-,,,,,,,E0046103,Crowborough,,,,,,,1,UKOS,553472,129725,0.18801250436,51.04638156486,RLY,,,,,,110,2006-09-08T14:30:00,2008-08-04T11:11:00,3,revise,active
9100CBHMSDA,,,,Cobham & Stoke d'Abernon Rail Station,,,,,,-,,,,,,,E0025280,Cobham,,,,,,,1,UKOS,512341,158897,-0.38934629501,51.31810073777,RLY,,,,,,110,2006-09-08T14:30:00,2007-09-26T13:00:00,1,revise,active
9100CBORNE,,,,Camborne Rail Station,,,,,,-,,,,,,,E0044521,Camborne,,,,,,,1,UKOS,164830,39696,-5.29741079827,50.21043624691,RLY,,,,,,110,2006-09-08T14:30:00,2007-09-26T13:00:00,1,revise,active
9100CBRK,,,,Cranbrook Rail Station,,,,,,-,,,,,,,N0080430,Cranbrook,,,,,,,0,UKOS,299891,95461,-3.42041535097,50.75009135488,RLY,,,,,,110,2015-01-28T09:37:00,2015-01-30T13:43:00,2,revise,active
9100CCARY,,,,Castle Cary Rail Station,,,,,,-,,,,,,,E0050901,Castle Cary,,,,,,,1,UKOS,363490,133520,-2.52279433401,51.09981478666,RLY,,,,,,110,2006-09-08T14:30:00,2007-09-26T13:00:00,1,revise,active
9100CCRT,,,,Cathcart Rail Station,,,,,,-,,,,,,,ES003916,Cathcart,Glasgow,,,,,,1,UKOS,258460,660580,-4.26053606916,55.81766834046,RLY,,,,,,110,2006-09-08T14:30:00,2007-09-26T13:00:00,1,revise,active
9100CDCOT,,,,Caldicot Rail Station,,,,,,-,,,,,,,E0054378,Caldicot,,,,,,,1,UKOS,347400,187600,-2.76057347882,51.58479024633,RLY,,,,,,110,2006-09-08T14:30:00,2007-09-26T13:00:00,1,revise,active
9100CDND,,,,Cardenden Rail Station,,,,,,-,,,,,,,ES000605,Cardenden,,,,,,,1,UKOS,321700,695000,-3.26164187607,56.14125541526,RLY,,,,,,110,2006-09-08T14:30:00,2007-09-26T13:00:00,1,revise,active
9100CDNL,,,,Cardonald Rail Station,,,,,,-,,,,,,,ES000606,Cardonald,Glasgow,,,,,,1,UKOS,253570,664630,-4.3406924604,55.85256840487,RLY,,,,,,110,2006-09-08T14:30:00,2007-09-26T13:00:00,1,revise,active
9100CDRS,,,,Cardross Rail Station,,,,,,-,,,,,,,ES000607,Cardross,,,,,,,1,UKOS,234480,677330,-4.65307320297,55.96037865007,RLY,,,,,,110,2006-09-08T14:30:00,2007-09-26T13:00:00,1,revise,active
9100CEFNYBD,,,,Cefn-y-Bedd Rail Station,,,,,,-,,,,,,,E0037274,Cefn-y-bedd,,,,,,,1,UKOS,331060,356230,-3.03105272941,53.09879997593,RLY,,,,,,110,2006-09-08T14:30:00,2007-09-26T13:00:00,1,revise,active
9100CFFT,,,,Croftfoot Rail Station,,,,,,-,,,,,,,N0068060,Croftfoot,Glasgow,,,,,,1,UKOS,260480,660580,-4.22832464295,55.81825641114,RLY,,,,,,110,2006-09-08T14:30:00,2008-02-06T13:41:00,2,revise,active
9100CFLATTS,,,,Crossflatts Rail Station,,,,,,-,,,,,,,E0032549,Crossflatts,Bingley,,,,,,1,UKOS,410300,440260,-1.84488597753,53.85846581989,RLY,,,,,,110,2006-09-08T14:30:00,2007-09-26T13:00:00,1,revise,active
9100CFPK,,,,Crofton Park Rail Station,,,,,,-,,,,,,,E0034658,Brockley,London,,,,,,1,UKOS,536520,174740,-0.03650296237,51.4551892025,RLY,,,,,,110,2006-09-08T14:30:00,2009-08-21T14:43:00,2,revise,active
9100CHADHDD,,,,Chafford Hundred Rail Station,,,,,,-,,,,,,,N0060755,Chafford Hundred,,,,,,,1,UKOS,558920,178770,0.28744702092,51.4855572378,RLY,,,,,,110,2006-09-08T14:30:00,2010-06-04T12:10:00,2,revise,active
9100CHAPLTN,,,,Chapelton (Devon) Rail Station,,,,,,-,,,,,,,E0007963,Chapelton,,,,,,,1,UKOS,258075,126080,-4.02472188316,51.01653521996,RLY,,,,,,110,2006-09-08T14:30:00,2010-10-05T14:54:00,2,revise,active
9100CHARTHM,,,,Chartham Rail Station,,,,,,-,,,,,,,E0047123,Chartham,,,,,,,1,UKOS,610683,155227,1.01803940064,51.25726586754,RLY,,,,,,110,2006-09-08T14:30:00,2007-09-26T13:00:00,1,revise,active
9100CHASNRD,,,,Chassen Road Rail Station,,,,,,-,,,,,,,E0028410,Flixton,,,,,,,0,UKOS,375640,394440,-2.36823287186,53.44615929591,RLY,,,,,,110,2006-09-08T14:30:00,2010-04-30T10:23:00,4,revise,active
9100CHATHAM,,,,Chatham Rail Station,,,,,,-,,,,,,,E0039105,Chatham,,,,,,,1,UKOS,575547,167608,0.52115082745,51.3803785894,RLY,,,,,,110,2006-09-08T14:30:00,2007-09-26T13:00:00,1,revise,active
9100CHBURY,,,,Charlbury Rail Station,,,,,,-,,,,,,,E0021019,Charlbury,,,,,,,1,UKOS,435230,219440,-1.48969377191,51.8724275375,RLY,,,,,,110,2006-09-08T14:30:00,2007-09-26T13:00:00,1,revise,active
9100CHCHSTR,,,,Chichester Rail Station,,,,,,-,,,,,,,E0052092,Chichester,,,,,,,1,UKOS,485890,104320,-0.78174886249,50.8320534304,RLY,,,,,,110,2006-09-08T14:30:00,2007-09-26T13:00:00,1,revise,active
9100CHDH,,,,Cheadle Hulme Rail Station,,,,,,-,,,,,,,E0028700,Cheadle Hulme,,,,,,,1,UKOS,387570,386580,-2.18830269982,53.37592874248,RLY,,,,,,110,2006-09-08T14:30:00,2007-09-26T13:00:00,1,revise,active
9100CHDNGTN,,,,Cheddington Rail Station,,,,,,-,,,,,,,E0043963,Cheddington,,,,,,,1,UKOS,492232,218549,-0.66215178661,51.85791824384,RLY,,,,,,110,2006-09-08T14:30:00,2007-09-26T13:00:00,1,revise,active
9100CHDWLHT,,,,Chadwell Heath Rail Station,,,,,,-,,,,,,,E0033932,Chadwell Heath,London,,,,,,1,UKOS,547650,187610,0.128958453,51.56803876136,RLY,,,,,,110,2006-09-08T14:30:00,2007-09-26T13:00:00,1,revise,active
9100CHEAM,,,,Cheam Rail Station,,,,,,-,,,,,,,E0034817,Cheam,London,,,,,,1,UKOS,524447,163336,-0.21416744438,51.35547891926,RLY,,,,,,110,2006-09-08T14:30:00,2007-09-26T13:00:00,1,revise,active
9100CHEF,,,,Chapel-en-le-Frith Rail Station,,,,,,-,,,,,,,E0045124,Chapel en le Frith,,,,,,,1,UKOS,405510,379480,-1.91876237999,53.31223083,RLY,,,,,,110,2006-09-08T14:30:00,2007-09-26T13:00:00,1,revise,active
9100CHELFD,,,,Chelford Rail Station,,,,,,-,,,,,,,E0044358,Chelford,,,,,,,1,UKOS,381385,374850,-2.28057700632,53.27030983727,RLY,,,,,,110,2006-09-08T14:30:00,2011-11-02T15:43:00,2,revise,active
9100CHEPSTW,,,,Chepstow Rail Station,,,,,,-,,,,,,,E0054379,Chepstow,,,,,,,1,UKOS,353600,193700,-2.67190520826,51.6401792332,RLY,,,,,,110,2006-09-08T14:30:00,2007-09-26T13:00:00,1,revise,active
9100CHESHNT,,,,Cheshunt Rail Station,,,,,,-,,,,,,,E0057447,Cheshunt,,,,,,,1,UKOS,536647,202307,-0.02395964109,51.70287618878,RLY,,,,,,110,2006-09-08T14:30:00,2007-09-26T13:00:00,1,revise,active
9100CHETNOL,,,,Chetnole Rail Station,,,,,,-,,,,,,,E0045802,Chetnole,,,,,,,1,UKOS,359778,107585,-2.57292557649,50.86636303049,RLY,,,,,,110,2006-09-08T14:30:00,2011-01-24T11:17:00,2,revise,active
9100CHFD,,,,Chesterfield Rail Station,,,,,,-,,,,,,,E0057348,Chesterfield,,,,,,,1,UKOS,438800,371400,-1.42011582168,53.23822014441,RLY,,,,,,110,2006-09-08T14:30:00,2007-09-26T13:00:00,1,revise,active
9100CHFN,,,,Church Fenton Rail Station,,,,,,-,,,,,,,E0049541,Church Fenton,,,,,,,1,UKOS,450940,436980,-1.22758877221,53.82660063543,RLY,,,,,,110,2006-09-08T14:30:00,2011-11-02T16:37:00,2,revise,active
9100CHHL,,,,Chathill Rail Station,,,,,,-,,,,,,,E0019685,Chathill,,,,,,,1,UKOS,418630,627040,-1.70637513188,55.53673284417,RLY,,,,,,110,2006-09-08T14:30:00,2007-09-26T13:00:00,1,revise,active
9100CHINGFD,,,,Chingford Rail Station,,,,,,-,,,,,,,E0034865,Chingford,London,,,,,,1,UKOS,539200,194610,0.00989712465,51.63308667195,RLY,,,,,,110,2006-09-08T14:30:00,2007-09-26T13:00:00,1,revise,active
9100CHIPNHM,,,,Chippenham Rail Station,,,,,,-,,,,,,,E0056864,Chippenham,,,,,,,1,UKOS,392080,173730,-2.11539388746,51.46248796305,RLY,,,,,,110,2006-09-08T14:30:00,2007-09-26T13:00:00,1,revise,active
9100CHIRK,,,,Chirk Rail Station,,,,,,-,,,,,,,E0043419,Chirk,,,,,,,1,UKOS,328470,337830,-3.06564310726,52.93308718045,RLY,,,,,,110,2006-09-08T14:30:00,2007-09-26T13:00:00,1,revise,active
9100CHISWCK,,,,Chiswick Rail Station,,,,,,-,,,,,,,E0034530,Chiswick,London,,,,,,1,UKOS,520380,177220,-0.26783512786,51.4811366163,RLY,,,,,,110,2006-09-08T14:30:00,2007-09-26T13:00:00,1,revise,active
9100CHLFNAL,,,,Chalfont & Latimer Rail Station,,,,,,-,,,,,,,E0000559,Little Chalfont,,,,,,,1,UKOS,499647,197573,-0.56052631638,51.66810843692,RLY,,,,,,110,2006-09-08T14:30:00,2014-04-15T12:16:00,3,revise,active
9100CHLKWEL,,,,Chalkwell Rail Station,,,,,,-,,,,,,,E0042040,Chalkwell,Southend-on-Sea,,,,,,1,UKOS,585303,185582,0.67059269474,51.53871912412,RLY,,,,,,110,2006-11-17T09:19:00,2007-09-26T13:00:00,1,revise,active
9100CHLMSFD,,,,Chelmsford Rail Station,,,,,,-,,,,,,,N0076773,Chelmsford City Centre,Chelmsford,,,,,,1,UKOS,570552,207068,0.46857219674,51.73637265212,RLY,,,,,,110,2006-09-08T14:30:00,2008-11-12T14:38:00,3,revise,active
9100CHLSFLD,,,,Chelsfield Rail Station,,,,,,-,,,,,,,E0034082,Chelsfield,Orpington,,,,,,1,UKOS,546950,164020,0.10906990391,51.35625593713,RLY,,,,,,110,2006-09-08T14:30:00,2008-02-06T13:04:00,2,revise,active
9100CHLTNHM,,,,Cheltenham Spa Rail Station,,,,,,-,,,,,,,E0057404,Cheltenham,,,,,,,1,UKOS,393242,222099,-2.09961995509,51.89739728833,RLY,,,,,,110,2006-09-08T14:30:00,2007-09-26T13:00:00,1,revise,active
9100CHLWTH,,,,Chilworth Rail Station,,,,,,-,,,,,,,E0025359,Chilworth,,,,,,,1,UKOS,503130,147257,-0.52482405674,51.21521316874,RLY,,,,,,110,2006-09-08T14:30:00,2007-09-26T13:00:00,1,revise,active
9100CHNLY,,,,Chinley Rail Station,,,,,,-,,,,,,,N0065000,Chinley,,,,,,,1,UKOS,403830,382600,-1.94394071845,53.34028991088,RLY,,,,,,110,2006-09-08T14:30:00,2011-11-02T15:54:00,2,revise,active
9100CHOLSEY,,,,Cholsey Rail Station,,,,,,-,,,,,,,E0050344,Cholsey,,,,,,,1,UKOS,458452,186039,-1.15802288568,51.57020231828,RLY,,,,,,110,2006-09-08T14:30:00,2007-09-26T13:00:00,1,revise,active
9100CHORBUK,,,,Buckshaw Parkway Rail Station,,,,,,-,,,,,,,E0057502,Buckshaw Village,,,,,,,0,UKOS,356441,419855,-2.6608298719,53.67334099692,RLY,,,,,,110,2011-08-09T16:09:00,2011-08-09T16:11:00,1,revise,active
9100CHORLEY,,,,Chorley Rail Station,,,,,,-,,,,,,,E0057501,Chorley,,,,,,,1,UKOS,358666,417520,-2.62684064673,53.65253606987,RLY,,,,,,110,2006-09-08T14:30:00,2011-02-07T16:27:00,2,revise,active
9100CHOS,,,,Church & Oswaldtwistle Rail Station,,,,,,-,,,,,,,E0015880,Church,,,,,,,1,UKOS,374300,428310,-2.39121185982,53.75052054571,RLY,,,,,,110,2006-09-08T14:30:00,2011-02-07T16:28:00,2,revise,active
9100CHPLTWN,,,,Chapeltown Rail Station,,,,,,-,,,,,,,E0030081,Chapeltown,,,,,,,1,UKOS,435533,396309,-1.4662752287,53.46233625267,RLY,,,,,,110,2006-09-08T14:30:00,2007-10-08T13:00:00,2,revise,active
9100CHPWKSC,,,,Chappel & Wakes Colne Rail Station,,,,,,-,,,,,,,E0046270,Wakes Colne,,,,,,,1,UKOS,589770,228860,0.75850128553,51.92590597478,RLY,,,,,,110,2006-09-08T14:30:00,2008-08-04T11:50:00,2,revise,active
9100CHRISTC,,,,Christchurch Rail Station,,,,,,-,,,,,,,E0057359,Christchurch,,,,,,,1,UKOS,415300,93200,-1.78454594311,50.73821415639,RLY,,,,,,110,2006-09-08T14:30:00,2007-09-26T13:00:00,1,revise,active
9100CHRNGXG,,,,Charing Cross (Glasgow) Rail Station,,,,,,-,,,,,,,ES003921,Glasgow,,,,,,,1,UKOS,258050,665830,-4.2698199535,55.86468172851,RLY,,,,,,110,2006-09-08T14:30:00,2007-09-26T13:00:00,1,revise,active
9100CHRSTSH,,,,Christs Hospital Rail Station,,,,,,-,,,,,,,N0061438,Christs Hospital,,,,,,,1,UKOS,514800,129200,-0.36355626166,51.05068601259,RLY,,,,,,110,2006-09-08T14:30:00,2007-09-26T13:00:00,1,revise,active
9100CHRW,,,,Chorleywood Rail Station,,,,,,-,,,,,,,E0047064,Chorleywood,,,,,,,1,UKOS,502597,196090,-0.51831998183,51.65424861645,RLY,,,,,,110,2006-09-08T14:30:00,2007-09-26T13:00:00,1,revise,active
9100CHRX,,,,London Charing Cross Rail Station,,,,,,-,,,,,,,N0077642,Charing Cross,London,,,,,,1,UKOS,530235,180455,-0.12480210874,51.50802739382,RLY,,,,,,110,2006-09-08T14:30:00,2010-07-12T14:35:00,2,revise,active
9100CHSD,,,,Chipstead Rail Station,,,,,,-,,,,,,,E0025526,Chipstead,,,,,,,1,UKOS,527685,158275,-0.16950314611,51.30927731228,RLY,,,,,,110,2006-09-08T14:30:00,2011-03-24T16:36:00,2,revise,active
9100CHSLHRS,,,,Chislehurst Rail Station,,,,,,-,,,,,,,E0034083,Chislehurst,London,,,,,,1,UKOS,543200,169400,0.05741805551,51.40555654436,RLY,,,,,,110,2006-09-08T14:30:00,2007-09-26T13:00:00,1,revise,active
9100CHSRD,,,,Chester Road Rail Station,,,,,,-,,,,,,,N0072585,Yenton,Birmingham,,,,,,1,UKOS,411460,293100,-1.83247928713,52.53564614509,RLY,,,,,,110,2006-09-08T14:30:00,2008-02-06T13:06:00,2,revise,active
9100CHSSN,,,,Chessington North Rail Station,,,,,,-,,,,,,,E0034605,Chessington,London,,,,,,1,UKOS,518400,164145,-0.30069905976,51.36404106497,RLY,,,,,,110,2006-09-08T14:30:00,2010-05-10T19:46:00,2,revise,active
9100CHSSS,,,,Chessington South Rail Station,,,,,,-,,,,,,,E0034605,Chessington,London,,,,,,1,UKOS,517900,163300,-0.30815749596,51.35655031448,RLY,,,,,,110,2006-09-08T14:30:00,2007-09-26T13:00:00,1,revise,active
9100CHST,,,,Chester Rail Station,,,,,,-,,,,,,,E0057329,Chester,,,,,,,0,UKOS,341335,366985,-2.87959353783,53.19669513735,RLY,,,,,,110,2006-09-08T14:30:00,2010-01-12T16:55:00,3,revise,active
9100CHSW,,,,Chestfield & Swalecliffe Rail Station,,,,,,-,,,,,,,E0047124,Chestfield,Whitstable,,,,,,1,UKOS,613615,166817,1.06693071822,51.36024124368,RLY,,,,,,110,2006-11-17T09:19:00,2011-03-07T14:59:00,2,revise,active
9100CHTLRT,,,,Chatelherault Rail Station,,,,,,-,,,,,,,N0078802,Allanton,,,,,,,1,UKOS,274320,654250,-4.00467437757,55.76521874003,RLY,,,,,,110,2006-09-08T14:30:00,2010-10-06T15:35:00,2,revise,active
9100CHTR,,,,Cherry Tree Rail Station,,,,,,-,,,,,,,E0035194,Cherry Tree,Blackburn,,,,,,1,UKOS,365900,426400,-2.51837882919,53.73287041285,RLY,,,,,,110,2006-09-08T14:30:00,2007-09-26T13:00:00,1,revise,active
9100CHTSEY,,,,Chertsey Rail Station,,,,,,-,,,,,,,E0057652,Chertsey,,,,,,,1,UKOS,503825,166390,-0.509316546,51.38706885905,RLY,,,,,,110,2006-09-08T14:30:00,2011-02-07T16:39:00,2,revise,active
9100CILMERY,,,,Cilmeri Rail Station,,,,,,-,,,,,,,E0054566,Cilmery,,,,,,,1,UKOS,300440,251250,-3.45654105773,52.15052954473,RLY,,,,,,110,2006-09-08T14:30:00,2007-09-26T13:00:00,1,revise,active
9100CKHL,,,,Corkerhill Rail Station,,,,,,-,,,,,,,ES002692,Mosspark,Glasgow,,,,,,1,UKOS,253914,662940,-4.33429250121,55.83750089223,RLY,,,,,,110,2006-09-08T14:30:00,2008-02-06T13:10:00,2,revise,active
9100CLACTON,,,,Clacton-on-Sea Rail Station,,,,,,-,,,,,,,E0057399,Clacton,,,,,,,1,UKOS,617600,215300,1.15409182075,51.79400281138,RLY,,,,,,110,2006-09-08T14:30:00,2007-09-26T13:00:00,2,revise,active
9100CLANDON,,,,Clandon Rail Station,,,,,,-,,,,,,,E0051773,West Clandon,,,,,,,1,UKOS,504560,152714,-0.5027660291,51.26400525735,RLY,,,,,,110,2006-09-08T14:30:00,2009-09-21T13:41:00,2,revise,active
9100CLAPTON,,,,Clapton Rail Station,,,,,,-,,,,,,,E0034372,Upper Clapton,London,,,,,,1,UKOS,534780,186540,-0.05702457493,51.5616439327,RLY,,,,,,110,2006-09-08T14:30:00,2009-12-04T16:23:00,2,revise,active
9100CLARBRD,,,,Clarbeston Road Rail Station,,,,,,-,,,,,,,E0040210,Clarbeston Road,,,,,,,1,UKOS,201500,220940,-4.88354773429,51.85166518143,RLY,,,,,,110,2006-09-08T14:30:00,2007-09-26T13:00:00,1,revise,active
9100CLAVRDN,,,,Claverdon Rail Station,,,,,,-,,,,,,,E0051928,Claverdon,,,,,,,1,UKOS,420800,264370,-1.69655982438,52.27709043303,RLY,,,,,,110,2006-09-08T14:30:00,2007-09-26T13:00:00,1,revise,active
9100CLCHHYT,,,,Hythe (Essex) Rail Station,,,,,,-,,,,,,,E0011237,The Hythe,Colchester,,,,,,1,UKOS,601570,224837,0.9275276909,51.8856395256,RLY,,,,,,110,2006-09-08T14:30:00,2007-09-26T13:00:00,1,revise,active
9100CLCHRTN,,,,Colchester Town Rail Station,,,,,,-,,,,,,,N0076779,Colchester City Centre,Colchester,,,,,,1,UKOS,600000,224865,0.90476263648,51.88645589782,RLY,,,,,,110,2006-11-17T09:19:00,2022-09-08T11:50:00,5,revise,active
9100CLCHSTR,,,,Colchester Rail Station,,,,,,-,,,,,,,E0055798,Colchester,,,,,,,1,UKOS,599100,226417,0.89259822672,51.90071379288,RLY,,,,,,110,2006-09-08T14:30:00,2009-01-12T18:15:00,4,revise,active
9100CLDNNRB,,,,Caledonian Road & Barnsbury Rail Station,,,,,,-,,,,,,,E0034566,Barnsbury,London,,,,,,1,UKOS,530695,184363,-0.116729169,51.54304079545,RLY,,,,,,110,2006-09-08T14:30:00,2010-08-02T15:04:00,3,revise,active
9100CLDRCRX,,,,Caldercruix Rail Station,,,,,,-,,,,,,,ES000572,Caldercruix,,,,,,,0,UKOS,282030,667700,-3.88771108683,55.88794297805,RLY,,,,,,110,2010-09-24T18:01:00,2010-09-24T18:07:00,1,revise,active
9100CLELAND,,,,Cleland Rail Station,,,,,,-,,,,,,,ES000732,Cleland,,,,,,,1,UKOS,280365,658470,-3.91024399645,55.80464762722,RLY,,,,,,110,2006-09-08T14:30:00,2007-09-26T13:00:00,1,revise,active
9100CLFDOWN,,,,Clifton Down Rail Station,,,,,,-,,,,,,,E0035590,Clifton,Bristol,,,,,,1,UKOS,357600,174130,-2.6117408388,51.46454457812,RLY,,,,,,110,2006-09-08T14:30:00,2007-09-26T13:00:00,1,revise,active
9100CLHM,,,,Collingham Rail Station,,,,,,-,,,,,,,E0056477,Collingham,,,,,,,1,UKOS,483680,361500,-0.75039384491,53.14408617704,RLY,,,,,,110,2006-09-08T14:30:00,2007-09-26T13:00:00,1,revise,active
9100CLITHRO,,,,Clitheroe Rail Station,,,,,,-,,,,,,,E0047496,Clitheroe,,,,,,,1,UKOS,374170,441990,-2.39433631515,53.87346611137,RLY,,,,,,110,2006-09-08T14:30:00,2007-09-26T13:00:00,1,revise,active
9100CLMN,,,,Chilham Rail Station,,,,,,-,,,,,,,E0047087,Chilham,,,,,,,1,UKOS,607800,153700,0.97589572012,51.24461104667,RLY,,,,,,110,2006-09-08T14:30:00,2007-09-26T13:00:00,1,revise,active
9100CLOCKHS,,,,Clock House Rail Station,,,,,,-,,,,,,,E0034069,Beckenham,London,,,,,,1,UKOS,536370,169550,-0.04065698193,51.40858641363,RLY,,,,,,110,2006-09-08T14:30:00,2007-09-26T13:00:00,1,revise,active
9100CLPHHS,,,,Clapham High Street Rail Station,,,,,,-,,,,,,,N0065132,Clapham,London,,,,,,1,UKOS,529820,175710,-0.13252160579,51.46548090559,RLY,,,,,,110,2006-09-08T14:30:00,2007-09-26T13:00:00,1,revise,active
9100CLPHMJ1,,,,Clapham Junction Rail Station,,,,,,-,,,,,,,E0034892,Clapham Junction,London,,,,,,0,UKOS,527205,175500,-0.17022139909,51.46418690022,RLY,,,,,,110,2012-09-26T13:55:00,2012-09-26T13:58:00,1,revise,active
9100CLPHMJ2,,,,Clapham Junction Rail Station,,,,,,-,,,,,,,E0034892,Clapham Junction,London,,,,,,1,UKOS,527200,175500,-0.17029333674,51.4641880229,RLY,,,,,,110,2006-09-08T14:30:00,2009-04-14T16:40:00,3,revise,active
9100CLPHMJC,,,,Clapham Junction Rail Station,,,,,,-,,,,,,,E0034892,Clapham Junction,London,,,,,,1,UKOS,527201,175500,-0.1702789492,51.46418779837,RLY,,,,,,110,2006-09-08T14:30:00,2007-11-13T16:00:00,2,revise,active
9100CLPHMJM,,,,Clapham Junction Rail Station,,,,,,-,,,,,,,E0034892,Clapham Junction,London,,,,,,1,UKOS,527202,175500,-0.17026456167,51.46418757383,RLY,,,,,,110,2006-09-08T14:30:00,2009-04-14T16:41:00,4,revise,active
9100CLPHMJW,,,,Clapham Junction Rail Station,,,,,,-,,,,,,,E0034892,Clapham Junction,London,,,,,,1,UKOS,527203,175500,-0.17025017415,51.4641873493,RLY,,,,,,110,2006-09-08T14:30:00,2009-04-14T16:42:00,4,revise,active
9100CLPM,,,,Clapham (N Yorks) Rail Station,,,,,,-,,,,,,,E0048881,Clapham,,,,,,,1,UKOS,373265,467800,-2.41037593925,54.10538580801,RLY,,,,,,110,2006-09-08T14:30:00,2011-11-02T16:38:00,2,revise,active
9100CLRKSTN,,,,Clarkston Rail Station,,,,,,-,,,,,,,ES000726,Clarkston,,,,,,,1,UKOS,257410,657460,-4.27564376395,55.78934838179,RLY,,,,,,110,2006-09-08T14:30:00,2007-09-26T13:00:00,1,revise,active
9100CLST,,,,Chester-le-Street Rail Station,,,,,,-,,,,,,,E0057372,Chester-le-Street,,,,,,,1,UKOS,427190,551170,-1.57801525009,54.85459440939,RLY,,,,,,110,2006-09-08T14:30:00,2008-02-06T13:07:00,2,revise,active
9100CLTHRPS,,,,Cleethorpes Rail Station,,,,,,-,,,,,,,N0073051,Cleethorpes,,,,,,,1,UKOS,530630,409060,-0.0292208451,53.56190613177,RLY,,,,,,110,2006-09-08T14:30:00,2007-09-26T13:00:00,1,revise,active
9100CLTN,,,,Clifton (Manchester) Rail Station,,,,,,-,,,,,,,E0028726,Clifton,Salford,,,,,,1,UKOS,379230,402915,-2.3147463351,53.52248956227,RLY,,,,,,110,2006-09-08T14:30:00,2008-12-24T15:16:00,2,revise,active
9100CLWALL,,,,Colwall Rail Station,,,,,,-,,,,,,,E0053210,Colwall,,,,,,,1,UKOS,375635,242450,-2.35695005388,52.07986839502,RLY,,,,,,110,2006-09-08T14:30:00,2007-09-26T13:00:00,1,revise,active
9100CLYBANK,,,,Clydebank Rail Station,,,,,,-,,,,,,,ES000746,Clydebank,,,,,,,1,UKOS,249768,670121,-4.4044138717,55.90069113461,RLY,,,,,,110,2006-09-08T14:30:00,2009-03-17T15:10:00,2,revise,active
9100CLYGATE,,,,Claygate Rail Station,,,,,,-,,,,,,,E0025278,Claygate,,,,,,,1,UKOS,515097,163755,-0.34824771704,51.36121401224,RLY,,,,,,110,2006-09-08T14:30:00,2007-09-26T13:00:00,1,revise,active
9100CLYNDRW,,,,Clunderwen Rail Station,,,,,,-,,,,,,,E0054516,Narberth,,,,,,,1,UKOS,211900,219300,-4.73184180642,51.84053980452,RLY,,,,,,110,2006-09-08T14:30:00,2007-09-26T13:00:00,1,revise,active
9100CMBH,,,,Cwmbach Rail Station,,,,,,-,,,,,,,E0054664,Cwm-bach,,,,,,,1,UKOS,302400,201300,-3.41372308238,51.70192727595,RLY,,,,,,110,2006-09-08T14:30:00,2007-09-26T13:00:00,1,revise,active
9100CMBLEY,,,,Camberley Rail Station,,,,,,-,,,,,,,E0025661,Camberley,,,,,,,1,UKOS,487573,160441,-0.74427163142,51.33632761671,RLY,,,,,,110,2006-09-08T14:30:00,2009-10-09T18:38:00,2,revise,active
9100CMBRNLD,,,,Cumbernauld Rail Station,,,,,,-,,,,,,,ES000923,Cumbernauld,,,,,,,1,UKOS,276410,673880,-3.98033433173,55.9420258408,RLY,,,,,,110,2006-09-08T14:30:00,2007-09-26T13:00:00,1,revise,active
9100CMBSLNG,,,,Cambuslang Rail Station,,,,,,-,,,,,,,ES000586,Cambuslang,,,,,,,1,UKOS,263950,660620,-4.17300841707,55.81960606981,RLY,,,,,,110,2006-09-08T14:30:00,2007-09-26T13:00:00,1,revise,active
9100CMDNRD,,,,Camden Road Rail Station,,,,,,-,,,,,,,N0060504,Camden Town,London,,,,,,1,UKOS,529175,184185,-0.138700821,51.54179078703,RLY,,,,,,110,2006-09-08T14:30:00,2010-05-10T19:45:00,2,revise,active
9100CMER,,,,Cromer Rail Station,,,,,,-,,,,,,,E0048645,Cromer,,,,,,,1,UKOS,621410,342040,1.29282454525,52.93008448173,RLY,,,,,,110,2006-09-08T14:30:00,2007-09-26T13:00:00,1,revise,active
9100CMTHN,,,,Carmarthen Rail Station,,,,,,-,,,,,,,E0054033,Carmarthen,,,,,,,1,UKOS,241280,219710,-4.3059608974,51.85335256797,RLY,,,,,,110,2006-09-08T14:30:00,2007-09-26T13:00:00,1,revise,active
9100CNCK,,,,Cannock Rail Station,,,,,,-,,,,,,,E0023401,Cannock,,,,,,,1,UKOS,398600,309830,-2.02214725185,52.68616082262,RLY,,,,,,110,2006-09-08T14:30:00,2007-09-26T13:00:00,1,revise,active
9100CNDAW,,,,Canada Water Rail Station,,,,,,-,,,,,,,N0077637,Canada Water,London,,,,,,0,UKOS,535475,179475,-0.04971975403,51.49799008862,RLY,,,,,,110,2010-02-01T15:53:00,2010-02-01T16:04:00,1,revise,active
9100CNNB,,,,Canonbury Rail Station,,,,,,-,,,,,,,E0034567,Canonbury,London,,,,,,1,UKOS,532380,185040,-0.09219084817,51.5487322475,RLY,,,,,,110,2006-09-08T14:30:00,2010-05-10T19:45:00,2,revise,active
9100CNST,,,,Carnoustie Rail Station,,,,,,-,,,,,,,ES000632,Carnoustie,,,,,,,1,UKOS,356600,734500,-2.70660036649,56.50056336526,RLY,,,,,,110,2006-09-08T14:30:00,2007-09-26T13:00:00,1,revise,active
9100CNTBE,,,,Canterbury East Rail Station,,,,,,-,,,,,,,E0057480,Canterbury,,,,,,,1,UKOS,614645,157285,1.0759685662,51.27426781948,RLY,,,,,,110,2006-09-08T14:30:00,2007-09-26T13:00:00,1,revise,active
9100CNTBW,,,,Canterbury West Rail Station,,,,,,-,,,,,,,E0057480,Canterbury,,,,,,,1,UKOS,614552,158395,1.07530326787,51.28426933502,RLY,,,,,,110,2006-09-08T14:30:00,2011-06-03T14:56:00,3,revise,active
9100CNTLEY,,,,Cantley Rail Station,,,,,,-,,,,,,,E0048452,Cantley,,,,,,,1,UKOS,638140,303680,1.51341232631,52.57874812482,RLY,,,,,,110,2006-09-08T14:30:00,2007-09-26T13:00:00,1,revise,active
9100CNTN,,,,Canning Town Rail Station,,,,,,-,,,,,,,E0034701,Canning Town,London,,,,,,1,UKOS,539300,181600,0.00618656637,51.51615644401,RLY,,,,,,110,2006-09-08T14:30:00,2007-09-26T13:00:00,2,delete,inactive
9100CNTY,,,,Carntyne Rail Station,,,,,,-,,,,,,,ES000636,Carntyne,Glasgow,,,,,,1,UKOS,263725,664555,-4.17857220107,55.85487268466,RLY,,,,,,110,2006-09-08T14:30:00,2011-07-07T14:05:00,2,revise,active
9100COATBDC,,,,Coatbridge Central Rail Station,,,,,,-,,,,,,,ES000759,Coatbridge,,,,,,,1,UKOS,272930,665125,-4.03189676731,55.8625055056,RLY,,,,,,110,2006-09-08T14:30:00,2011-08-22T14:10:00,2,revise,active
9100COATBDS,,,,Coatbridge Sunnyside Rail Station,,,,,,-,,,,,,,ES000759,Coatbridge,,,,,,,1,UKOS,273170,665600,-4.02828709977,55.86683387583,RLY,,,,,,110,2006-09-08T14:30:00,2011-08-22T14:10:00,2,revise,active
9100COATDYK,,,,Coatdyke Rail Station,,,,,,-,,,,,,,N0068046,Coatdyke,Coatbridge,,,,,,1,UKOS,274620,665280,-4.00498438126,55.86434001989,RLY,,,,,,110,2006-09-08T14:30:00,2008-02-06T13:09:00,2,revise,active
9100CODNBCH,,,,Cooden Beach Rail Station,,,,,,-,,,,,,,E0010611,Cooden,Bexhill,,,,,,1,UKOS,570992,106566,0.42685884937,50.83337248206,RLY,,,,,,110,2006-09-08T14:30:00,2007-09-26T13:00:00,1,revise,active
9100CODSALL,,,,Codsall Rail Station,,,,,,-,,,,,,,E0051180,Codsall,,,,,,,1,UKOS,386440,303300,-2.2017628153,52.62728804441,RLY,,,,,,110,2006-09-08T14:30:00,2007-09-26T13:00:00,1,revise,active
9100COGAN,,,,Cogan Rail Station,,,,,,-,,,,,,,E0042836,Cogan,Penarth,,,,,,1,UKOS,317460,172560,-3.18908983007,51.4459923008,RLY,,,,,,110,2006-09-08T14:30:00,2007-09-26T13:00:00,1,revise,active
9100COKSBDG,,,,Cooksbridge Rail Station,,,,,,-,,,,,,,E0010537,Cooksbridge,,,,,,,1,UKOS,540077,113474,-0.00920266797,50.9037564866,RLY,,,,,,110,2006-09-08T14:30:00,2007-09-26T13:00:00,1,revise,active
9100COLESHL,,,,Coleshill Parkway Rail Station,,,,,,-,,,,,,,E0051840,Coleshill,,,,,,,1,UKOS,419900,291000,-1.70817721591,52.51652643137,RLY,,,,,,110,2007-02-09T15:00:00,2007-09-26T13:00:00,2,revise,active
9100COLNE,,,,Colne Rail Station,,,,,,-,,,,,,,E0016050,Colne,,,,,,,1,UKOS,388135,439850,-2.18185905977,53.85474250517,RLY,,,,,,110,2006-09-08T14:30:00,2011-02-07T16:28:00,2,revise,active
9100COLSDNS,,,,Coulsdon South Rail Station,,,,,,-,,,,,,,N0075224,Coulsdon,London,,,,,,1,UKOS,529870,159060,-0.13788721377,51.31583814927,RLY,,,,,,110,2006-09-08T14:30:00,2007-09-26T13:00:00,1,revise,active
9100COLSTWN,,,,Coulsdon Town Rail Station,,,,,,-,,,,,,,N0075224,Coulsdon,London,,,,,,1,UKOS,530091,159756,-0.13446415087,51.32204264292,RLY,,,,,,110,2011-05-06T15:05:00,2015-06-03T16:26:00,5,revise,active
9100COMBE,,,,Combe (Oxon) Rail Station,,,,,,-,,,,,,,E0050505,Combe,,,,,,,1,UKOS,441850,215060,-1.39407318984,51.83259344542,RLY,,,,,,110,2006-09-08T14:30:00,2010-11-08T15:08:00,3,revise,active
9100COMONDL,,,,Commondale Rail Station,,,,,,-,,,,,,,E0049477,Commondale,,,,,,,1,UKOS,466500,510030,-0.97514791514,54.48127409837,RLY,,,,,,110,2006-09-08T14:30:00,2011-11-02T16:38:00,2,revise,active
9100CONBRGH,,,,Conisbrough Rail Station,,,,,,-,,,,,,,E0030092,Conisbrough,,,,,,,1,UKOS,450900,399450,-1.23433137958,53.48930903996,RLY,,,,,,110,2006-09-08T14:30:00,2007-09-26T13:00:00,1,revise,active
9100CONGLTN,,,,Congleton Rail Station,,,,,,-,,,,,,,E0055395,Congleton,,,,,,,0,UKOS,387220,362320,-2.1925799867,53.15785428203,RLY,,,,,,110,2006-09-08T14:30:00,2010-01-18T14:25:00,2,revise,active
9100CONNELF,,,,Connel Ferry Rail Station,,,,,,-,,,,,,,N0068396,Connel,,,,,,,1,UKOS,191470,734050,-5.38544091676,56.45235269108,RLY,,,,,,110,2006-09-08T14:30:00,2007-09-26T13:00:00,1,revise,active
9100CONONBR,,,,Conon Bridge Rail Station,,,,,,-,,,,,,,ES000800,Conon Bridge,,,,,,,0,UKOS,254105,855032,-4.44040531668,57.56175145282,RLY,,,,,,110,2013-01-07T11:22:00,2013-01-07T11:27:00,1,revise,active
9100CONONLY,,,,Cononley Rail Station,,,,,,-,,,,,,,E0048884,Cononley,,,,,,,1,UKOS,399305,446825,-2.0120676459,53.91757011571,RLY,,,,,,110,2006-09-08T14:30:00,2011-11-02T16:39:00,2,revise,active
9100CONWY,,,,Conwy Rail Station,,,,,,-,,,,,,,E0054161,Conwy,,,,,,,1,UKOS,278049,377466,-3.83052420242,53.28010171044,RLY,,,,,,110,2006-09-08T14:30:00,2007-09-26T13:00:00,1,revise,active
9100COOKHAM,,,,Cookham Rail Station,,,,,,-,,,,,,,E0057284,Cookham,,,,,,,1,UKOS,488690,185060,-0.72207898509,51.55746272201,RLY,,,,,,110,2006-09-08T14:30:00,2007-09-26T13:00:00,1,revise,active
9100COOMBE,,,,Coombe Junction Halt (Rail Station),,,,,,-,,,,,,,E0002541,Lamellion,Liskeard,,,,,,1,UKOS,223885,63619,-4.48185123192,50.44591967381,RLY,,,,,,110,2006-09-08T14:30:00,2009-07-21T11:15:00,2,revise,active
9100COPLSTN,,,,Copplestone Rail Station,,,,,,-,,,,,,,E0007783,Copplestone,,,,,,,1,UKOS,276700,103120,-3.75157170718,50.81446653834,RLY,,,,,,110,2006-09-08T14:30:00,2007-09-26T13:00:00,1,revise,active
9100CORBY,,,,Corby Rail Station,,,,,,-,,,,,,,N0077183,Corby Village,Corby,,,,,,0,UKOS,489160,288690,-0.68833531673,52.48885139085,RLY,,,,,,110,2009-01-30T15:48:00,2011-08-22T14:02:00,2,revise,active
9100CORPACH,,,,Corpach Rail Station,,,,,,-,,,,,,,N0067791,Corpach,Fort William,,,,,,1,UKOS,209680,776720,-5.12195649279,56.84282689887,RLY,,,,,,110,2006-09-08T14:30:00,2007-09-26T13:00:00,1,revise,active
9100CORROUR,,,,Corrour Rail Station,,,,,,-,,,,,,,N0067793,Corrour,,,,,,,1,UKOS,235620,766410,-4.69060019526,56.76021359515,RLY,,,,,,110,2006-09-08T14:30:00,2007-09-26T13:00:00,1,revise,active
9100CORYTON,,,,Coryton Rail Station,,,,,,-,,,,,,,N0075388,Coryton,Cardiff,,,,,,1,UKOS,314630,180888,-3.23181788193,51.52043601653,RLY,,,,,,110,2006-09-08T14:30:00,2011-03-24T16:40:00,3,revise,active
9100COSELEY,,,,Coseley Rail Station,,,,,,-,,,,,,,E0031474,Coseley,Wolverhampton,,,,,,1,UKOS,394280,294140,-2.08577748289,52.54508249646,RLY,,,,,,110,2006-09-08T14:30:00,2007-09-26T13:00:00,1,revise,active
9100COSFORD,,,,Cosford Rail Station,,,,,,-,,,,,,,E0021147,Cosford,,,,,,,1,UKOS,379780,305275,-2.30027466756,52.64483387472,RLY,,,,,,110,2006-09-08T14:30:00,2011-09-30T11:01:00,2,revise,active
9100COSHAM,,,,Cosham Rail Station,,,,,,-,,,,,,,E0040717,Cosham,Portsmouth,,,,,,1,UKOS,465765,105125,-1.06732868373,50.84192411568,RLY,,,,,,110,2006-11-17T09:19:00,2010-10-06T15:22:00,2,revise,active
9100COTNGLY,,,,Cottingley Rail Station,,,,,,-,,,,,,,E0032511,Cottingley,Leeds,,,,,,1,UKOS,427274,430242,-1.58770804242,53.76781663135,RLY,,,,,,110,2006-09-08T14:30:00,2008-05-28T13:33:00,2,revise,active
9100COVAREN,,,,Coventry Arena Rail Station,,,,,,-,,,,,,,E0031921,Rowleys Green,Coventry,,Rowley's Green,,,,0,UKOS,434479,283428,-1.49412454597,52.44773294663,RLY,,,,,,110,2015-03-26T09:58:00,2015-03-26T10:13:00,1,revise,active
9100COVNTRY,,,,Coventry Rail Station,,,,,,-,,,,,,,N0073053,Coventry,,,,,,,1,UKOS,433200,278200,-1.51345961399,52.40081364453,RLY,,,,,,110,2006-09-08T14:30:00,2007-09-26T13:00:00,1,revise,active
9100COWDBUS,,,,Cowden - Crossroads,,,,,,-,,,,,,,E0047236,Cowden,,,,,,,0,UKOS,547040,141144,0.10096952051,51.15067425269,BCQ,,,,,,110,2008-07-07T16:22:00,2009-08-21T13:15:00,2,revise,active
9100COWDEN,,,,Cowden Rail Station,,,,,,-,,,,,,,E0047236,Cowden,,,,,,,1,UKOS,547658,141714,0.11003281206,51.15563724209,RLY,,,,,,110,2006-09-08T14:30:00,2007-09-26T13:00:00,1,revise,active
9100CPNHRST,,,,Capenhurst Rail Station,,,,,,-,,,,,,,E0044157,Capenhurst,,,,,,,1,UKOS,337240,374100,-2.94228478229,53.26017358053,RLY,,,,,,110,2006-09-08T14:30:00,2007-09-26T13:00:00,1,revise,active
9100CRADLYH,,,,Cradley Heath Rail Station,,,,,,-,,,,,,,E0031485,Cradley Heath,,,,,,,1,UKOS,393950,285750,-2.0904881333,52.46965356315,RLY,,,,,,110,2006-09-08T14:30:00,2007-09-26T13:00:00,1,revise,active
9100CRAVENA,,,,Craven Arms Rail Station,,,,,,-,,,,,,,E0050729,Craven Arms,,,,,,,1,UKOS,343175,283060,-2.83742187138,52.44253876059,RLY,,,,,,110,2006-09-08T14:30:00,2011-02-28T15:08:00,2,revise,active
9100CRAWLEY,,,,Crawley Rail Station,,,,,,-,,,,,,,E0057699,Crawley,,,,,,,1,UKOS,527029,136332,-0.18667285642,51.11221380254,RLY,,,,,,110,2006-09-08T14:30:00,2007-09-26T13:00:00,1,revise,active
9100CRBG,,,,Corbridge Rail Station,,,,,,-,,,,,,,E0049975,Corbridge,,,,,,,1,UKOS,398920,563515,-2.01840007432,54.96626087452,RLY,,,,,,110,2006-09-08T14:30:00,2010-12-20T11:19:00,2,revise,active
9100CRCK,,,,Corkickle Rail Station,,,,,,-,,,,,,,E0005568,Corkickle,Whitehaven,,,,,,1,UKOS,297740,517420,-3.58216404854,54.54167932991,RLY,,,,,,110,2006-09-08T14:30:00,2007-09-26T13:00:00,1,revise,active
9100CRDFCEN,,,,Cardiff Central Rail Station,,,,,,-,,,,,,,E0035815,Cardiff,,,,,,,1,UKOS,318194,175889,-3.17930174024,51.47602538995,RLY,,,,,,110,2006-09-08T14:30:00,2007-09-26T13:00:00,1,revise,active
9100CREDITN,,,,Crediton Rail Station,,,,,,-,,,,,,,E0045302,Crediton,,,,,,,1,UKOS,284005,99485,-3.64677756932,50.78330268723,RLY,,,,,,110,2006-09-08T14:30:00,2010-10-05T14:54:00,2,revise,active
9100CRESING,,,,Cressing Rail Station,,,,,,-,,,,,,,E0046159,Cressing,Braintree,,,,,,1,UKOS,577648,220224,0.57796116785,51.85233670596,RLY,,,,,,110,2006-09-08T14:30:00,2007-09-26T13:00:00,1,revise,active
9100CREWE,,,,Crewe Rail Station,,,,,,-,,,,,,,E0001658,Crewe,,,,,,,0,UKOS,371100,354800,-2.43296883345,53.08962486723,RLY,,,,,,110,2006-09-08T14:30:00,2010-01-12T16:54:00,2,revise,active
9100CRFD,,,,Crayford Rail Station,,,,,,-,,,,,,,E0034011,Crayford,London,,,,,,1,UKOS,551510,174395,0.17893616876,51.44827990654,RLY,,,,,,110,2006-09-08T14:30:00,2010-05-10T19:47:00,2,revise,active
9100CRGDRN,,,,Craigendoran Rail Station,,,,,,-,,,,,,,N0068400,Craigendoran,,,,,,,1,UKOS,231000,681300,-4.71124372622,55.99479604341,RLY,,,,,,110,2006-09-08T14:30:00,2008-02-06T13:15:00,2,revise,active
9100CRHL,,,,Crews Hill Rail Station,,,,,,-,,,,,,,N0065140,Crews Hill,London,,,,,,1,UKOS,530970,200110,-0.10688701485,51.68448581835,RLY,,,,,,110,2006-09-08T14:30:00,2008-02-06T13:39:00,2,revise,active
9100CRICCTH,,,,Criccieth Rail Station,,,,,,-,,,,,,,E0054278,Criccieth,,,,,,,1,UKOS,249660,338010,-4.23751192132,52.91841049411,RLY,,,,,,110,2006-09-08T14:30:00,2007-09-26T13:00:00,1,revise,active
9100CRKLWD,,,,Cricklewood Rail Station,,,,,,-,,,,,,,N0060109,Cricklewood,London,,,,,,1,UKOS,524000,185910,-0.2126765563,51.5584529595,RLY,,,,,,110,2006-09-08T14:30:00,2010-05-10T19:48:00,2,revise,active
9100CRKRN,,,,Crewkerne Rail Station,,,,,,-,,,,,,,E0050916,Crewkerne,,,,,,,1,UKOS,345320,108515,-2.77849601518,50.87353559101,RLY,,,,,,110,2006-09-08T14:30:00,2010-07-23T14:15:00,2,revise,active
9100CRLK,,,,Carluke Rail Station,,,,,,-,,,,,,,ES000615,Carluke,,,,,,,1,UKOS,283990,650200,-3.84892484004,55.7312648908,RLY,,,,,,110,2006-09-08T14:30:00,2007-09-26T13:00:00,1,revise,active
9100CRLN,,,,Charlton Rail Station,,,,,,-,,,,,,,E0034323,Charlton,London,,,,,,1,UKOS,541130,178385,0.03125757663,51.48681328818,RLY,,,,,,110,2006-09-08T14:30:00,2010-05-10T19:45:00,2,revise,active
9100CRMLNGT,,,,Cramlington Rail Station,,,,,,-,,,,,,,E0019853,Cramlington,,,,,,,1,UKOS,425720,577110,-1.59859494517,55.08776801002,RLY,,,,,,110,2006-09-08T14:30:00,2007-09-26T13:00:00,1,revise,active
9100CRNF,,,,Carnforth Rail Station,,,,,,-,,,,,,,E0047428,Carnforth,,,,,,,1,UKOS,349700,470700,-2.77123240407,54.12967796325,RLY,,,,,,110,2006-09-08T14:30:00,2007-09-26T13:00:00,1,revise,active
9100CRNG,,,,Charing (Kent) Rail Station,,,,,,-,,,,,,,E0047086,Charing,,,,,,,1,UKOS,595005,149132,0.79033127776,51.208099312,RLY,,,,,,110,2006-09-08T14:30:00,2007-09-26T13:00:00,1,revise,active
9100CRNLRCH,,,,Crianlarich Rail Station,,,,,,-,,,,,,,N0067262,Crianlarich,,,,,,,1,UKOS,238460,725100,-4.61843353149,56.39047613308,RLY,,,,,,110,2006-09-08T14:30:00,2007-09-26T13:00:00,1,revise,active
9100CROKSTN,,,,Crookston Rail Station,,,,,,-,,,,,,,N0068063,Crookston,Glasgow,,,,,,1,UKOS,252030,663540,-4.364674969,55.84231302331,RLY,,,,,,110,2006-09-08T14:30:00,2011-07-07T14:08:00,2,revise,active
9100CROMFD,,,,Cromford Rail Station,,,,,,-,,,,,,,E0045023,Cromford,,,,,,,1,UKOS,430275,357400,-1.54916184671,53.11293210727,RLY,,,,,,110,2006-09-08T14:30:00,2011-11-02T15:55:00,2,revise,active
9100CROSSHL,,,,Crosshill Rail Station,,,,,,-,,,,,,,N0072797,Govanhill,Glasgow,,,,,,1,UKOS,258750,662310,-4.2568112807,55.833285156,RLY,,,,,,110,2006-09-08T14:30:00,2008-02-06T13:42:00,2,revise,active
9100CROT,,,,Croston Rail Station,,,,,,-,,,,,,,E0047394,Croston,,,,,,,1,UKOS,348710,419290,-2.77774970573,53.66756007864,RLY,,,,,,110,2006-09-08T14:30:00,2007-09-26T13:00:00,1,revise,active
9100CROUCHH,,,,Crouch Hill Rail Station,,,,,,-,,,,,,,N0065143,Crouch Hill,London,,,,,,1,UKOS,530585,187505,-0.1171487389,51.57130187905,RLY,,,,,,110,2006-09-08T14:30:00,2011-11-03T17:08:00,4,revise,active
9100CROWLE,,,,Crowle Rail Station,,,,,,-,,,,,,,N0060039,Ealand,Crowle,,,,,,1,UKOS,478380,411000,-0.8173585581,53.58973313827,RLY,,,,,,110,2006-09-08T14:30:00,2009-03-06T16:35:00,2,revise,active
9100CROY,,,,Croy Rail Station,,,,,,-,,,,,,,ES000902,Croy,,,,,,,1,UKOS,272980,675500,-4.03597595896,55.95567733298,RLY,,,,,,110,2006-09-08T14:30:00,2007-09-26T13:00:00,1,revise,active
9100CRPHLY,,,,Caerphilly Rail Station,,,,,,-,,,,,,,E0053976,Caerphilly,,,,,,,1,UKOS,315650,186560,-3.21848198941,51.57157711257,RLY,,,,,,110,2006-09-08T14:30:00,2007-09-26T13:00:00,1,revise,active
9100CRPNDPK,,,,Carpenders Park Rail Station,,,,,,-,,,,,,,E0014251,Carpenders Park,Watford,,,,,,1,UKOS,511818,193404,-0.38593903154,51.62835115098,RLY,,,,,,110,2006-09-08T14:30:00,2007-09-26T13:00:00,1,revise,active
9100CRSHLTB,,,,Carshalton Beeches Rail Station,,,,,,-,,,,,,,N0060707,Carshalton Beeches,London,,,,,,1,UKOS,527531,163627,-0.16979696515,51.35741095646,RLY,,,,,,110,2006-09-08T14:30:00,2007-09-26T13:00:00,1,revise,active
9100CRSHLTN,,,,Carshalton Rail Station,,,,,,-,,,,,,,N0076352,Carshalton,London,,,,,,1,UKOS,527739,164861,-0.16636845644,51.36845431378,RLY,,,,,,110,2006-09-08T14:30:00,2007-09-26T13:00:00,1,revise,active
9100CRSKEYS,,,,Crosskeys Rail Station,,,,,,-,,,,,,,E0053978,Crosskeys,,,,,,,0,UKOS,322132,191943,-3.1261699232,51.62090186299,RLY,,,,,,110,2008-01-10T13:38:00,2008-01-10T13:56:00,1,revise,active
9100CRSMYLF,,,,Crossmyloof Rail Station,,,,,,-,,,,,,,N0068064,Crossmyloof,Glasgow,,,,,,1,UKOS,257030,662440,-4.28431739537,55.83394562496,RLY,,,,,,110,2006-09-08T14:30:00,2008-02-06T13:48:00,2,revise,active
9100CRSNGTN,,,,Cressington Rail Station,,,,,,-,,,,,,,E0029662,Cressington,,,Liverpool,,Cressington,,1,UKOS,339400,385040,-2.91200286503,53.3587489882,RLY,,,,,,110,2006-09-08T14:30:00,2007-09-26T13:00:00,1,revise,active
9100CRSTRS,,,,Carstairs Rail Station,,,,,,-,,,,,,,ES000656,Carstairs,,,,,,,1,UKOS,295213,645437,-3.66847325053,55.69104634156,RLY,,,,,,110,2006-09-08T14:30:00,2007-09-26T13:00:00,1,revise,active
9100CRTN,,,,Carlton Rail Station,,,,,,-,,,,,,,E0020556,Carlton,,,,,,,1,UKOS,461980,341255,-1.07865491543,52.96508726217,RLY,,,,,,110,2006-09-08T14:30:00,2011-01-24T11:17:00,3,revise,active
9100CRTSDYK,,,,Cartsdyke Rail Station,,,,,,-,,,,,,,ES000660,Cartsdyke,Greenock,,,,,,1,UKOS,229500,675500,-4.73159071588,55.94221312712,RLY,,,,,,110,2006-09-08T14:30:00,2007-09-26T13:00:00,1,revise,active
9100CRWHRST,,,,Crowhurst Rail Station,,,,,,-,,,,,,,E0046072,Crowhurst,,,,,,,1,UKOS,576028,112879,0.50133662835,50.88857934933,RLY,,,,,,110,2006-11-17T09:19:00,2007-09-26T13:00:00,1,revise,active
9100CRWLL,,,,Creswell (Derbys) Rail Station,,,,,,-,,,,,,,E0006654,Creswell,,,,,,,1,UKOS,452365,374410,-1.2163947387,53.26411244581,RLY,,,,,,110,2006-09-08T14:30:00,2011-11-02T15:55:00,2,revise,active
9100CRWTHRN,,,,Crowthorne Rail Station,,,,,,-,,,,,,,E0052955,Crowthorne,,,,,,,1,UKOS,482294,163735,-0.81927331917,51.36672753428,RLY,,,,,,110,2006-09-08T14:30:00,2007-09-26T13:00:00,1,revise,active
9100CRYSTLP,,,,Crystal Palace Rail Station,,,,,,-,,,,,,,N0077740,Crystal Palace,London,,,,,,1,UKOS,534120,170550,-0.07260979705,51.41810903485,RLY,,,,,,110,2006-09-08T14:30:00,2007-09-26T13:00:00,1,revise,active
9100CSEAH,,,,Imperial Wharf Rail Station,,,,,,-,,,,,,,E0034389,Sands End,London,,,,,,0,UKOS,526300,176675,-0.18282267716,51.47494909629,RLY,,,,,,110,2009-08-13T11:41:00,2014-02-24T10:59:00,4,revise,active
9100CSFD,,,,Chandlers Ford Rail Station,,,,,,-,,,,,,,E0012862,Chandlers Ford,,,,,,,1,UKOS,443255,120655,-1.38517024557,50.98368396021,RLY,,,,,,110,2006-09-08T14:30:00,2011-05-23T14:47:00,2,revise,active
9100CSGT,,,,Cross Gates Rail Station,,,,,,-,,,,,,,E0032543,Cross Gates,Leeds,,,,,,1,UKOS,436215,434430,-1.4515803316,53.80491366755,RLY,,,,,,110,2006-09-08T14:30:00,2010-07-23T13:57:00,2,revise,active
9100CSTL,,,,Castleton (Manchester) Rail Station,,,,,,-,,,,,,,E0028690,Castleton,Rochdale,,,,,,1,UKOS,388300,410600,-2.17823391448,53.59184659979,RLY,,,,,,110,2006-09-08T14:30:00,2007-09-26T13:00:00,1,revise,active
9100CSTR,,,,Church Stretton Rail Station,,,,,,-,,,,,,,E0050721,Church Stretton,,,,,,,1,UKOS,345585,293588,-2.80369433242,52.53742135349,RLY,,,,,,110,2006-09-08T14:30:00,2008-03-28T13:39:00,2,revise,active
9100CTMSLNK,,,,City Thameslink Rail Station,,,,,,-,,,,,,,E0057722,City of London,London,,,,,,1,UKOS,531690,181150,-0.10358956273,51.51393613607,RLY,,,,,,110,2006-09-08T14:30:00,2009-08-21T14:43:00,2,revise,active
9100CTNG,,,,Collington Rail Station,,,,,,-,,,,,,,N0076011,Collington,Bexhill,,,,,,1,UKOS,573153,107296,0.45786150182,50.83928903282,RLY,,,,,,110,2006-11-30T00:00:00,2007-09-26T13:00:00,1,revise,active
9100CTNM,,,,Castleton Moor Rail Station,,,,,,-,,,,,,,E0019059,Castleton,,,,,,,1,UKOS,468370,508485,-0.94664829988,54.46714359175,RLY,,,,,,110,2006-09-08T14:30:00,2011-11-02T16:39:00,2,revise,active
9100CTTGHM,,,,Cottingham Rail Station,,,,,,-,,,,,,,E0036913,Cottingham,,,,,,,1,UKOS,505100,432880,-0.40643390293,53.7816489226,RLY,,,,,,110,2006-09-08T14:30:00,2007-09-26T13:00:00,1,revise,active
9100CUDNGTN,,,,Cuddington Rail Station,,,,,,-,,,,,,,E0044412,Cuddington,,,,,,,1,UKOS,360100,371600,-2.59930624313,53.23991926699,RLY,,,,,,110,2006-09-08T14:30:00,2007-09-26T13:00:00,1,revise,active
9100CUFFLEY,,,,Cuffley Rail Station,,,,,,-,,,,,,,E0014313,Cuffley,,,,,,,1,UKOS,530700,202800,-0.10978333193,51.70872172407,RLY,,,,,,110,2006-09-08T14:30:00,2007-09-26T13:00:00,1,revise,active
9100CULHAM,,,,Culham Rail Station,,,,,,-,,,,,,,E0050349,Culham,Abingdon,,,,,,1,UKOS,452915,195276,-1.23651370733,51.65379323402,RLY,,,,,,110,2006-09-08T14:30:00,2007-09-26T13:00:00,1,revise,active
9100CULRAIN,,,,Culrain Rail Station,,,,,,-,,,,,,,N0067805,Culrain,,,,,,,1,UKOS,257680,894770,-4.40427062394,57.91951303382,RLY,,,,,,110,2006-09-08T14:30:00,2007-09-26T13:00:00,1,revise,active
9100CUPAR,,,,Cupar Rail Station,,,,,,-,,,,,,,ES000946,Cupar,,,,,,,1,UKOS,337700,714300,-3.00875616642,56.31698720928,RLY,,,,,,110,2006-09-08T14:30:00,2007-09-26T13:00:00,1,revise,active
9100CURRIEH,,,,Curriehill Rail Station,,,,,,-,,,,,,,ES000952,Currie,,,,,,,1,UKOS,317640,668280,-3.31875136611,55.90056536548,RLY,,,,,,110,2006-09-08T14:30:00,2007-09-26T13:00:00,1,revise,active
9100CWDNBTH,,,,Cowdenbeath Rail Station,,,,,,-,,,,,,,N0072006,Cowdenbeath,,,,,,,1,UKOS,316570,691850,-3.34318573941,56.11209160961,RLY,,,,,,110,2006-09-08T14:30:00,2007-09-26T13:00:00,1,revise,active
9100CWMBRAN,,,,Cwmbran Rail Station,,,,,,-,,,,,,,E0042757,Cwmbran,,,,,,,1,UKOS,329800,195800,-3.01620333634,51.65658593297,RLY,,,,,,110,2006-09-08T14:30:00,2007-09-26T13:00:00,1,revise,active
9100CXTN,,,,Cuxton Rail Station,,,,,,-,,,,,,,E0053430,Cuxton,,,,,,,1,UKOS,571435,166750,0.46170869678,51.37392659985,RLY,,,,,,110,2006-09-08T14:30:00,2007-09-26T13:00:00,1,revise,active
9100CYNGHRD,,,,Cynghordy Rail Station,,,,,,-,,,,,,,E0035979,Cynghordy,,,,,,,1,UKOS,280220,240677,-3.74821056332,52.05149782227,RLY,,,,,,110,2006-09-08T14:30:00,2007-09-26T13:00:00,1,revise,active
9100DAISYH,,,,Daisy Hill Rail Station,,,,,,-,,,,,,,E0028309,Daisy Hill,Westhoughton,,,,,,1,UKOS,365910,404880,-2.51586102215,53.53945291623,RLY,,,,,,110,2006-09-08T14:30:00,2007-09-26T13:00:00,1,revise,active
9100DALGETY,,,,Dalgety Bay Rail Station,,,,,,-,,,,,,,ES000964,Dalgety Bay,,,,,,,1,UKOS,314890,684090,-3.36772058358,56.04209459208,RLY,,,,,,110,2006-09-08T14:30:00,2007-09-26T13:00:00,1,revise,active
9100DALMUIR,,,,Dalmuir Rail Station,,,,,,-,,,,,,,N0068070,Dalmuir,Clydebank,,,,,,1,UKOS,248420,671420,-4.42668089317,55.91192925845,RLY,,,,,,110,2006-09-08T14:30:00,2007-09-26T13:00:00,1,revise,active
9100DALRY,,,,Dalry Rail Station,,,,,,-,,,,,,,ES000983,Dalry,,,,,,,1,UKOS,229752,649195,-4.71107962674,55.70622012904,RLY,,,,,,110,2006-09-08T14:30:00,2007-10-11T13:00:00,2,revise,active
9100DALS,,,,Dalston Junction Rail Station,,,,,,-,,,,,,,E0034354,Kingsland,London,,,,,,0,UKOS,533570,184780,-0.07513748995,51.54611563297,RLY,,,,,,110,2010-02-01T15:54:00,2011-04-28T14:59:00,2,revise,active
9100DALSKLD,,,,Dalston Kingsland Rail Station,,,,,,-,,,,,,,E0034354,Kingsland,London,,,,,,1,UKOS,533525,185005,-0.07570074513,51.54814819362,RLY,,,,,,110,2006-09-08T14:30:00,2010-05-14T15:28:00,3,revise,active
9100DALSTON,,,,Dalston (Cumbria) Rail Station,,,,,,-,,,,,,,E0044737,Dalston,,,,,,,1,UKOS,336600,550600,-2.98885193794,54.84617611997,RLY,,,,,,110,2006-09-08T14:30:00,2007-09-26T13:00:00,1,revise,active
9100DALTON,,,,Dalton Rail Station,,,,,,-,,,,,,,E0055498,Dalton-in-Furness,,,,,,,1,UKOS,323100,473800,-3.17900277407,54.1542367642,RLY,,,,,,110,2006-09-08T14:30:00,2007-09-26T13:00:00,1,revise,active
9100DALWHIN,,,,Dalwhinnie Rail Station,,,,,,-,,,,,,,N0067807,Dalwhinnie,,,,,,,1,UKOS,263420,784900,-4.2461984344,56.93516967843,RLY,,,,,,110,2006-09-08T14:30:00,2007-09-26T13:00:00,1,revise,active
9100DANBY,,,,Danby Rail Station,,,,,,-,,,,,,,E0049478,Danby,,,,,,,1,UKOS,470685,508410,-0.91095574944,54.46615325413,RLY,,,,,,110,2006-09-08T14:30:00,2011-11-02T16:40:00,2,revise,active
9100DANESCT,,,,Danescourt Rail Station,,,,,,-,,,,,,,E0054027,Whitchurch,Cardiff,,,,,,1,UKOS,314447,178674,-3.23391681927,51.50050585077,RLY,,,,,,110,2006-09-08T14:30:00,2008-09-15T15:07:00,2,revise,active
9100DANZEY,,,,Danzey Rail Station,,,,,,-,,,,,,,E0026136,Danzey Green,,,,,,,1,UKOS,412305,269650,-1.82087715047,52.32481263349,RLY,,,,,,110,2006-09-08T14:30:00,2010-11-08T15:09:00,3,revise,active
9100DARNALL,,,,Darnall Rail Station,,,,,,-,,,,,,,E0030117,Darnall,Sheffield,,,,,,1,UKOS,439170,387687,-1.41256706782,53.38458419982,RLY,,,,,,110,2006-09-08T14:30:00,2008-10-28T09:01:00,2,revise,active
9100DARSHAM,,,,Darsham Rail Station,,,,,,-,,,,,,,E0051610,Darsham,,,,,,,1,UKOS,640480,269720,1.5234701168,52.27299917244,RLY,,,,,,110,2006-09-08T14:30:00,2007-09-26T13:00:00,1,revise,active
9100DARTFD,,,,Dartford Rail Station,,,,,,-,,,,,,,E0057483,Dartford,,,,,,,1,UKOS,554314,174378,0.21924789083,51.44737067823,RLY,,,,,,110,2006-09-08T14:30:00,2007-09-26T13:00:00,1,revise,active
9100DARWEN,,,,Darwen Rail Station,,,,,,-,,,,,,,E0035198,Darwen,,,,,,,1,UKOS,369400,422500,-2.46493966961,53.69803590875,RLY,,,,,,110,2006-09-08T14:30:00,2007-09-26T13:00:00,1,revise,active
9100DATCHET,,,,Datchet Rail Station,,,,,,-,,,,,,,E0053882,Datchet,,,,,,,1,UKOS,498740,176970,-0.57942182848,51.48307686772,RLY,,,,,,110,2006-09-08T14:30:00,2007-09-26T13:00:00,1,revise,active
9100DAVNPRT,,,,Davenport Rail Station,,,,,,-,,,,,,,E0028321,Davenport,,,,,,,1,UKOS,389925,388240,-2.15295775306,53.39090039804,RLY,,,,,,110,2006-09-08T14:30:00,2008-12-24T15:17:00,2,revise,active
9100DAWLISH,,,,Dawlish Rail Station,,,,,,-,,,,,,,E0045484,Dawlish,,,,,,,1,UKOS,296400,76700,-3.46462520998,50.58082043369,RLY,,,,,,110,2006-09-08T14:30:00,2007-09-26T13:00:00,1,revise,active
9100DAWLSHW,,,,Dawlish Warren Rail Station,,,,,,-,,,,,,,E0008490,Dawlish Warren,Dawlish,,,,,,1,UKOS,297930,78660,-3.44356148218,50.59871058889,RLY,,,,,,110,2006-09-08T14:30:00,2010-10-05T14:55:00,2,revise,active
9100DAWSHLM,,,,Kelvindale Rail Station,,,,,,-,,,,,,,ES001943,Kelvindale,Glasgow,,,,,,1,UKOS,255670,669125,-4.30957257937,55.89355582007,RLY,,,,,,110,2006-09-08T14:30:00,2011-07-07T15:02:00,2,revise,active
9100DEAL,,,,Deal Rail Station,,,,,,-,,,,,,,E0014727,Deal,,,,,,,1,UKOS,637424,152584,1.39884701484,51.22304452702,RLY,,,,,,110,2006-09-08T14:30:00,2007-09-26T13:00:00,1,revise,active
9100DEAN,,,,Dean Rail Station,,,,,,-,,,,,,,E0052410,West Dean,,,,,,,1,UKOS,425695,127075,-1.63486702911,51.04246093432,RLY,,,,,,110,2006-09-08T14:30:00,2011-05-23T15:12:00,2,revise,active
9100DEGANWY,,,,Deganwy Rail Station,,,,,,-,,,,,,,E0036553,Deganwy,,,,,,,1,UKOS,277900,379100,-3.83338630389,53.29474744717,RLY,,,,,,110,2006-09-08T14:30:00,2014-03-20T14:46:00,2,revise,active
9100DEIGHTN,,,,Deighton Rail Station,,,,,,-,,,,,,,E0032578,Deighton,Huddersfield,,,,,,1,UKOS,416490,419140,-1.75189639415,53.66848257794,RLY,,,,,,110,2006-09-08T14:30:00,2010-07-23T13:58:00,2,revise,active
9100DELAMER,,,,Delamere Rail Station,,,,,,-,,,,,,,E0044415,Delamere,,,,,,,1,UKOS,355600,370400,-2.66656030674,53.22877525896,RLY,,,,,,110,2006-09-08T14:30:00,2007-09-26T13:00:00,1,revise,active
9100DENHAM,,,,Denham Rail Station,,,,,,-,,,,,,,E0044072,Denham,,,,,,,1,UKOS,504214,187733,-0.4974367743,51.57883724823,RLY,,,,,,110,2006-09-08T14:30:00,2007-09-26T13:00:00,1,revise,active
9100DENHMGC,,,,Denham Golf Club Rail Station,,,,,,-,,,,,,,E0000611,Higher Denham,,,,,,,1,UKOS,502800,187900,-0.51778660183,51.58059766729,RLY,,,,,,110,2006-09-08T14:30:00,2008-10-10T15:36:00,3,revise,active
9100DENMRKH,,,,Denmark Hill Rail Station,,,,,,-,,,,,,,N0060434,Camberwell,London,,,,,,1,UKOS,532810,176090,-0.08936080308,51.46820267109,RLY,,,,,,110,2006-09-08T14:30:00,2007-09-26T13:00:00,1,revise,active
9100DENT,,,,Dent Rail Station,,,,,,-,,,,,,,E0044881,Dent,,,,,,,1,UKOS,376425,487480,-2.36359856953,54.28240865577,RLY,,,,,,110,2006-09-08T14:30:00,2007-09-26T13:00:00,1,revise,active
9100DEPDENE,,,,Dorking Deepdene Rail Station,,,,,,-,,,,,,,E0025454,Dorking,,,,,,,1,UKOS,517051,150180,-0.32464310745,51.23880418814,RLY,,,,,,110,2006-11-17T09:19:00,2007-09-26T13:00:00,1,revise,active
9100DEPTFD,,,,Deptford Rail Station,,,,,,-,,,,,,,N0065229,Deptford,London,,,,,,1,UKOS,537160,177390,-0.02627013065,51.4788480269,RLY,,,,,,110,2006-09-08T14:30:00,2008-02-06T13:53:00,2,revise,active
9100DERBYRD,,,,Derby Road (Ipswich) Rail Station,,,,,,-,,,,,,,E0024801,Copleston,Ipswich,,,,,,1,UKOS,618320,243910,1.18264348311,52.05055483386,RLY,,,,,,110,2006-09-08T14:30:00,2009-01-19T11:18:00,2,revise,active
9100DERKER,,,,Derker Rail Station (closed),,,,,,-,,,,,,,E0028333,Derker,Oldham,,,,,,1,UKOS,393360,405950,-2.10168807623,53.5501406963,RLY,,,,,,110,2006-09-08T14:30:00,2013-01-14T12:09:00,4,revise,inactive
9100DEVNPRT,,,,Devonport Rail Station,,,,,,-,,,,,,,E0040584,Devonport,Plymouth,,,,,,1,UKOS,245755,55435,-4.17070986418,50.37853338169,RLY,,,,,,110,2006-09-08T14:30:00,2010-10-05T14:59:00,2,revise,active
9100DGLROAD,,,,Dingle Road Rail Station,,,,,,-,,,,,,,E0054764,Penarth,,,,,,,1,UKOS,318040,171890,-3.18059053589,51.44005359707,RLY,,,,,,110,2006-09-08T14:30:00,2007-09-26T13:00:00,1,revise,active
9100DGNHMDC,,,,Dagenham Dock Rail Station,,,,,,-,,,,,,,E0033934,Dagenham,London,,,,,,1,UKOS,548975,182980,0.14610297941,51.52608967467,RLY,,,,,,110,2006-09-08T14:30:00,2010-05-10T19:48:00,2,revise,active
9100DIDCOTP,,,,Didcot Parkway Rail Station,,,,,,-,,,,,,,E0050351,Didcot,,,,,,,1,UKOS,452523,190507,-1.24289343271,51.61095435103,RLY,,,,,,110,2006-09-08T14:30:00,2007-09-26T13:00:00,1,revise,active
9100DIGBY,,,,Digby & Sowton Rail Station,,,,,,-,,,,,,,E0007688,Digby,Exeter,,,,,,1,UKOS,296062,91520,-3.47356043669,50.71398935002,RLY,,,,,,110,2006-09-08T14:30:00,2010-10-05T14:55:00,2,revise,active
9100DILTONM,,,,Dilton Marsh Rail Station,,,,,,-,,,,,,,E0052436,Dilton Marsh,,,,,,,1,UKOS,385585,150000,-2.20791529093,51.24898718332,RLY,,,,,,110,2006-09-08T14:30:00,2011-05-23T15:12:00,2,revise,active
9100DINASP,,,,Dinas Powys Rail Station,,,,,,-,,,,,,,E0054754,Dinas Powys,,,,,,,1,UKOS,315400,171000,-3.21835155149,51.43166424312,RLY,,,,,,110,2006-09-08T14:30:00,2007-09-26T13:00:00,1,revise,active
9100DINASR,,,,Dinas (Rhondda) Rail Station,,,,,,-,,,,,,,E0041624,Dinas,,,,,,,1,UKOS,300570,191980,-3.43754109199,51.61783397042,RLY,,,,,,110,2006-11-10T00:00:00,2007-09-26T13:00:00,1,revise,active
9100DINGWAL,,,,Dingwall Rail Station,,,,,,-,,,,,,,ES001028,Dingwall,,,,,,,1,UKOS,255323,858608,-4.4221988056,57.59423535123,RLY,,,,,,110,2006-09-08T14:30:00,2010-02-25T14:35:00,2,revise,active
9100DINSDAL,,,,Dinsdale Rail Station,,,,,,-,,,,,,,E0052977,Middleton St George,,,,,,,1,UKOS,434600,513400,-1.4670649796,54.51472881941,RLY,,,,,,110,2006-09-08T14:30:00,2007-09-26T13:00:00,1,revise,active
9100DISLEY,,,,Disley Rail Station,,,,,,-,,,,,,,E0044360,Disley,,,,,,,1,UKOS,397270,384590,-2.04248151868,53.35818268113,RLY,,,,,,110,2006-09-08T14:30:00,2007-09-26T13:00:00,1,revise,active
9100DISS,,,,Diss Rail Station,,,,,,-,,,,,,,E0048778,Diss,,,,,,,1,UKOS,612730,279660,1.12369755397,52.3736579092,RLY,,,,,,110,2006-09-08T14:30:00,2007-09-26T13:00:00,1,revise,active
9100DLMALLY,,,,Dalmally Rail Station,,,,,,-,,,,,,,N0068414,Dalmally,,,,,,,1,UKOS,215980,727210,-4.98355207003,56.40118919673,RLY,,,,,,110,2006-09-08T14:30:00,2008-02-06T13:50:00,2,revise,active
9100DLMRNOK,,,,Dalmarnock Rail Station,,,,,,-,,,,,,,N0068069,Dalmarnock,Glasgow,,,,,,1,UKOS,261230,663210,-4.2177085974,55.84208525865,RLY,,,,,,110,2006-09-08T14:30:00,2010-03-15T11:01:00,2,revise,active
9100DLMY,,,,Dalmeny Rail Station,,,,,,-,,,,,,,ES000977,Dalmeny,,,,,,,1,UKOS,313900,677900,-3.38161960541,55.98631862522,RLY,,,,,,110,2006-09-08T14:30:00,2007-09-26T13:00:00,1,revise,active
9100DLREOCH,,,,Dalreoch Rail Station,,,,,,-,,,,,,,ES001089,Dumbarton,,,,,,,1,UKOS,239120,675710,-4.57786294095,55.94741499058,RLY,,,,,,110,2006-09-08T14:30:00,2007-09-26T13:00:00,1,revise,active
9100DLTN,,,,Darlington Rail Station,,,,,,-,,,,,,,E0054904,Darlington,,,,,,,1,UKOS,429400,514000,-1.54732382418,54.52044786572,RLY,,,,,,110,2006-09-08T14:30:00,2007-09-26T13:00:00,1,revise,active
9100DLWYDLN,,,,Dolwyddelan Rail Station,,,,,,-,,,,,,,E0054163,Dolwyddelan,,,,,,,1,UKOS,273740,352190,-3.88513216611,53.05201237014,RLY,,,,,,110,2006-09-08T14:30:00,2007-09-26T13:00:00,1,revise,active
9100DMBRTNC,,,,Dumbarton Central Rail Station,,,,,,-,,,,,,,ES001089,Dumbarton,,,,,,,1,UKOS,239800,675600,-4.56692057241,55.94665487587,RLY,,,,,,110,2006-09-08T14:30:00,2007-09-26T13:00:00,1,revise,active
9100DMBRTNE,,,,Dumbarton East Rail Station,,,,,,-,,,,,,,ES001089,Dumbarton,,,,,,,1,UKOS,240580,675080,-4.55413669944,55.94224688652,RLY,,,,,,110,2006-09-08T14:30:00,2007-09-26T13:00:00,1,revise,active
9100DNDL,,,,Denby Dale Rail Station,,,,,,-,,,,,,,E0052832,Denby Dale,Huddersfield,,,,,,1,UKOS,422400,408500,-1.66321034051,53.57263103204,RLY,,,,,,110,2006-09-08T14:30:00,2007-09-26T13:00:00,1,revise,active
9100DNFRMLE,,,,Dunfermline Town Rail Station,,,,,,-,,,,,,,ES001131,Dunfermline,,,,,,,1,UKOS,309668,687102,-3.45252866573,56.06819000037,RLY,,,,,,110,2006-09-08T14:30:00,2007-09-26T13:00:00,1,revise,active
9100DNFRMQM,,,,Dunfermline Queen Margaret Rail Station,,,,,,-,,,,,,,ES001131,Dunfermline,,,,,,,1,UKOS,311630,688440,-3.42146776882,56.08057444146,RLY,,,,,,110,2006-09-08T14:30:00,2007-09-26T13:00:00,1,revise,active
9100DNLP,,,,Dunlop Rail Station,,,,,,-,,,,,,,ES001170,Dunlop,,,,,,,1,UKOS,241000,649400,-4.53238880056,55.71187989072,RLY,,,,,,110,2006-09-08T14:30:00,2007-09-26T13:00:00,1,revise,active
9100DNROBIN,,,,Dunrobin Castle Rail Station,,,,,,-,,,,,,,ES001624,Golspie,,,,,,,1,UKOS,284860,901250,-3.94892085881,57.98553352175,RLY,,,,,,110,2006-09-08T14:30:00,2010-02-25T14:31:00,2,revise,active
9100DNSN,,,,Dunston Rail Station,,,,,,-,,,,,,,E0030856,Dunston,Gateshead,,,,,,1,UKOS,423025,561770,-1.64204440719,54.95005526229,RLY,,,,,,110,2006-09-08T14:30:00,2010-05-05T16:51:00,2,revise,active
9100DNTG,,,,Dinting Rail Station,,,,,,-,,,,,,,N0065072,Dinting,Glossop,,,,,,1,UKOS,402070,394730,-1.97029854812,53.4493306124,RLY,,,,,,110,2006-09-08T14:30:00,2007-09-26T13:00:00,1,revise,active
9100DNTON,,,,Denton Rail Station,,,,,,-,,,,,,,N0074964,Denton,,,,,,,0,UKOS,391355,395576,-2.13165951944,53.45686566377,RLY,,,,,,110,2006-09-08T14:30:00,2010-04-08T17:57:00,3,revise,active
9100DOCKYDP,,,,Dockyard (Plymouth) Rail Station,,,,,,-,,,,,,,N0073197,Plymouth,,,,,,,1,UKOS,245398,55850,-4.17589770876,50.38216907554,RLY,,,,,,110,2006-09-08T14:30:00,2010-10-05T14:59:00,2,revise,active
9100DODWRTH,,,,Dodworth Rail Station,,,,,,-,,,,,,,E0030128,Dodworth,,,,,,,1,UKOS,431130,405400,-1.53169071566,53.54432472608,RLY,,,,,,110,2006-09-08T14:30:00,2010-12-20T11:10:00,2,revise,active
9100DOLAU,,,,Dolau Rail Station,,,,,,-,,,,,,,E0040958,Dolau,,,,,,,1,UKOS,313920,267110,-3.26362033113,52.29535036944,RLY,,,,,,110,2006-09-08T14:30:00,2008-02-06T13:55:00,2,revise,active
9100DOLEHAM,,,,Doleham Rail Station,,,,,,-,,,,,,,E0010698,Westfield,,,,,,,1,UKOS,583550,116480,0.6099748606,50.91858821911,RLY,,,,,,110,2006-11-29T00:00:00,2010-12-20T11:14:00,2,revise,active
9100DOLGARG,,,,Dolgarrog Rail Station,,,,,,-,,,,,,,E0054162,Dolgarrog,,,,,,,1,UKOS,278309,367024,-3.82263612317,53.18634799381,RLY,,,,,,110,2006-09-08T14:30:00,2007-09-26T13:00:00,1,revise,active
9100DONC,,,,Doncaster Rail Station,,,,,,-,,,,,,,N0077771,Doncaster,,,,,,,1,UKOS,457125,403175,-1.13984520717,53.52214948416,RLY,,,,,,110,2006-09-08T14:30:00,2014-02-05T16:33:00,3,revise,active
9100DORE,,,,Dore & Totley Rail Station,,,,,,-,,,,,,,E0030131,Dore,Sheffield,,,,,,1,UKOS,432380,381300,-1.51529759405,53.32763431059,RLY,,,,,,110,2006-09-08T14:30:00,2012-06-26T13:56:00,3,revise,active
9100DORIDGE,,,,Dorridge Rail Station,,,,,,-,,,,,,,E0031508,Dorridge,Solihull,,,,,,1,UKOS,416920,274920,-1.75290025038,52.37206841619,RLY,,,,,,110,2006-09-08T14:30:00,2007-09-26T13:00:00,1,revise,active
9100DORKING,,,,Dorking Rail Station,,,,,,-,,,,,,,E0025454,Dorking,,,,,,,1,UKOS,517073,150417,-0.324250704,51.24092983866,RLY,,,,,,110,2006-09-08T14:30:00,2007-09-26T13:00:00,1,revise,active
9100DORMANS,,,,Dormans Rail Station,,,,,,-,,,,,,,E0025696,Dormans Park,,,,,,,1,UKOS,539662,141508,-0.00430818177,51.15579179582,RLY,,,,,,110,2006-09-08T14:30:00,2007-09-26T13:00:00,1,revise,active
9100DOVERP,,,,Dover Priory Rail Station,,,,,,-,,,,,,,E0047158,Dover,,,,,,,1,UKOS,631380,141464,1.30529371233,51.12570052279,RLY,,,,,,110,2006-09-08T14:30:00,2007-09-26T13:00:00,1,revise,active
9100DOVRCRT,,,,Dovercourt Rail Station,,,,,,-,,,,,,,E0011456,Dovercourt,,,,,,,1,UKOS,625597,231777,1.28061113132,51.93873839552,RLY,,,,,,110,2006-09-08T14:30:00,2007-09-26T13:00:00,1,revise,active
9100DOVYJN,,,,Dovey Junction Rail Station,,,,,,-,,,,,,,E0040946,Derwen Las,,,,,,,1,UKOS,269690,298020,-3.92390213783,52.56435884533,RLY,,,,,,110,2006-09-08T14:30:00,2007-09-26T13:00:00,1,revise,active
9100DOWNHAM,,,,Downham Market Rail Station,,,,,,-,,,,,,,E0048544,Downham Market,,,,,,,1,UKOS,560300,303330,0.36568116528,52.60410884232,RLY,,,,,,110,2006-09-08T14:30:00,2007-09-26T13:00:00,1,revise,active
9100DRAYGRN,,,,Drayton Green Rail Station,,,,,,-,,,,,,,E0034266,Hanwell,London,,,,,,1,UKOS,515960,181065,-0.33019417413,51.51661662247,RLY,,,,,,110,2006-09-08T14:30:00,2010-05-14T15:16:00,2,revise,active
9100DRBY,,,,Derby Rail Station,,,,,,-,,,,,,,E0054915,Derby,,,,,,,1,UKOS,436182,335593,-1.46335462483,52.91654785743,RLY,,,,,,110,2006-09-08T14:30:00,2013-11-12T15:01:00,2,revise,active
9100DRCHS,,,,Dorchester South Rail Station,,,,,,-,,,,,,,E0045812,Dorchester,,,,,,,1,UKOS,369223,90053,-2.43724268083,50.70929190238,RLY,,,,,,110,2006-09-08T14:30:00,2007-09-26T13:00:00,1,revise,active
9100DRCHW,,,,Dorchester West Rail Station,,,,,,-,,,,,,,E0045812,Dorchester,,,,,,,1,UKOS,368850,90240,-2.44254095969,50.71095354207,RLY,,,,,,110,2006-09-08T14:30:00,2007-09-26T13:00:00,1,revise,active
9100DREMJ,,,,Drem Rail Station,,,,,,-,,,,,,,N0067276,Drem,,,,,,,1,UKOS,351080,679410,-2.7860478245,56.00512260655,RLY,,,,,,110,2006-09-08T14:30:00,2008-02-06T13:58:00,2,revise,active
9100DRHM,,,,Durham Rail Station,,,,,,-,,,,,,,E0055696,Durham,,,,,,,1,UKOS,427000,542800,-1.58175192897,54.77939026932,RLY,,,,,,110,2006-09-08T14:30:00,2007-09-26T13:00:00,1,revise,active
9100DRIFILD,,,,Driffield Rail Station,,,,,,-,,,,,,,E0053023,Driffield,,,,,,,1,UKOS,502700,457300,-0.43466492953,54.00152815474,RLY,,,,,,110,2006-09-08T14:30:00,2007-09-26T13:00:00,1,revise,active
9100DRIGG,,,,Drigg Rail Station,,,,,,-,,,,,,,E0005578,Drigg,,,,,,,1,UKOS,306340,498900,-3.44341297498,54.37695941995,RLY,,,,,,110,2006-09-08T14:30:00,2007-09-26T13:00:00,1,revise,active
9100DRKGW,,,,Dorking West Rail Station,,,,,,-,,,,,,,E0025454,Dorking,,,,,,,1,UKOS,515987,149869,-0.33997848242,51.23622597467,RLY,,,,,,110,2006-09-08T14:30:00,2007-09-26T13:00:00,1,revise,active
9100DRMCHPL,,,,Drumchapel Rail Station,,,,,,-,,,,,,,N0068073,Drumchapel,Glasgow,,,,,,1,UKOS,252380,670490,-4.36287883047,55.90481201207,RLY,,,,,,110,2006-09-08T14:30:00,2007-09-26T13:00:00,1,revise,active
9100DRMFCHR,,,,Drumfrochar Rail Station,,,,,,-,,,,,,,ES001670,Greenock,,,,,,,1,UKOS,226800,675500,-4.77476603849,55.94124767379,RLY,,,,,,110,2006-09-08T14:30:00,2007-09-26T13:00:00,1,revise,active
9100DRMGLCH,,,,Drumgelloch Rail Station,,,,,,-,,,,,,,N0068074,Drumgelloch,Airdrie,,,,,,1,UKOS,278140,665515,-3.94888209929,55.8673534022,RLY,,,,,,110,2006-09-08T14:30:00,2010-12-03T17:35:00,3,revise,active
9100DRNGTOS,,,,Durrington-on-Sea Rail Station,,,,,,-,,,,,,,E0026834,Durrington,Worthing,,,,,,1,UKOS,512000,103200,-0.4114686291,50.81752786343,RLY,,,,,,110,2006-09-08T14:30:00,2007-09-26T13:00:00,1,revise,active
9100DRONFLD,,,,Dronfield Rail Station,,,,,,-,,,,,,,E0045148,Dronfield,,,,,,,1,UKOS,435500,378400,-1.46877852613,53.30136886586,RLY,,,,,,110,2006-09-08T14:30:00,2007-09-26T13:00:00,1,revise,active
9100DRTN,,,,Darton Rail Station,,,,,,-,,,,,,,E0030118,Darton,,,,,,,1,UKOS,431100,410300,-1.53165740985,53.58836771948,RLY,,,,,,110,2006-09-08T14:30:00,2007-09-26T13:00:00,1,revise,active
9100DRTWCHS,,,,Droitwich Spa Rail Station,,,,,,-,,,,,,,E0052594,Droitwich Spa,,,,,,,1,UKOS,389290,263350,-2.15836313989,52.26820297284,RLY,,,,,,110,2006-09-08T14:30:00,2007-09-26T13:00:00,1,revise,active
9100DRUMRY,,,,Drumry Rail Station,,,,,,-,,,,,,,N0078830,Drumry,Clydebank,,,,,,1,UKOS,250967,670514,-4.38547224651,55.90459189976,RLY,,,,,,110,2006-09-08T14:30:00,2010-09-24T18:17:00,3,revise,active
9100DRYP,,,,Drayton Park Rail Station,,,,,,-,,,,,,,E0034570,Highbury,London,,,,,,1,UKOS,531445,185465,-0.10550892784,51.55276987397,RLY,,,,,,110,2006-09-08T14:30:00,2010-05-14T15:21:00,2,revise,active
9100DTNG,,,,Dunton Green Rail Station,,,,,,-,,,,,,,E0047238,Dunton Green,,,,,,,1,UKOS,551454,157500,0.17093720894,51.29649025867,RLY,,,,,,110,2006-09-08T14:30:00,2007-09-26T13:00:00,1,revise,active
9100DUDESTN,,,,Duddeston Rail Station,,,,,,-,,,,,,,N0072546,Duddeston,Birmingham,,,,,,1,UKOS,408830,287835,-1.87139045926,52.48836282887,RLY,,,,,,110,2006-09-08T14:30:00,2008-02-06T14:01:00,2,revise,active
9100DUDLPT,,,,Dudley Port Rail Station,,,,,,-,,,,,,,E0031515,Dudley Port,Dudley,,,,,,1,UKOS,396740,291865,-2.0494795502,52.52465134793,RLY,,,,,,110,2006-09-08T14:30:00,2007-09-26T13:00:00,1,revise,active
9100DUFIELD,,,,Duffield Rail Station,,,,,,-,,,,,,,E0044953,Duffield,,,,,,,1,UKOS,434604,343575,-1.48597171112,52.98840067749,RLY,,,,,,110,2006-09-08T14:30:00,2011-02-28T14:59:00,2,revise,active
9100DUIRNSH,,,,Duirinish Rail Station,,,,,,-,,,,,,,ES001085,Duirinish,,,,,,,1,UKOS,177845,831521,-5.69131608048,57.31997616293,RLY,,,,,,110,2006-09-08T14:30:00,2010-02-25T14:40:00,3,revise,active
9100DUKEST,,,,Duke Street Rail Station,,,,,,-,,,,,,,ES001021,Dennistoun,Glasgow,,,,,,1,UKOS,261580,665020,-4.21304759402,55.85843636846,RLY,,,,,,110,2006-09-08T14:30:00,2008-02-06T14:06:00,2,revise,active
9100DULNGHM,,,,Dullingham Rail Station,,,,,,-,,,,,,,E0043669,Dullingham,,,,,,,1,UKOS,561832,258575,0.3666639285,52.20165085352,RLY,,,,,,110,2006-11-17T09:19:00,2007-09-26T13:00:00,1,revise,active
9100DUMBRCK,,,,Dumbreck Rail Station,,,,,,-,,,,,,,N0068077,Dumbreck,Glasgow,,,,,,1,UKOS,256010,663666,-4.30123903352,55.84464888672,RLY,,,,,,110,2006-09-18T14:25:00,2011-07-07T13:56:00,3,revise,active
9100DUMFRES,,,,Dumfries Rail Station,,,,,,-,,,,,,,ES001098,Dumfries,,,,,,,1,UKOS,297660,576520,-3.60430327253,55.07255613515,RLY,,,,,,110,2006-09-08T14:30:00,2007-09-26T13:00:00,1,revise,active
9100DUMPTNP,,,,Dumpton Park Rail Station,,,,,,-,,,,,,,E0015410,Dumpton,Ramsgate,,,,,,1,UKOS,638670,166307,1.42581877702,51.34569969591,RLY,,,,,,110,2006-09-08T14:30:00,2007-09-26T13:00:00,1,revise,active
9100DUNANE,,,,Dunblane Rail Station,,,,,,-,,,,,,,N0076692,Dunblane,,,,,,,1,UKOS,278110,700990,-3.96548598926,56.18588968272,RLY,,,,,,110,2006-09-08T14:30:00,2010-07-12T14:38:00,2,revise,active
9100DUNBAR,,,,Dunbar Rail Station,,,,,,-,,,,,,,ES001106,Dunbar,,,,,,,1,UKOS,368080,678490,-2.51334613989,55.99829367156,RLY,,,,,,110,2006-09-08T14:30:00,2007-09-26T13:00:00,1,revise,active
9100DUNCRAG,,,,Duncraig Rail Station,,,,,,-,,,,,,,N0076499,Duncraig,,,,,,,1,UKOS,181207,833239,-5.63713062864,57.33700174333,RLY,,,,,,110,2006-09-08T14:30:00,2010-02-25T14:39:00,3,revise,active
9100DUNDETB,,,,Dundee Rail Station,,,,,,-,,,,,,,ES003919,Dundee,,,,,,,1,UKOS,340242,729793,-2.97120454763,56.4564859313,RLY,,,,,,110,2006-09-08T14:30:00,2007-09-26T13:00:00,1,revise,active
9100DUNKELD,,,,Dunkeld & Birnam Rail Station,,,,,,-,,,,,,,ES001166,Dunkeld,,,,,,,1,UKOS,303080,741680,-3.57839892835,56.55705650245,RLY,,,,,,110,2006-09-08T14:30:00,2007-09-26T13:00:00,1,revise,active
9100DURSLEY,,,,Cam & Dursley Rail Station,,,,,,-,,,,,,,E0046602,Cam,,,,,,,1,UKOS,375290,202160,-2.35908266528,51.71761890831,RLY,,,,,,110,2006-09-08T14:30:00,2007-09-26T13:00:00,1,revise,active
9100DVHL,,,,Dove Holes Rail Station,,,,,,-,,,,,,,E0007067,Dove Holes,,,,,,,1,UKOS,407445,378125,-1.88975153831,53.30002791915,RLY,,,,,,110,2006-09-08T14:30:00,2011-11-02T15:56:00,2,revise,active
9100DWBY,,,,Dewsbury Rail Station,,,,,,-,,,,,,,E0032592,Dewsbury,,,,,,,1,UKOS,424325,421805,-1.63310637589,53.69213135232,RLY,,,,,,110,2006-09-08T14:30:00,2010-07-23T13:58:00,2,revise,active
9100DYCE,,,,Dyce Rail Station,,,,,,-,,,,,,,ES001198,Dyce,,,,,,,1,UKOS,388480,812780,-2.19232230482,57.20564973314,RLY,,,,,,110,2006-09-08T14:30:00,2007-09-26T13:00:00,1,revise,active
9100DYFRYNA,,,,Dyffryn Ardudwy Rail Station,,,,,,-,,,,,,,E0037541,Dyffryn Ardudwy,,,,,,,1,UKOS,258170,323330,-4.10464364155,52.78885140894,RLY,,,,,,110,2006-09-08T14:30:00,2007-09-26T13:00:00,1,revise,active
9100EALINGB,,,,Ealing Broadway Rail Station,,,,,,-,,,,,,,N0077653,Ealing Broadway,Ealing,,,,,,1,UKOS,517938,180913,-0.30175169045,51.51484145449,RLY,,,,,,110,2006-09-08T14:30:00,2014-06-06T14:38:00,2,revise,active
9100EARLSWD,,,,Earlswood (Surrey) Rail Station,,,,,,-,,,,,,,E0025532,Earlswood,Redhill,,,,,,1,UKOS,527820,149160,-0.17082298937,51.2273284568,RLY,,,,,,110,2006-09-08T14:30:00,2007-09-26T13:00:00,1,revise,active
9100EASTBRK,,,,Eastbrook Rail Station,,,,,,-,,,,,,,E0042856,Eastbrook,,,,,,,1,UKOS,316260,171650,-3.20613742666,51.43763539116,RLY,,,,,,110,2006-09-08T14:30:00,2007-09-26T13:00:00,1,revise,active
9100EBOLDON,,,,East Boldon Rail Station,,,,,,-,,,,,,,E0030860,East Boldon,Boldon,,,,,,1,UKOS,437230,561460,-1.42031389216,54.94641505675,RLY,,,,,,110,2006-09-08T14:30:00,2007-09-26T13:00:00,1,revise,active
9100EBOURNE,,,,Eastbourne Rail Station,,,,,,-,,,,,,,E0055734,Eastbourne,,,,,,,1,UKOS,560959,99124,0.28124702493,50.76937799612,RLY,,,,,,110,2006-09-08T14:30:00,2007-09-26T13:00:00,1,revise,active
9100EBSFDOM,,,,Ebbsfleet International Rail Station,,,,,,-,,,,,,,N0078380,Ebbsfleet,,,,,,,0,UKOS,561394,174108,0.32092093528,51.44297320293,RLY,,,,,,110,2009-03-30T11:45:00,2009-03-30T11:48:00,1,revise,active
9100EBSFLTI,,,,Ebbsfleet International Rail Station,,,,,,-,,,,,,,N0078380,Ebbsfleet,,,,,,,1,UKOS,561394,174109,0.32092139087,51.4429821871,RLY,,,,,,110,2007-09-19T15:00:00,2009-04-03T09:43:00,5,delete,inactive
9100EBWVPWY,,,,Ebbw Vale Parkway Rail Station,,,,,,-,,,,,,,E0053947,Ebbw Vale,,,,,,,0,UKOS,317539,207172,-3.19610271144,51.7571434907,RLY,,,,,,110,2008-01-10T13:27:00,2008-01-10T13:44:00,1,revise,active
9100EBWVTCR,,,,Ebbw Vale Town Centre,,,,,,-,,,,,,,E0053947,Ebbw Vale,,,,,,,0,UKOS,316840,209710,-3.20683592923,51.77985421373,RLY,,,,,,110,2008-03-27T14:16:00,2009-03-30T13:22:00,4,delete,inactive
9100EBWVTN,,,,Ebbw Vale Town Rail Station,,,,,,-,,,,,,,E0053947,Ebbw Vale,,,,,,,0,UKOS,317128,209353,-3.20257692119,51.77668790436,RLY,,,,,,110,2015-01-15T11:16:00,2015-01-30T14:11:00,2,revise,active
9100ECCLES,,,,Eccles Rail Station,,,,,,-,,,,,,,E0028369,Eccles,Salford,,,,,,1,UKOS,377900,398790,-2.3345142803,53.48535851872,RLY,,,,,,110,2006-09-08T14:30:00,2007-09-26T13:00:00,1,revise,active
9100ECLR,,,,Eccles Road Rail Station,,,,,,-,,,,,,,E0017555,Eccles Road,,,,,,,1,UKOS,601820,290030,0.96991734211,52.47088402528,RLY,,,,,,110,2006-09-08T14:30:00,2007-09-26T13:00:00,1,revise,active
9100ECPK,,,,Eccleston Park Rail Station,,,,,,-,,,,,,,E0029687,Eccleston Park,Eccleston,,St. Helens,,Eccleston Park,,1,UKOS,348270,392950,-2.78004151413,53.4307861016,RLY,,,,,,110,2006-09-08T14:30:00,2007-09-26T13:00:00,1,revise,active
9100ECROYDN,,,,East Croydon Rail Station,,,,,,-,,,,,,,N0060493,Croydon,London,,,,,,1,UKOS,532841,165770,-0.0927796195,51.37545380421,RLY,,,,,,110,2006-09-08T14:30:00,2008-11-19T17:24:00,2,revise,active
9100EDALE,,,,Edale Rail Station,,,,,,-,,,,,,,E0045129,Edale,,,,,,,1,UKOS,412300,385360,-1.81662620344,53.36497112471,RLY,,,,,,110,2006-09-08T14:30:00,2011-11-02T15:56:00,2,revise,active
9100EDGH,,,,Edge Hill Rail Station,,,,,,-,,,,,,,E0029688,Edge Hill,Liverpool,,Liverpool,,Edge Hill,,1,UKOS,337170,389950,-2.94648295952,53.40261614879,RLY,,,,,,110,2006-09-08T14:30:00,2007-09-26T13:00:00,1,revise,active
9100EDIDBRY,,,,East Didsbury Rail Station,,,,,,-,,,,,,,E0028368,East Didsbury,Didsbury,,,,,,1,UKOS,385340,390300,-2.22199631348,53.40930831313,RLY,,,,,,110,2006-09-08T14:30:00,2007-09-26T13:00:00,1,revise,active
9100EDINBUR,,,,Edinburgh Rail Station,,,,,,-,,,,,,,ES001268,Edinburgh,,,,,,,1,UKOS,325900,673900,-3.18822768403,55.95239282275,RLY,,,,,,110,2006-09-08T14:30:00,2007-09-26T13:00:00,1,revise,active
9100EDINGWY,,,,Edinburgh Gateway Rail Station,,,,,,-,,,,,,,N0067298,Gogar,,,,,,,1,UKOS,317632,672775,-3.32025139367,55.94093991807,RLY,,,,,,110,2016-09-24T00:00:00,2016-09-24T00:00:00,1,revise,active
9100EDINPRK,,,,Edinburgh Park Rail Station,,,,,,-,,,,,,,N0078275,Edinburgh Park,Edinburgh,,,,,,1,UKOS,318390,671270,-3.30766414616,55.9275507897,RLY,,,,,,110,2006-09-08T14:30:00,2008-02-06T14:32:00,2,revise,active
9100EDMNGRN,,,,Edmonton Green Rail Station,,,,,,-,,,,,,,E0034304,Lower Edmonton,London,,,,,,1,UKOS,534310,193570,-0.06111241288,51.62492875735,RLY,,,,,,110,2006-09-08T14:30:00,2009-08-21T14:45:00,2,revise,active
9100EDNB,,,,Edenbridge Rail Station,,,,,,-,,,,,,,E0047239,Edenbridge,,,,,,,1,UKOS,544040,147487,0.06064634772,51.20843561815,RLY,,,,,,110,2006-11-17T09:19:00,2007-09-26T13:00:00,1,revise,active
9100EDNT,,,,Edenbridge Town Rail Station,,,,,,-,,,,,,,E0047239,Edenbridge,,,,,,,1,UKOS,544522,146571,0.06717310341,51.2000827298,RLY,,,,,,110,2006-09-08T14:30:00,2007-09-26T13:00:00,1,revise,active
9100EDPK,,,,Eden Park Rail Station,,,,,,-,,,,,,,E0034094,Eden Park,London,,,,,,1,UKOS,537420,167520,-0.02635507689,51.39009103117,RLY,,,,,,110,2006-09-08T14:30:00,2010-09-06T15:15:00,3,revise,active
9100EDULWCH,,,,East Dulwich Rail Station,,,,,,-,,,,,,,N0060437,East Dulwich,Dulwich,,,,,,1,UKOS,533440,175360,-0.08057161944,51.4614944798,RLY,,,,,,110,2006-09-08T14:30:00,2010-05-10T19:49:00,2,revise,active
9100EFARBUS,,,,East Farleigh - Bull Inn,,,,,,-,,,,,,,E0047204,East Farleigh,,,,,,,0,UKOS,573450,153256,0.48407230318,51.25209484763,BCQ,,,,,,110,2008-11-06T15:24:00,2009-08-21T13:15:00,2,revise,active
9100EFARLGH,,,,East Farleigh Rail Station,,,,,,-,,,,,,,E0047204,East Farleigh,,,,,,,1,UKOS,573484,153607,0.48472904846,51.25523768107,RLY,,,,,,110,2006-09-08T14:30:00,2007-09-26T13:00:00,1,revise,active
9100EFNGHMJ,,,,Effingham Junction Rail Station,,,,,,-,,,,,,,E0025367,Effingham Junction,,,,,,,1,UKOS,510271,155892,-0.41996533957,51.29149533536,RLY,,,,,,110,2006-11-17T09:19:00,2007-09-26T13:00:00,1,revise,active
9100EGGESFD,,,,Eggesford Rail Station,,,,,,-,,,,,,,E0045308,Eggesford,,,,,,,1,UKOS,268230,111480,-3.87474511409,50.88773671369,RLY,,,,,,110,2006-09-08T14:30:00,2007-09-26T13:00:00,1,revise,active
9100EGHAM,,,,Egham Rail Station,,,,,,-,,,,,,,E0025595,Egham,,,,,,,1,UKOS,501143,171073,-0.54651215234,51.42964677435,RLY,,,,,,110,2006-09-08T14:30:00,2007-09-26T13:00:00,1,revise,active
9100EGLSCLF,,,,Eaglescliffe Rail Station,,,,,,-,,,,,,,E0042063,Eaglescliffe,Yarm,,,,,,1,UKOS,442200,515100,-1.34943701307,54.52943150935,RLY,,,,,,110,2006-09-08T14:30:00,2007-09-26T13:00:00,1,revise,active
9100EGRFRTH,,,,East Garforth Rail Station,,,,,,-,,,,,,,E0032620,East Garforth,Leeds,,,,,,1,UKOS,441565,433035,-1.37053681811,53.79197747142,RLY,,,,,,110,2006-09-08T14:30:00,2010-07-23T13:59:00,2,revise,active
9100EGRNSTD,,,,East Grinstead Rail Station,,,,,,-,,,,,,,E0052194,East Grinstead,,,,,,,1,UKOS,538800,138200,-0.01790001232,51.12627357982,RLY,,,,,,110,2006-09-08T14:30:00,2007-09-26T13:00:00,1,revise,active
9100EGTON,,,,Egton Rail Station,,,,,,-,,,,,,,E0049481,Egton,,,,,,,1,UKOS,480430,505380,-0.76146487581,54.43748142362,RLY,,,,,,110,2006-09-08T14:30:00,2011-11-02T16:40:00,2,revise,active
9100EKILBRD,,,,East Kilbride Rail Station,,,,,,-,,,,,,,ES001222,East Kilbride,,,,,,,1,UKOS,263310,654670,-4.18022700965,55.76600339989,RLY,,,,,,110,2006-09-08T14:30:00,2007-09-26T13:00:00,1,revise,active
9100ELGH,,,,Eastleigh Rail Station,,,,,,-,,,,,,,E0057423,Eastleigh,,,,,,,1,UKOS,445732,119071,-1.35008445334,50.96925016601,RLY,,,,,,110,2006-09-08T14:30:00,2007-09-26T13:00:00,1,revise,active
9100ELGIN,,,,Elgin Rail Station,,,,,,-,,,,,,,ES001294,Elgin,,,,,,,1,UKOS,321823,862199,-3.31124590487,57.64290938189,RLY,,,,,,110,2006-09-08T14:30:00,2007-09-26T13:00:00,1,revise,active
9100ELMERSE,,,,Elmers End Rail Station,,,,,,-,,,,,,,N0065151,Elmers End,London,,,,,,1,UKOS,535780,168411,-0.04957026642,51.39849235029,RLY,,,,,,110,2006-09-08T14:30:00,2014-02-03T14:25:00,2,revise,active
9100ELMSWEL,,,,Elmswell Rail Station,,,,,,-,,,,,,,E0051410,Elmswell,,,,,,,1,UKOS,598970,263980,0.91258957521,52.23804026659,RLY,,,,,,110,2006-09-08T14:30:00,2007-09-26T13:00:00,1,revise,active
9100ELMW,,,,Elmstead Woods Rail Station,,,,,,-,,,,,,,E0034096,Elmstead,London,,,,,,1,UKOS,542250,170660,0.04427414538,51.41711760416,RLY,,,,,,110,2006-09-08T14:30:00,2007-09-26T13:00:00,1,revise,active
9100ELPHNAC,,,,Elephant & Castle Rail Station,,,,,,-,,,,,,,N0077657,Elephant & Castle,London,,,,,,1,UKOS,532085,178945,-0.0987254952,51.49402877713,RLY,,,,,,110,2006-09-08T14:30:00,2010-06-04T17:53:00,3,revise,active
9100ELSC,,,,Elsecar Rail Station,,,,,,-,,,,,,,E0030155,Elsecar,,,,,,,1,UKOS,438080,400370,-1.4274237643,53.49865904794,RLY,,,,,,110,2006-09-08T14:30:00,2007-09-26T13:00:00,1,revise,active
9100ELSENHM,,,,Elsenham Rail Station,,,,,,-,,,,,,,E0046389,Elsenham,,,,,,,1,UKOS,553321,227014,0.22807036687,51.92054552495,RLY,,,,,,110,2006-09-08T14:30:00,2007-09-26T13:00:00,1,revise,active
9100ELSMPRT,,,,Ellesmere Port Rail Station,,,,,,-,,,,,,,N0071662,Ellesmere Port,,,,,,,0,UKOS,340330,376510,-2.89642257273,53.2821909626,RLY,,,,,,110,2006-09-08T14:30:00,2010-01-14T13:54:00,2,revise,active
9100ELTHAM,,,,Eltham Rail Station,,,,,,-,,,,,,,E0034325,Eltham,London,,,,,,1,UKOS,542700,174960,0.05247241766,51.45564352415,RLY,,,,,,110,2006-09-08T14:30:00,2010-05-10T19:50:00,2,revise,active
9100ELTON,,,,Elton & Orston Rail Station,,,,,,-,,,,,,,E0050220,Orston,,,,,,,1,UKOS,476990,340030,-0.85551234212,52.95213626066,RLY,,,,,,110,2006-09-08T14:30:00,2011-01-24T11:18:00,2,revise,active
9100ELTR,,,,Elstree & Borehamwood Rail Station,,,,,,-,,,,,,,E0014005,Borehamwood,,,,,,,1,UKOS,519080,196320,-0.28008146185,51.65306935547,RLY,,,,,,110,2006-09-08T14:30:00,2012-01-11T17:08:00,3,revise,active
9100ELWD,,,,Earlswood (West Midlands) Rail Station,,,,,,-,,,,,,,E0026142,Earlswood,Solihull,,,,,,1,UKOS,409550,274290,-1.86116948255,52.36658114792,RLY,,,,,,110,2006-09-08T14:30:00,2008-02-06T14:30:00,2,revise,active
9100ELYY,,,,Ely Rail Station,,,,,,-,,,,,,,E0043670,Ely,,,,,,,1,UKOS,554350,279440,0.26682768314,52.39122980535,RLY,,,,,,110,2006-09-08T14:30:00,2007-09-26T13:00:00,1,revise,active
9100EMALING,,,,East Malling Rail Station,,,,,,-,,,,,,,E0047342,East Malling,,,,,,,1,UKOS,570200,156900,0.43928038001,51.2858098179,RLY,,,,,,110,2006-09-08T14:30:00,2008-02-06T14:31:00,2,revise,active
9100EMPKWAY,,,,East Midlands Parkway Rail Station,,,,,,-,,,,,,,E0050224,Ratcliffe on Soar,,,,,,,0,UKOS,449700,329700,-1.26323185388,52.86250055105,RLY,,,,,,110,2009-01-02T12:03:00,2013-08-15T09:18:00,5,revise,active
9100EMRSPKH,,,,Emerson Park Rail Station,,,,,,-,,,,,,,E0034462,Hornchurch,London,,,,,,1,UKOS,553965,187865,0.22011332512,51.5686424274,RLY,,,,,,110,2006-09-08T14:30:00,2010-05-14T15:24:00,3,revise,active
9100EMSWTH,,,,Emsworth Rail Station,,,,,,-,,,,,,,E0013038,Emsworth,,,,,,,1,UKOS,474825,106325,-0.9384296638,50.85161431692,RLY,,,,,,110,2006-09-08T14:30:00,2011-05-23T14:47:00,2,revise,active
9100ENFC,,,,Enfield Chase Rail Station,,,,,,-,,,,,,,N0075228,Enfield Town,Enfield,,,,,,1,UKOS,532180,196666,-0.09069628967,51.65325408365,RLY,,,,,,110,2006-09-08T14:30:00,2010-05-14T15:09:00,3,revise,active
9100ENFCOAK,,,,Oakwood Station,,,,,,-,,,,,,,N0060480,Oakwood,London,,,,,,1,UKOS,529326,195977,-0.13218237487,51.64772560656,RLY,,,,,,110,2007-02-28T16:30:00,2016-01-15T13:16:00,4,revise,inactive
9100ENFLDLK,,,,Enfield Lock Rail Station,,,,,,-,,,,,,,E0034298,Enfield Lock,London,,,,,,1,UKOS,536427,198745,-0.02853238224,51.67092208674,RLY,,,,,,110,2006-09-08T14:30:00,2010-05-14T15:05:00,2,revise,active
9100ENFLDTN,,,,Enfield Town Rail Station,,,,,,-,,,,,,,N0075228,Enfield Town,Enfield,,,,,,1,UKOS,532970,196550,-0.0793275609,51.65202555792,RLY,,,,,,110,2006-09-08T14:30:00,2010-02-10T15:02:00,3,revise,active
9100ENTWISL,,,,Entwistle Rail Station,,,,,,-,,,,,,,E0035204,Entwistle,,,,,,,1,UKOS,372700,417800,-2.41454472003,53.65597642811,RLY,,,,,,110,2006-09-08T14:30:00,2007-09-26T13:00:00,1,revise,active
9100EPSDNS,,,,Epsom Downs Rail Station,,,,,,-,,,,,,,E0057638,Epsom,,,,,,,1,UKOS,522806,159759,-0.23895477144,51.32368750419,RLY,,,,,,110,2006-09-08T14:30:00,2009-03-06T16:35:00,2,revise,active
9100EPSM,,,,Epsom Rail Station,,,,,,-,,,,,,,E0057638,Epsom,,,,,,,1,UKOS,520700,160900,-0.26877760216,51.33439273045,RLY,,,,,,110,2006-09-08T14:30:00,2007-09-26T13:00:00,1,revise,active
9100ERDNGTN,,,,Erdington Rail Station,,,,,,-,,,,,,,E0031532,Erdington,Birmingham,,,,,,1,UKOS,410985,292280,-1.8395088764,52.52828416108,RLY,,,,,,110,2006-09-08T14:30:00,2010-04-01T15:54:00,2,revise,active
9100ERGNCHP,,,,Energlyn & Churchill Park Rail Station,,,,,,-,,,,,,,N0061393,Churchill Park,Caerphilly,,,,,,0,UKOS,314957,187866,-3.22879549261,51.58321285685,RLY,,,,,,110,2013-09-17T15:02:00,2013-09-17T15:04:00,1,revise,active
9100ERIDBUS,,,,Eridge - A26,,,,,,-,,,,,,,E0010781,Eridge Green,,,,,,,0,UKOS,554265,134349,0.20128689297,51.08771827351,BCQ,,,,,,110,2008-07-07T16:24:00,2009-08-21T13:15:00,2,revise,active
9100ERIDGE,,,,Eridge Rail Station,,,,,,-,,,,,,,E0010781,Eridge Green,,,,,,,1,UKOS,554271,134488,0.20143180721,51.08896563979,RLY,,,,,,110,2006-09-08T14:30:00,2007-09-26T13:00:00,1,revise,active
9100ERITH,,,,Erith Rail Station,,,,,,-,,,,,,,E0034015,Erith,London,,,,,,1,UKOS,551130,178100,0.17505454186,51.48167092798,RLY,,,,,,110,2006-09-08T14:30:00,2010-05-14T15:09:00,2,revise,active
9100ERLFLD,,,,Earlsfield Rail Station,,,,,,-,,,,,,,E0034893,Earlsfield,London,,,,,,1,UKOS,526050,173040,-0.18771485554,51.44233697017,RLY,,,,,,110,2006-09-08T14:30:00,2010-05-10T19:49:00,2,revise,active
9100ERLSTWN,,,,Earlestown Rail Station,,,,,,-,,,,,,,E0029684,Earlestown,Newton le Willows,,St. Helens,,Earlstown,,1,UKOS,357750,395120,-2.63766325712,53.45113672322,RLY,,,,,,110,2006-09-08T14:30:00,2007-09-26T13:00:00,1,revise,active
9100ERLY,,,,Earley Rail Station,,,,,,-,,,,,,,E0053897,Earley,,,,,,,1,UKOS,475300,171900,-0.91798814407,51.44109996027,RLY,,,,,,110,2006-09-08T14:30:00,2007-09-26T13:00:00,1,revise,active
9100ESHER,,,,Esher Rail Station,,,,,,-,,,,,,,E0025287,Esher,,,,,,,1,UKOS,514696,165824,-0.35333776011,51.3798911037,RLY,,,,,,110,2006-09-08T14:30:00,2007-09-26T13:00:00,1,revise,active
9100ESHS,,,,Easterhouse Rail Station,,,,,,-,,,,,,,ES001240,Easterhouse,Glasgow,,,,,,1,UKOS,268210,664960,-4.10717637796,55.85975623695,RLY,,,,,,110,2006-09-08T14:30:00,2007-09-26T13:00:00,1,revise,active
9100ESKBANK,,,,Eskbank Rail Station,,,,,,-,,,,,,,N0067286,Eskbank,,,Eskbank,,,,0,UKOS,332343,665936,-3.08307301274,55.88180241996,RLY,,,,,,110,2015-03-26T10:02:00,2015-03-26T10:16:00,1,revise,active
9100ESSEXRD,,,,Essex Road Rail Station,,,,,,-,,,,,,,E0057744,Islington,London,,,,,,1,UKOS,532120,184140,-0.09627597823,51.54070534415,RLY,,,,,,110,2006-09-08T14:30:00,2007-09-26T13:00:00,1,revise,active
9100ESTFLDS,,,,Mitcham Eastfields Rail Station,,,,,,-,,,,,,,E0034687,Mitcham,London,,,,,,0,UKOS,528445,169250,-0.15464595628,51.40773905036,RLY,,,,,,110,2008-02-20T13:31:00,2010-05-27T17:09:00,3,revise,active
9100ESTHRAK,,,,Eastham Rake Rail Station,,,,,,-,,,,,,,E0029685,Eastham,,,Wirral,,Eastham,,1,UKOS,334721,379404,-2.98113242826,53.30753837031,RLY,,,,,,110,2006-09-08T14:30:00,2009-03-30T13:33:00,3,revise,active
9100ESTRNGT,,,,Eastrington Rail Station,,,,,,-,,,,,,,E0053026,Eastrington,,,,,,,1,UKOS,480034,429437,-0.78763031919,53.75516109367,RLY,,,,,,110,2006-09-08T14:30:00,2007-09-26T13:00:00,1,revise,active
9100ETCHNGM,,,,Etchingham Rail Station,,,,,,-,,,,,,,E0046075,Etchingham,,,,,,,1,UKOS,571431,126301,0.44235637924,51.01054616552,RLY,,,,,,110,2006-09-08T14:30:00,2007-09-26T13:00:00,1,revise,active
9100ETILBRY,,,,East Tilbury Rail Station,,,,,,-,,,,,,,E0042662,East Tilbury,,,,,,,1,UKOS,567634,178969,0.41292789242,51.48483135765,RLY,,,,,,110,2006-09-08T14:30:00,2007-09-26T13:00:00,1,revise,active
9100ETRURIA,,,,Etruria Rail Station,,,,,,-,,,,,,,E0042136,Etruria,Stoke-on-Trent,,,,,,1,UKOS,386554,346967,-2.20189221599,53.01983004336,RLY,,,,,,110,2006-09-08T14:30:00,2007-09-26T13:00:00,1,delete,inactive
9100EUSTON,,,,London Euston Rail Station,,,,,,-,,,,,,,N0077660,Euston,London,,,,,,1,UKOS,529545,182675,-0.13392355556,51.52813624438,RLY,,,,,,110,2006-09-08T14:30:00,2010-01-22T14:41:00,2,revise,active
9100EUXT,,,,Euxton Balshaw Lane Rail Station,,,,,,-,,,,,,,E0047397,Euxton,,,,,,,1,UKOS,355688,418431,-2.67202345656,53.66047929434,RLY,,,,,,110,2006-09-08T14:30:00,2010-06-21T10:43:00,2,revise,active
9100EVESHAM,,,,Evesham Rail Station,,,,,,-,,,,,,,E0052599,Evesham,,,,,,,1,UKOS,403706,244452,-1.94731347263,52.09839706091,RLY,,,,,,110,2006-09-08T14:30:00,2007-09-26T13:00:00,1,revise,active
9100EWELLE,,,,Ewell East Rail Station,,,,,,-,,,,,,,E0025324,Ewell,,,,,,,1,UKOS,522569,162158,-0.24152956042,51.34529954552,RLY,,,,,,110,2006-09-08T14:30:00,2007-09-26T13:00:00,1,revise,active
9100EWELW,,,,Ewell West Rail Station,,,,,,-,,,,,,,E0025324,Ewell,,,,,,,1,UKOS,521480,162660,-0.25698654147,51.35004486032,RLY,,,,,,110,2006-09-08T14:30:00,2007-09-26T13:00:00,1,revise,active
9100EWRTHNG,,,,East Worthing Rail Station,,,,,,-,,,,,,,N0077919,East Worthing,Worthing,,,,,,1,UKOS,515975,103745,-0.35489367408,50.82164517579,RLY,,,,,,110,2006-09-08T14:30:00,2012-02-27T13:11:00,2,revise,active
9100EXETERC,,,,Exeter Central Rail Station,,,,,,-,,,,,,,E0055597,Exeter City Centre,Exeter,,,,,,1,UKOS,291875,92995,-3.5332764081,50.72648416524,RLY,,,,,,110,2006-09-08T14:30:00,2009-01-19T11:29:00,2,revise,active
9100EXETRSD,,,,Exeter St Davids Rail Station,,,,,,-,,,,,,,E0055597,Exeter City Centre,Exeter,,,,,,1,UKOS,291175,93320,-3.54328617686,50.72927488396,RLY,,,,,,110,2006-09-08T14:30:00,2009-07-21T11:19:00,3,revise,active
9100EXETRST,,,,Exeter St Thomas Rail Station,,,,,,-,,,,,,,E0055597,Exeter City Centre,Exeter,,,,,,1,UKOS,291461,91965,-3.53883629793,50.71714778586,RLY,,,,,,110,2006-09-08T14:30:00,2009-06-18T15:41:00,2,revise,active
9100EXHIBTC,,,,Exhibition Centre (Glasgow) Rail Station,,,,,,-,,,,,,,N0072795,Finnieston,Glasgow,,,,,,1,UKOS,257177,665510,-4.2835887361,55.86155089969,RLY,,,,,,110,2006-09-08T14:30:00,2011-07-18T15:37:00,3,revise,active
9100EXMOUTH,,,,Exmouth Rail Station,,,,,,-,,,,,,,E0007529,Exmouth,,,,,,,1,UKOS,300002,81170,-3.41497163564,50.62163484295,RLY,,,,,,110,2006-09-08T14:30:00,2007-09-26T13:00:00,1,revise,active
9100EXTON,,,,Exton Rail Station,,,,,,-,,,,,,,E0007530,Exton,,,,,,,1,UKOS,298043,86399,-3.44409619975,50.66830357961,RLY,,,,,,110,2006-09-08T14:30:00,2007-09-26T13:00:00,1,revise,active
9100EYNSFD,,,,Eynsford Rail Station,,,,,,-,,,,,,,E0047240,Eynsford,,,,,,,1,UKOS,553565,164934,0.20439321559,51.36272035218,RLY,,,,,,110,2006-09-08T14:30:00,2007-09-26T13:00:00,1,revise,active
9100FAIRLIE,,,,Fairlie Rail Station,,,,,,-,,,,,,,ES001338,Fairlie,,,,,,,1,UKOS,221030,654640,-4.85326741318,55.75194238826,RLY,,,,,,110,2006-09-08T14:30:00,2007-09-26T13:00:00,1,revise,active
9100FALCNWD,,,,Falconwood Rail Station,,,,,,-,,,,,,,N0060442,Falconwood,London,,,,,,1,UKOS,544553,175403,0.07930456484,51.45915447314,RLY,,,,,,110,2006-09-08T14:30:00,2010-05-14T15:10:00,2,revise,active
9100FALKRKG,,,,Falkirk Grahamston Rail Station,,,,,,-,,,,,,,ES001347,Falkirk,,,,,,,1,UKOS,288780,680290,-3.78504610591,56.00261332185,RLY,,,,,,110,2006-09-08T14:30:00,2007-09-26T13:00:00,1,revise,active
9100FALKRKH,,,,Falkirk High Rail Station,,,,,,-,,,,,,,ES001347,Falkirk,,,,,,,1,UKOS,288300,679100,-3.79224410991,55.99181515745,RLY,,,,,,110,2006-09-08T14:30:00,2007-09-26T13:00:00,1,revise,active
9100FALMTHD,,,,Falmouth Docks Rail Station,,,,,,-,,,,,,,E0044490,Falmouth,,,,,,,1,UKOS,181777,32322,-5.05602809633,50.15070774907,RLY,,,,,,110,2006-09-08T14:30:00,2007-09-26T13:00:00,1,revise,active
9100FALMTHT,,,,Falmouth Town Rail Station,,,,,,-,,,,,,,E0044490,Falmouth,,,,,,,1,UKOS,181130,32085,-5.06493489696,50.14834079608,RLY,,,,,,110,2006-09-08T14:30:00,2011-09-30T10:48:00,2,revise,active
9100FALSWTH,,,,Failsworth Rail Station (closed),,,,,,-,,,,,,,E0028385,Failsworth,,,,,,,1,UKOS,389267,401535,-2.16331024455,53.51038864365,RLY,,,,,,110,2006-09-08T14:30:00,2013-05-15T09:43:00,4,revise,inactive
9100FAMBDGE,,,,North Fambridge Rail Station,,,,,,-,,,,,,,N0076785,Fambridge,,,,,,,1,UKOS,585622,197826,0.6816589112,51.64858373723,RLY,,,,,,110,2006-09-08T14:30:00,2011-06-08T14:37:00,3,revise,active
9100FAMR,,,,Falmer Rail Station,,,,,,-,,,,,,,E0046040,Falmer,,,,,,,1,UKOS,534700,108700,-0.08738542572,50.86212905628,RLY,,,,,,110,2006-09-08T14:30:00,2007-09-26T13:00:00,2,revise,active
9100FAREHAM,,,,Fareham Rail Station,,,,,,-,,,,,,,E0012900,Fareham,,,,,,,1,UKOS,456971,106257,-1.19203711934,50.85303359642,RLY,,,,,,110,2006-11-17T09:19:00,2007-09-26T13:00:00,1,revise,active
9100FARNHAM,,,,Farnham Rail Station,,,,,,-,,,,,,,E0051819,Farnham,,,,,,,1,UKOS,484446,146548,-0.79242710526,51.21190464302,RLY,,,,,,110,2006-09-08T14:30:00,2007-09-26T13:00:00,1,revise,active
9100FAULDHS,,,,Fauldhouse Rail Station,,,,,,-,,,,,,,ES001361,Fauldhouse,,,,,,,1,UKOS,292380,660140,-3.71931861192,55.82247342039,RLY,,,,,,110,2006-09-08T14:30:00,2007-09-26T13:00:00,1,revise,active
9100FAVRSHM,,,,Faversham Rail Station,,,,,,-,,,,,,,E0047300,Faversham,,,,,,,1,UKOS,601585,160924,0.89104501636,51.31171374444,RLY,,,,,,110,2006-09-08T14:30:00,2007-09-26T13:00:00,1,revise,active
9100FAYGATE,,,,Faygate Rail Station,,,,,,-,,,,,,,E0026686,Faygate,,,,,,,1,UKOS,521728,134388,-0.26301859246,51.09589063824,RLY,,,,,,110,2006-11-17T09:19:00,2007-09-26T13:00:00,1,revise,active
9100FAZKRLY,,,,Fazakerley Rail Station,,,,,,-,,,,,,,E0029696,Fazakerley,Liverpool,,Liverpool,,Fazakerley,,1,UKOS,337916,397336,-2.93672322211,53.46908477784,RLY,,,,,,110,2006-09-08T14:30:00,2008-11-17T17:03:00,2,revise,active
9100FEARN,,,,Fearn Rail Station,,,,,,-,,,,,,,ES001362,Fearn,,,,,,,1,UKOS,281518,878244,-3.99393568223,57.77814233557,RLY,,,,,,110,2006-09-08T14:30:00,2010-02-25T14:33:00,2,revise,active
9100FELTHAM,,,,Feltham Rail Station,,,,,,-,,,,,,,E0034535,Feltham,London,,,,,,1,UKOS,510600,173300,-0.40983816198,51.44789837785,RLY,,,,,,110,2006-09-08T14:30:00,2007-09-26T13:00:00,1,revise,active
9100FENCHRS,,,,London Fenchurch Street Rail Station,,,,,,-,,,,,,,E0057722,City of London,London,,,,,,1,UKOS,533410,180940,-0.07889668725,51.51164583445,RLY,,,,,,110,2006-09-08T14:30:00,2010-06-04T17:52:00,3,revise,active
9100FENITON,,,,Feniton Rail Station,,,,,,-,,,,,,,E0045246,Feniton,,,,,,,1,UKOS,309485,99355,-3.28541770355,50.78667690633,RLY,,,,,,110,2006-09-08T14:30:00,2010-10-05T14:56:00,2,revise,active
9100FERNHIL,,,,Fernhill Rail Station,,,,,,-,,,,,,,N0075511,Fernhill,,,,,,,1,UKOS,303600,199560,-3.39588264959,51.68649496363,RLY,,,,,,110,2006-09-08T14:30:00,2008-02-06T14:40:00,2,revise,active
9100FERRIBY,,,,Ferriby Rail Station,,,,,,-,,,,,,,E0053089,North Ferriby,,,,,,,1,UKOS,498570,425560,-0.50783039182,53.71715458482,RLY,,,,,,110,2006-09-08T14:30:00,2007-09-26T13:00:00,1,revise,active
9100FFAIRFC,,,,Ffairfach Rail Station,,,,,,-,,,,,,,E0036012,Ffair-fach,,,,,,,1,UKOS,262900,221200,-3.99285940936,51.87247446237,RLY,,,,,,110,2006-09-08T14:30:00,2007-09-26T13:00:00,1,revise,active
9100FGDHBR,,,,Fishguard Harbour Rail Station,,,,,,-,,,,,,,E0055083,Goodwick,Fishguard,,,,,,1,UKOS,195200,239000,-4.98564201974,52.01154268235,RLY,,,,,,110,2006-09-08T14:30:00,2007-09-26T13:00:00,1,revise,active
9100FGDHGWK,,,,Fishguard & Goodwick Rail Station,,,,,,-,,,,,,,E0055083,Goodwick,Fishguard,,,,,,0,UKOS,194535,238200,-4.99483776655,52.00411412367,RLY,,,,,,110,2011-11-30T16:25:00,2011-11-30T16:26:00,1,revise,active
9100FILEY,,,,Filey Rail Station,,,,,,-,,,,,,,E0049484,Filey,,,,,,,1,UKOS,511370,480690,-0.29384931799,54.20985831876,RLY,,,,,,110,2006-09-08T14:30:00,2007-09-26T13:00:00,1,revise,active
9100FILTNEW,,,,Filton Abbey Wood Rail Station,,,,,,-,,,,,,,E0053705,Filton,,,,,,,1,UKOS,361060,178595,-2.56243055098,51.50493898751,RLY,,,,,,110,2006-09-08T14:30:00,2007-09-26T13:00:00,1,revise,active
9100FINSTCK,,,,Finstock Rail Station,,,,,,-,,,,,,,E0050516,Finstock,,,,,,,1,UKOS,436647,217265,-1.46934294751,51.85278214746,RLY,,,,,,110,2006-09-08T14:30:00,2007-09-26T13:00:00,1,revise,active
9100FISKRTN,,,,Fiskerton Rail Station,,,,,,-,,,,,,,E0050135,Fiskerton,,,,,,,1,UKOS,473000,352000,-0.91218751063,53.0602739004,RLY,,,,,,110,2006-09-08T14:30:00,2007-09-26T13:00:00,1,revise,active
9100FITZWLM,,,,Fitzwilliam Rail Station,,,,,,-,,,,,,,E0032689,Fitzwilliam,Hemsworth,,,,,,1,UKOS,441475,415290,-1.37427302168,53.6325006285,RLY,,,,,,110,2006-09-08T14:30:00,2010-07-23T14:00:00,2,revise,active
9100FIVEWYS,,,,Five Ways Rail Station,,,,,,-,,,,,,,E0057937,Birmingham,,,,,,,1,UKOS,406010,285910,-1.91295429272,52.47109493838,RLY,,,,,,110,2006-09-08T14:30:00,2007-09-26T13:00:00,1,revise,active
9100FLEET,,,,Fleet Rail Station,,,,,,-,,,,,,,E0012991,Fleet,,,,,,,1,UKOS,481626,155260,-0.83080560384,51.29063481118,RLY,,,,,,110,2006-09-08T14:30:00,2007-09-26T13:00:00,1,revise,active
9100FLIMBY,,,,Flimby Rail Station,,,,,,-,,,,,,,E0004898,Flimby,,,,,,,1,UKOS,302070,533800,-3.52074002752,54.6896869778,RLY,,,,,,110,2006-09-08T14:30:00,2011-03-07T14:29:00,2,revise,active
9100FLINT,,,,Flint Rail Station,,,,,,-,,,,,,,E0054233,Flint,,,,,,,1,UKOS,324500,373100,-3.1329931167,53.24952410367,RLY,,,,,,110,2006-09-08T14:30:00,2007-09-26T13:00:00,1,revise,active
9100FLITWCK,,,,Flitwick Rail Station,,,,,,-,,,,,,,E0043889,Flitwick,,,,,,,1,UKOS,503390,234980,-0.49525779354,52.00364206233,RLY,,,,,,110,2006-09-08T14:30:00,2007-09-26T13:00:00,1,revise,active
9100FLIXTON,,,,Flixton Rail Station,,,,,,-,,,,,,,E0028410,Flixton,,,,,,,0,UKOS,374575,394184,-2.38424643106,53.44380776293,RLY,,,,,,110,2006-09-08T14:30:00,2010-04-30T10:23:00,3,revise,active
9100FLKSTNC,,,,Folkestone Central Rail Station,,,,,,-,,,,,,,E0015186,Folkestone,,,,,,,1,UKOS,622084,136286,1.16948247946,51.08288758211,RLY,,,,,,110,2006-09-08T14:30:00,2007-09-26T13:00:00,1,revise,active
9100FLKSTNW,,,,Folkestone West Rail Station,,,,,,-,,,,,,,E0015186,Folkestone,,,,,,,1,UKOS,620985,136428,1.15390351926,51.08458655955,RLY,,,,,,110,2006-09-08T14:30:00,2007-09-26T13:00:00,1,revise,active
9100FLSCRHN,,,,Falls of Cruachan Rail Station,,,,,,-,,,,,,,N0077119,Falls Of Cruachan,,,,,,,1,UKOS,207990,726750,-5.11247770875,56.39388301069,RLY,,,,,,110,2006-09-08T14:30:00,2008-02-06T14:39:00,2,revise,active
9100FLWRYFD,,,,Flowery Field Rail Station,,,,,,-,,,,,,,N0074984,Flowery Field,Hyde,,,,,,1,UKOS,394716,396126,-2.08105291392,53.46185447834,RLY,,,,,,110,2006-09-08T14:30:00,2008-12-24T15:21:00,3,revise,active
9100FLXSTOW,,,,Felixstowe Rail Station,,,,,,-,,,,,,,E0051619,Felixstowe,,,,,,,1,UKOS,630250,235146,1.35043524483,51.96707238525,RLY,,,,,,110,2006-09-08T14:30:00,2007-09-26T13:00:00,1,revise,active
9100FNCHLYR,,,,Finchley Road & Frognal Rail Station,,,,,,-,,,,,,,E0034188,West Hampstead,London,,,,,,1,UKOS,526070,185050,-0.18314052117,51.55026586449,RLY,,,,,,110,2006-09-08T14:30:00,2009-08-21T14:48:00,2,revise,active
9100FNCHMET,,,,Finchley Road Underground Station,,,,,,-,,,,,,,N0077664,Finchley Road,South Hampstead,,,,,,0,UKOS,526328,184677,-0.17955532645,51.54685612105,BCQ,,,,,,110,2009-05-29T16:43:00,2009-05-29T16:44:00,1,revise,active
9100FNPK,,,,Finsbury Park Rail Station,,,,,,-,,,,,,,N0065154,Finsbury Park,London,,,,,,1,UKOS,531358,186746,-0.10628489777,51.56430177264,RLY,,,,,,110,2006-09-08T14:30:00,2008-10-10T16:05:00,2,revise,active
9100FNTLSR,,,,Farringdon (London) Rail Station,,,,,,-,,,,,,,N0065138,Clerkenwell,London,,,,,,1,UKOS,531570,181855,-0.10505494712,51.52029956265,RLY,,,,,,110,2006-09-08T14:30:00,2011-06-24T16:28:00,6,delete,inactive
9100FORD,,,,Ford Rail Station,,,,,,-,,,,,,,E0052068,Ford,,,,,,,1,UKOS,500215,104280,-0.57840994816,50.82939380689,RLY,,,,,,110,2006-09-08T14:30:00,2011-08-22T14:03:00,2,revise,active
9100FORESTH,,,,Forest Hill Rail Station,,,,,,-,,,,,,,E0034662,Forest Hill,London,,,,,,1,UKOS,535410,172940,-0.05315702337,51.43928010723,RLY,,,,,,110,2006-09-08T14:30:00,2010-05-14T15:10:00,2,revise,active
9100FORMBY,,,,Formby Rail Station,,,,,,-,,,,,,,E0029702,Formby,,,Sefton,,Formby,,1,UKOS,329150,406850,-3.07090769388,53.55347711615,RLY,,,,,,110,2006-09-08T14:30:00,2007-09-26T13:00:00,1,revise,active
9100FORRES,,,,Forres Rail Station,,,,,,-,,,,,,,ES001428,Forres,,,,,,,1,UKOS,303018,859073,-3.6248734232,57.6111842607,RLY,,,,,,110,2006-09-08T14:30:00,2007-09-26T13:00:00,1,revise,active
9100FORSNRD,,,,Forsinard Rail Station,,,,,,-,,,,,,,N0067845,Forsinard,,,,,,,1,UKOS,289100,942500,-3.89688025918,58.3568992735,RLY,,,,,,110,2006-09-08T14:30:00,2007-09-26T13:00:00,1,revise,active
9100FOUROKS,,,,Four Oaks Rail Station,,,,,,-,,,,,,,E0031550,Four Oaks,Birmingham,,,,,,1,UKOS,411750,298010,-1.82803168874,52.57977993641,RLY,,,,,,110,2006-09-08T14:30:00,2007-09-26T13:00:00,1,revise,active
9100FOXFILD,,,,Foxfield Rail Station,,,,,,-,,,,,,,E0006226,Foxfield,,,,,,,1,UKOS,320880,485460,-3.21606151137,54.25866793157,RLY,,,,,,110,2006-09-08T14:30:00,2011-03-07T14:29:00,2,revise,active
9100FOXTON,,,,Foxton Rail Station,,,,,,-,,,,,,,E0043825,Foxton,,,,,,,1,UKOS,540885,248760,0.05630817921,52.11921359833,RLY,,,,,,110,2006-09-08T14:30:00,2011-09-30T10:30:00,2,revise,active
9100FRANT,,,,Frant Rail Station,,,,,,-,,,,,,,E0046112,Frant,,,,,,,1,UKOS,560739,136362,0.29454314839,51.104028706,RLY,,,,,,110,2006-09-08T14:30:00,2007-09-26T13:00:00,1,revise,active
9100FRATGSA,,,,Fratton - Goldsmith Avenue,,,,,,-,,,,,,,E0040722,Fratton,Portsmouth,,,,,,0,UKOS,465472,99954,-1.0724108138,50.79546308151,BCQ,,,,,,110,2008-11-06T15:26:00,2009-08-21T13:15:00,2,revise,active
9100FRATTON,,,,Fratton Rail Station,,,,,,-,,,,,,,E0040722,Fratton,Portsmouth,,,,,,1,UKOS,465360,100050,-1.07398266263,50.79633887373,RLY,,,,,,110,2006-09-08T14:30:00,2007-09-26T13:00:00,1,revise,active
9100FRBN,,,,Fairbourne Rail Station,,,,,,-,,,,,,,E0037549,Fairbourne,,,,,,,1,UKOS,261600,312900,-4.04941337624,52.69604157482,RLY,,,,,,110,2006-09-08T14:30:00,2007-09-26T13:00:00,1,revise,active
9100FRBRMN,,,,Farnborough (Main) Rail Station,,,,,,-,,,,,,,E0013323,Farnborough,,,,,,,1,UKOS,486870,156020,-0.75543642474,51.29669220491,RLY,,,,,,110,2006-09-08T14:30:00,2013-02-27T13:12:00,2,revise,active
9100FRBRNTH,,,,Farnborough North Rail Station,,,,,,-,,,,,,,E0013323,Farnborough,,,,,,,1,UKOS,487725,156630,-0.74302684037,51.30204494075,RLY,,,,,,110,2006-09-08T14:30:00,2007-09-26T13:00:00,1,revise,active
9100FRDSHM,,,,Frodsham Rail Station,,,,,,-,,,,,,,E0044417,Frodsham,,,,,,,1,UKOS,351870,377895,-2.72356682047,53.29581502855,RLY,,,,,,110,2006-09-08T14:30:00,2011-03-24T16:44:00,2,revise,active
9100FRESHFD,,,,Freshford Rail Station,,,,,,-,,,,,,,E0052918,Freshford,,,,,,,1,UKOS,379130,160370,-2.30100842161,51.3420296481,RLY,,,,,,110,2006-09-08T14:30:00,2007-09-26T13:00:00,1,revise,active
9100FRFD,,,,Fairfield Rail Station,,,,,,-,,,,,,,E0028387,Fairfield,Droylsden,,,,,,1,UKOS,390421,397183,-2.14577492524,53.4712937134,RLY,,,,,,110,2006-09-08T14:30:00,2008-12-24T15:20:00,2,revise,active
9100FRIMLEY,,,,Frimley Rail Station,,,,,,-,,,,,,,E0025666,Frimley,,,,,,,1,UKOS,487430,157717,-0.74699127545,51.31186197413,RLY,,,,,,110,2006-09-08T14:30:00,2007-09-26T13:00:00,1,revise,active
9100FRINTON,,,,Frinton-on-Sea Rail Station,,,,,,-,,,,,,,E0011464,Frinton-on-Sea,,,,,,,1,UKOS,623525,220426,1.24317077156,51.83768250282,RLY,,,,,,110,2006-09-08T14:30:00,2007-09-26T13:00:00,1,revise,active
9100FRNCMB,,,,Farncombe Rail Station,,,,,,-,,,,,,,E0025792,Farncombe,,,,,,,1,UKOS,497600,145140,-0.60454879566,51.19715384603,RLY,,,,,,110,2006-09-08T14:30:00,2007-09-26T13:00:00,1,revise,active
9100FRNDNLT,,,,Farringdon Rail Station,,,,,,-,,,,,,,N0077662,Farringdon,London,,,,,,1,UKOS,531560,181840,-0.10520458877,51.52016709205,RLY,,,,,,110,2006-09-08T14:30:00,2014-02-05T16:38:00,4,revise,active
9100FRNNGRD,,,,Farningham Road Rail Station,,,,,,-,,,,,,,E0014689,Sutton At Hone,,,,,,,1,UKOS,555595,169330,0.23545215271,51.40166557937,RLY,,,,,,110,2006-09-08T14:30:00,2011-03-07T15:00:00,3,revise,active
9100FRNW,,,,Farnworth Rail Station,,,,,,-,,,,,,,E0028392,Farnworth,,,,,,,1,UKOS,374400,406000,-2.38784964384,53.55000387043,RLY,,,,,,110,2006-09-08T14:30:00,2014-05-06T13:34:00,2,revise,active
9100FROME,,,,Frome Rail Station,,,,,,-,,,,,,,E0050788,Frome,,,,,,,1,UKOS,378450,147610,-2.30999674896,51.22727050537,RLY,,,,,,110,2006-09-08T14:30:00,2007-09-26T13:00:00,1,revise,active
9100FROSTLY,,,,Frosterley Rail Station,,,,,,-,,,,,,,E0010427,Frosterley,,,,,,,0,UKOS,402390,536890,-1.96441137744,54.72699473763,RLY,,,,,,110,2010-06-04T14:40:00,2010-06-04T14:44:00,1,revise,active
9100FRSHFLD,,,,Freshfield Rail Station,,,,,,-,,,,,,,E0029704,Freshfield,Formby,,Sefton,,Freshfield,,1,UKOS,329110,408250,-3.07182942955,53.5660531443,RLY,,,,,,110,2006-09-08T14:30:00,2007-09-26T13:00:00,1,revise,active
9100FRSTGT,,,,Forest Gate Rail Station,,,,,,-,,,,,,,E0034705,Forest Gate,London,,,,,,1,UKOS,540458,185335,0.02435290267,51.54943194116,RLY,,,,,,110,2006-11-30T00:00:00,2007-09-26T13:00:00,1,revise,active
9100FRTMTLD,,,,Fort Matilda Rail Station,,,,,,-,,,,,,,N0068087,Fort Matilda,Greenock,,,,,,1,UKOS,225600,677530,-4.79526746689,55.95903106439,RLY,,,,,,110,2006-09-08T14:30:00,2008-02-06T14:45:00,2,revise,active
9100FRTWLM,,,,Fort William Rail Station,,,,,,-,,,,,,,ES001435,Fort William,,,,,,,1,UKOS,210531,774186,-5.10614331317,56.82044410322,RLY,,,,,,110,2006-09-08T14:30:00,2007-09-26T13:00:00,1,revise,active
9100FRWATER,,,,Fairwater Rail Station,,,,,,-,,,,,,,E0054004,Fairwater,Cardiff,,,,,,1,UKOS,314440,177940,-3.23383941491,51.49390658509,RLY,,,,,,110,2006-09-08T14:30:00,2007-09-26T13:00:00,1,revise,active
9100FRZNGHL,,,,Frizinghall Rail Station,,,,,,-,,,,,,,E0032707,Frizinghall,Bradford,,,,,,1,UKOS,415305,436035,-1.7690010559,53.8203699803,RLY,,,,,,110,2006-09-08T14:30:00,2010-07-23T14:00:00,2,revise,active
9100FSHBBUS,,,,Fishbourne - Salthill Road,,,,,,-,,,,,,,E0026456,Fishbourne,Chichester,,,,,,0,UKOS,483440,104731,-0.81643685188,50.8361064501,BCQ,,,,,,110,2008-11-06T15:25:00,2009-08-21T13:15:00,2,revise,active
9100FSHBORN,,,,Fishbourne Rail Station,,,,,,-,,,,,,,E0026456,Fishbourne,Chichester,,,,,,1,UKOS,483530,105060,-0.81508415987,50.83905138032,RLY,,,,,,110,2006-09-08T14:30:00,2007-09-26T13:00:00,1,revise,active
9100FSHRSGT,,,,Fishersgate Rail Station,,,,,,-,,,,,,,N0077928,Fishersgate,,,,,,,1,UKOS,525483,105366,-0.21942316036,50.83423456474,RLY,,,,,,110,2006-09-08T14:30:00,2008-02-06T14:42:00,2,revise,active
9100FSTR,,,,Fenny Stratford Rail Station,,,,,,-,,,,,,,E0039289,Fenny Stratford,Bletchley,,,,,,1,UKOS,488245,234292,-0.7159972744,52.00006885984,RLY,,,,,,110,2006-09-08T14:30:00,2010-12-20T11:05:00,2,revise,active
9100FTHRSTN,,,,Featherstone Rail Station,,,,,,-,,,,,,,E0052874,Featherstone,,,,,,,1,UKOS,442475,420480,-1.35844410227,53.67906634458,RLY,,,,,,110,2006-09-08T14:30:00,2010-07-23T14:01:00,2,revise,active
9100FULWELL,,,,Fulwell Rail Station,,,,,,-,,,,,,,N0060439,Fulwell,London,,,,,,1,UKOS,514830,171840,-0.34946752918,51.43393511569,RLY,,,,,,110,2006-09-08T14:30:00,2009-06-26T10:11:00,2,revise,active
9100FURNESV,,,,Furness Vale Rail Station,,,,,,-,,,,,,,N0065074,Furness Vale,,,,,,,1,UKOS,400840,383540,-1.9888445828,53.34875177945,RLY,,,,,,110,2006-09-08T14:30:00,2007-09-26T13:00:00,1,revise,active
9100FURZEP,,,,Furze Platt Rail Station,,,,,,-,,,,,,,E0043271,Furze Platt,Maidenhead,,,,,,1,UKOS,488294,182334,-0.72847274028,51.53302026896,RLY,,,,,,110,2006-09-08T14:30:00,2007-09-26T13:00:00,1,revise,active
9100FYSD,,,,Ferryside Rail Station,,,,,,-,,,,,,,E0036011,Ferryside,,,,,,,1,UKOS,236600,210400,-4.369458142,51.76836711748,RLY,,,,,,110,2006-09-08T14:30:00,2007-09-26T13:00:00,1,revise,active
9100GALASLS,,,,Galashiels Rail Station,,,,,,-,,,,,,,ES001470,Galashiels,,,Galashiels,,,,0,UKOS,349337,636329,-2.80595442613,55.61789919402,RLY,,,,,,110,2015-03-26T10:03:00,2015-07-07T12:51:00,2,revise,active
9100GALTILL,,,,Smethwick Galton Bridge Rail Station,,,,,,-,,,,,,,E0057928,Smethwick,,,,,,,1,UKOS,401420,289320,-1.98051089856,52.5017809264,RLY,,,,,,110,2006-09-08T14:30:00,2007-09-26T13:00:00,1,revise,active
9100GALTINT,,,,Smethwick Galton Bridge High Level Rail Station,,,,,,-,,,,,,,E0057928,Smethwick,,,,,,,1,UKOS,401421,289320,-1.98049616718,52.50178092401,RLY,,,,,,110,2006-09-08T14:30:00,2009-04-14T16:47:00,5,revise,active
9100GARFRTH,,,,Garforth Rail Station,,,,,,-,,,,,,,E0057111,Garforth,Leeds,,,,,,1,UKOS,440785,433540,-1.38230956433,53.79657766146,RLY,,,,,,110,2006-09-08T14:30:00,2010-07-23T14:01:00,2,revise,active
9100GARROWH,,,,Garrowhill Rail Station,,,,,,-,,,,,,,N0068089,Garrowhill,Glasgow,,,,,,1,UKOS,266800,664500,-4.12946047255,55.8552384036,RLY,,,,,,110,2006-09-08T14:30:00,2008-02-06T15:41:00,2,revise,active
9100GARSDLE,,,,Garsdale Rail Station,,,,,,-,,,,,,,E0006230,Garsdale,,,,,,,1,UKOS,378870,491810,-2.32635352287,54.32143003419,RLY,,,,,,110,2006-09-08T14:30:00,2011-03-07T14:30:00,2,revise,active
9100GARTH,,,,Garth (Powys) Rail Station,,,,,,-,,,,,,,E0041082,Gwarafog,,,,,,,1,UKOS,295380,249430,-3.52990710268,52.1332363238,RLY,,,,,,110,2006-09-08T14:30:00,2007-09-26T13:00:00,1,revise,active
9100GARVE,,,,Garve Rail Station,,,,,,-,,,,,,,N0067849,Garve,,,,,,,1,UKOS,239500,861300,-4.68839513463,57.61304090021,RLY,,,,,,110,2006-09-08T14:30:00,2007-09-26T13:00:00,1,revise,active
9100GARW,,,,Garswood Rail Station,,,,,,-,,,,,,,E0029707,Garswood,,,St. Helens,,Garswood,,1,UKOS,355500,399300,-2.67213456299,53.48852016952,RLY,,,,,,110,2006-09-08T14:30:00,2007-09-26T13:00:00,1,revise,active
9100GATHRST,,,,Gathurst Rail Station,,,,,,-,,,,,,,E0028431,Gathurst,Wigan,,,,,,1,UKOS,354100,407200,-2.69439319007,53.55940251573,RLY,,,,,,110,2006-09-08T14:30:00,2007-09-26T13:00:00,1,revise,active
9100GATLEY,,,,Gatley Rail Station,,,,,,-,,,,,,,E0028432,Gatley,,,,,,,1,UKOS,384720,388477,-2.23123396582,53.39290459011,RLY,,,,,,110,2006-09-08T14:30:00,2008-12-24T15:21:00,2,revise,active
9100GBGHLRD,,,,Gainsborough Lea Road Rail Station,,,,,,-,,,,,,,E0017436,Gainsborough,,,,,,,1,UKOS,482000,388400,-0.76857950699,53.38608909671,RLY,,,,,,110,2006-09-08T14:30:00,2007-09-26T13:00:00,1,revise,active
9100GBNK,,,,Greenbank Rail Station,,,,,,-,,,,,,,E0002234,Greenbank,Northwich,,,,,,1,UKOS,364450,372850,-2.53427063913,53.25146475171,RLY,,,,,,110,2006-09-08T14:30:00,2011-03-24T16:45:00,2,revise,active
9100GBROC,,,,Gainsborough Central Rail Station,,,,,,-,,,,,,,E0017436,Gainsborough,,,,,,,1,UKOS,481900,389900,-0.76969402127,53.3995843312,RLY,,,,,,110,2006-09-08T14:30:00,2007-09-26T13:00:00,1,revise,active
9100GDLMING,,,,Godalming Rail Station,,,,,,-,,,,,,,E0051821,Godalming,,,,,,,1,UKOS,496622,143946,-0.61886224833,51.18658662038,RLY,,,,,,110,2006-09-08T14:30:00,2007-09-26T13:00:00,1,revise,active
9100GERRDSX,,,,Gerrards Cross Rail Station,,,,,,-,,,,,,,E0044076,Gerrards Cross,,,,,,,1,UKOS,500184,188785,-0.55527534061,51.58902299564,RLY,,,,,,110,2006-09-08T14:30:00,2007-09-26T13:00:00,1,revise,active
9100GFLD,,,,Greenfield Rail Station,,,,,,-,,,,,,,E0028472,Greenfield,,,,,,,1,UKOS,399180,404690,-2.01384345258,53.53885800946,RLY,,,,,,110,2006-09-08T14:30:00,2009-05-01T11:42:00,3,revise,active
9100GFORD,,,,Greenford Rail Station,,,,,,-,,,,,,,E0034263,Greenford,London,,,,,,1,UKOS,514810,183900,-0.34583712531,51.54233131797,RLY,,,,,,110,2006-09-08T14:30:00,2010-05-14T15:11:00,2,revise,active
9100GGLSWCK,,,,Giggleswick Rail Station,,,,,,-,,,,,,,E0048894,Giggleswick,,,,,,,1,UKOS,380275,462915,-2.30284770779,54.06180040519,RLY,,,,,,110,2006-09-08T14:30:00,2011-11-02T16:41:00,2,revise,active
9100GIDB,,,,Guide Bridge Rail Station,,,,,,-,,,,,,,E0028480,Guide Bridge,,,,,,,1,UKOS,392550,397550,-2.11371056764,53.47462735652,RLY,,,,,,110,2006-09-08T14:30:00,2007-09-26T13:00:00,1,revise,active
9100GIDEAPK,,,,Gidea Park Rail Station,,,,,,-,,,,,,,E0034455,Gidea Park,Romford,,,,,,1,UKOS,552940,189310,0.20596439507,51.58190399789,RLY,,,,,,110,2006-09-08T14:30:00,2008-02-06T15:47:00,2,revise,active
9100GIFNOCK,,,,Giffnock Rail Station,,,,,,-,,,,,,,ES001509,Giffnock,,,,,,,1,UKOS,256375,659125,-4.2930142015,55.80398987679,RLY,,,,,,110,2006-09-08T14:30:00,2011-07-07T13:53:00,2,revise,active
9100GIPSYH,,,,Gipsy Hill Rail Station,,,,,,-,,,,,,,E0034650,West Dulwich,Dulwich,,,,,,1,UKOS,533321,171235,-0.08383583775,51.42445311965,RLY,,,,,,110,2006-09-08T14:30:00,2009-08-21T14:57:00,3,revise,active
9100GIRVAN,,,,Girvan Rail Station,,,,,,-,,,,,,,ES001522,Girvan,,,,,,,1,UKOS,219030,598380,-4.84838131184,55.24631251032,RLY,,,,,,110,2006-09-08T14:30:00,2007-09-26T13:00:00,1,revise,active
9100GLAISDL,,,,Glaisdale Rail Station,,,,,,-,,,,,,,E0049487,Glaisdale,,,,,,,1,UKOS,478330,505555,-0.79378774076,54.43938123589,RLY,,,,,,110,2006-09-08T14:30:00,2011-11-02T16:41:00,2,revise,active
9100GLASHTN,,,,Glasshoughton Rail Station,,,,,,-,,,,,,,E0032734,Glasshoughton,Castleford,,,,,,1,UKOS,443530,423825,-1.34200506295,53.70904301993,RLY,,,,,,110,2006-09-08T14:30:00,2010-07-23T14:02:00,2,revise,active
9100GLAZBRK,,,,Glazebrook Rail Station,,,,,,-,,,,,,,E0043003,Glazebrook,Warrington,,,,,,1,UKOS,369555,392495,-2.45965739665,53.42835953055,RLY,,,,,,110,2006-09-08T14:30:00,2011-03-24T16:48:00,2,revise,active
9100GLBRDYK,,,,Gilberdyke Rail Station,,,,,,-,,,,,,,E0053042,Gilberdyke,,,,,,,1,UKOS,483700,428700,-0.7322433585,53.74796351668,RLY,,,,,,110,2006-09-08T14:30:00,2007-09-26T13:00:00,1,revise,active
9100GLDTHRP,,,,Goldthorpe Rail Station,,,,,,-,,,,,,,E0030186,Goldthorpe,,,,,,,1,UKOS,445645,404390,-1.312807649,53.53418938827,RLY,,,,,,110,2006-09-08T14:30:00,2010-12-20T11:11:00,2,revise,active
9100GLFCHFR,,,,Gilfach Fargoed Rail Station,,,,,,-,,,,,,,E0035730,Gilfach,,,,,,,1,UKOS,315300,199100,-3.22656805779,51.68424923854,RLY,,,,,,110,2006-09-08T14:30:00,2007-09-26T13:00:00,1,revise,active
9100GLGC,,,,Glasgow Central Rail Station,,,,,,-,,,,,,,ES003921,Glasgow,,,,,,,1,UKOS,258794,665257,-4.25764328891,55.85975598502,RLY,,,,,,110,2006-09-08T14:30:00,2007-09-26T13:00:00,3,revise,active
9100GLGCLL,,,,Glasgow Central Low Level Rail Station,,,,,,-,,,,,,,ES003921,Glasgow,,,,,,,1,UKOS,258737,665139,-4.25849169891,55.85867988991,RLY,,,,,,110,2006-09-08T14:30:00,2011-08-12T10:58:00,3,revise,active
9100GLGHST,,,,High Street (Glasgow) Rail Station,,,,,,-,,,,,,,ES003921,Glasgow,,,,,,,1,UKOS,259890,665200,-4.24011796038,55.85956410153,RLY,,,,,,110,2006-09-08T14:30:00,2007-09-26T13:00:00,1,revise,active
9100GLGN,,,,Glengarnock Rail Station,,,,,,-,,,,,,,N0068096,Glengarnock,,,,,,,1,UKOS,232190,652740,-4.67450167211,55.73888753413,RLY,,,,,,110,2006-09-08T14:30:00,2008-02-06T15:52:00,2,revise,active
9100GLGQHL,,,,Glasgow Queen Street Rail Station,,,,,,-,,,,,,,ES003921,Glasgow,,,,,,,1,UKOS,259190,665515,-4.25145586654,55.862188151,RLY,,,,,,110,2006-09-08T14:30:00,2010-02-18T14:06:00,3,revise,active
9100GLGQLL,,,,Glasgow Queen Street Low Level Rail Station,,,,,,-,,,,,,,ES003921,Glasgow,,,,,,,1,UKOS,259241,665531,-4.25064999759,55.86234669685,RLY,,,,,,110,2006-09-08T14:30:00,2008-04-24T09:46:00,4,revise,active
9100GLHM,,,,Gillingham (Dorset) Rail Station,,,,,,-,,,,,,,E0045688,Gillingham,,,,,,,1,UKOS,380980,126110,-2.27262370413,51.03403440795,RLY,,,,,,110,2006-09-08T14:30:00,2007-09-26T13:00:00,1,revise,active
9100GLNCNWY,,,,Glan Conwy Rail Station,,,,,,-,,,,,,,E0036566,Glan Conwy,,,,,,,1,UKOS,280200,376000,-3.79772739935,53.26742147468,RLY,,,,,,110,2006-09-08T14:30:00,2007-09-26T13:00:00,1,revise,active
9100GLNEGLS,,,,Gleneagles Rail Station,,,,,,-,,,,,,,ES000174,Auchterarder,,,,,,,1,UKOS,292900,710500,-3.73116793619,56.27484954982,RLY,,,,,,110,2006-09-08T14:30:00,2007-09-26T13:00:00,1,revise,active
9100GLNFNNN,,,,Glenfinnan Rail Station,,,,,,-,,,,,,,N0067858,Glenfinnan,,,,,,,1,UKOS,189870,780970,-5.44961984742,56.87240231976,RLY,,,,,,110,2006-09-08T14:30:00,2007-09-26T13:00:00,1,revise,active
9100GLNGHMK,,,,Gillingham (Kent) Rail Station,,,,,,-,,,,,,,E0057192,Gillingham,,,,,,,1,UKOS,577520,168365,0.5498500996,51.38656545803,RLY,,,,,,110,2006-09-08T14:30:00,2010-12-20T11:05:00,2,revise,active
9100GLNRTHS,,,,Glenrothes with Thornton Rail Station,,,,,,-,,,,,,,ES003641,Thornton,,,,,,,1,UKOS,329110,697220,-3.14301531585,56.16235694685,RLY,,,,,,110,2006-09-08T14:30:00,2014-10-17T16:07:00,2,revise,active
9100GLOSTER,,,,Gloucester Rail Station,,,,,,-,,,,,,,E0055873,Gloucester,,,,,,,1,UKOS,383675,218580,-2.23848761103,51.86555855048,RLY,,,,,,110,2006-09-08T14:30:00,2011-04-04T13:23:00,3,revise,active
9100GLSP,,,,Glossop Rail Station,,,,,,-,,,,,,,E0007081,Glossop,,,,,,,1,UKOS,403480,394190,-1.94907371919,53.44446971486,RLY,,,,,,110,2006-09-08T14:30:00,2007-09-26T13:00:00,1,revise,active
9100GLYNDE,,,,Glynde Rail Station,,,,,,-,,,,,,,E0046042,Glynde,,,,,,,1,UKOS,545790,108670,0.07007737459,50.85917206011,RLY,,,,,,110,2006-09-08T14:30:00,2007-09-26T13:00:00,1,revise,active
9100GNHT,,,,Greenhithe for Bluewater Rail Station,,,,,,-,,,,,,,E0014663,Greenhithe,,,,,,,1,UKOS,558545,174842,0.28029021858,51.45037175237,RLY,,,,,,110,2006-09-08T14:30:00,2011-03-07T15:01:00,3,revise,active
9100GNHTRI,,,,Greenhithe for Bluewater - Railway Inn,,,,,,-,,,,,,,E0014663,Greenhithe,,,,,,,0,UKOS,558420,174940,0.27853667071,51.45128718156,BCQ,,,,,,110,2008-11-06T15:27:00,2009-08-21T13:15:00,2,revise,active
9100GNLN,,,,Green Lane Rail Station,,,,,,-,,,,,,,E0029737,Tranmere,Birkenhead,,Birkenhead,,Tranmere,,1,UKOS,332490,387860,-3.0164147583,53.38325423778,RLY,,,,,,110,2006-09-08T14:30:00,2008-02-06T15:54:00,2,revise,active
9100GNRSBRY,,,,Gunnersbury Rail Station,,,,,,-,,,,,,,E0034540,Gunnersbury,London,,,,,,1,UKOS,519835,178380,-0.27528635656,51.49167762303,RLY,,,,,,110,2006-09-08T14:30:00,2010-05-14T15:13:00,2,revise,active
9100GNTN,,,,Grangetown (Cardiff) Rail Station,,,,,,-,,,,,,,E0054006,Grangetown,Cardiff,,,,,,1,UKOS,317455,174965,-3.18972386847,51.46761153459,RLY,,,,,,110,2006-11-10T00:00:00,2011-03-24T16:41:00,2,revise,active
9100GNWH,,,,Greenwich Rail Station,,,,,,-,,,,,,,E0034328,Greenwich,London,,,,,,1,UKOS,538060,177335,-0.01333984329,51.47813505099,RLY,,,,,,110,2006-09-08T14:30:00,2010-05-14T15:12:00,2,revise,active
9100GOBOWEN,,,,Gobowen Rail Station,,,,,,-,,,,,,,E0021559,Gobowen,,,,,,,1,UKOS,330320,333400,-3.03717257508,52.89351480295,RLY,,,,,,110,2006-09-08T14:30:00,2011-09-23T07:59:00,2,revise,active
9100GODLY,,,,Godley Rail Station,,,,,,-,,,,,,,E0028445,Godley,Hyde,,,,,,1,UKOS,396460,394995,-2.05477234839,53.45170351102,RLY,,,,,,110,2006-09-08T14:30:00,2007-09-26T13:00:00,2,revise,active
9100GODMAYS,,,,Goodmayes Rail Station,,,,,,-,,,,,,,E0034726,Goodmayes,London,,,,,,1,UKOS,546400,187300,0.11080715673,51.56557897151,RLY,,,,,,110,2006-09-08T14:30:00,2010-05-14T15:11:00,2,revise,active
9100GODSTON,,,,Godstone Rail Station,,,,,,-,,,,,,,E0051801,Godstone,,,,,,,1,UKOS,536277,148357,-0.05008491889,51.21815745074,RLY,,,,,,110,2006-09-08T14:30:00,2007-09-26T13:00:00,1,revise,active
9100GOLFSTR,,,,Golf Street Rail Station,,,,,,-,,,,,,,ES000632,Carnoustie,,,,,,,1,UKOS,355800,734200,-2.71954350776,56.49779377657,RLY,,,,,,110,2006-09-08T14:30:00,2007-09-26T13:00:00,1,revise,active
9100GOLSPIE,,,,Golspie Rail Station,,,,,,-,,,,,,,ES001624,Golspie,,,,,,,1,UKOS,282550,899750,-3.98721490391,57.97146454211,RLY,,,,,,110,2006-09-08T14:30:00,2010-02-25T14:31:00,2,revise,active
9100GOMSHAL,,,,Gomshall Rail Station,,,,,,-,,,,,,,E0025375,Gomshall,,,,,,,1,UKOS,508915,147842,-0.44185211576,51.21939853106,RLY,,,,,,110,2006-09-08T14:30:00,2011-02-07T16:39:00,2,revise,active
9100GOOLE,,,,Goole Rail Station,,,,,,-,,,,,,,E0053044,Goole,,,,,,,1,UKOS,474414,423753,-0.87421340957,53.70491433697,RLY,,,,,,110,2006-09-08T14:30:00,2007-09-26T13:00:00,1,revise,active
9100GOOSTRY,,,,Goostrey Rail Station,,,,,,-,,,,,,,E0044265,Goostrey,,,,,,,1,UKOS,378300,369550,-2.32647030798,53.22255212181,RLY,,,,,,110,2006-09-08T14:30:00,2007-09-26T13:00:00,1,revise,active
9100GORASTR,,,,Goring & Streatley Rail Station,,,,,,-,,,,,,,E0050360,Goring,,,,,,,1,UKOS,460247,180642,-1.13304933898,51.52149274982,RLY,,,,,,110,2006-09-08T14:30:00,2007-09-26T13:00:00,1,revise,active
9100GORDONH,,,,Gordon Hill Rail Station,,,,,,-,,,,,,,E0034291,Clay Hill,Enfield,,,,,,1,UKOS,531880,197780,-0.09461043094,51.66333515241,RLY,,,,,,110,2006-09-08T14:30:00,2014-02-24T10:58:00,5,revise,active
9100GOREBRG,,,,Gorebridge Rail Station,,,,,,-,,,,,,,ES001632,Gorebridge,,,Gorebridge,,,,0,UKOS,334560,661279,-3.04651536474,55.84027351646,RLY,,,,,,110,2015-03-26T10:03:00,2015-03-26T10:16:00,1,revise,active
9100GORNGBS,,,,Goring-by-Sea Rail Station,,,,,,-,,,,,,,E0026836,Goring by Sea,Worthing,,,,,,1,UKOS,510477,103189,-0.43308303735,50.8177212217,RLY,,,,,,110,2006-09-08T14:30:00,2007-09-26T13:00:00,1,revise,active
9100GORTON,,,,Gorton Rail Station,,,,,,-,,,,,,,E0028451,Gorton,Manchester,,,,,,0,UKOS,389064,396939,-2.16620938912,53.46907381055,RLY,,,,,,110,2006-09-08T14:30:00,2010-05-17T13:56:00,3,revise,active
9100GOSPLOK,,,,Gospel Oak Rail Station,,,,,,-,,,,,,,E0034172,Gospel Oak,London,,,,,,1,UKOS,528300,185670,-0.15077010695,51.55533543481,RLY,,,,,,110,2006-09-08T14:30:00,2007-09-26T13:00:00,1,revise,active
9100GOUROCK,,,,Gourock Rail Station,,,,,,-,,,,,,,ES001638,Gourock,,,,,,,1,UKOS,224280,677950,-4.81665768526,55.96231897807,RLY,,,,,,110,2006-09-08T14:30:00,2007-09-26T13:00:00,1,revise,active
9100GOVS,,,,Grange-over-Sands Rail Station,,,,,,-,,,,,,,E0055516,Grange-over-Sands,,,,,,,1,UKOS,341200,478150,-2.90274730261,54.19572205044,RLY,,,,,,110,2006-09-08T14:30:00,2011-03-07T14:30:00,2,revise,active
9100GOWERTN,,,,Gowerton Rail Station,,,,,,-,,,,,,,N0071516,Gowerton,,,,,,,1,UKOS,259240,196400,-4.03593455088,51.6487254709,RLY,,,,,,110,2006-09-08T14:30:00,2008-02-06T15:53:00,2,revise,active
9100GOXHILL,,,,Goxhill Rail Station,,,,,,-,,,,,,,E0053522,Goxhill,,,,,,,1,UKOS,509940,421310,-0.33712041334,53.67670269973,RLY,,,,,,110,2006-09-08T14:30:00,2007-09-26T13:00:00,1,revise,active
9100GRATELY,,,,Grateley Rail Station,,,,,,-,,,,,,,E0013406,Grateley,,,,,,,1,UKOS,426610,141270,-1.62077365113,51.17005913816,RLY,,,,,,110,2006-09-08T14:30:00,2007-09-26T13:00:00,1,revise,active
9100GRAVLYH,,,,Gravelly Hill Rail Station,,,,,,-,,,,,,,E0031587,Gravelly Hill,Birmingham,,,,,,1,UKOS,410100,290800,-1.85259840324,52.51499610139,RLY,,,,,,110,2006-09-08T14:30:00,2007-09-26T13:00:00,1,revise,active
9100GRAYS,,,,Grays Rail Station,,,,,,-,,,,,,,E0042664,Grays,,,,,,,1,UKOS,561340,177810,0.32183225291,51.47624787221,RLY,,,,,,110,2006-09-08T14:30:00,2007-09-26T13:00:00,1,revise,active
9100GREENRD,,,,Green Road Rail Station,,,,,,-,,,,,,,E0005710,The Green,,,,,,,1,UKOS,318930,483920,-3.24557083268,54.24452514785,RLY,,,,,,110,2006-09-08T14:30:00,2012-11-16T11:38:00,2,revise,active
9100GRENCKC,,,,Greenock Central Rail Station,,,,,,-,,,,,,,ES001670,Greenock,,,,,,,1,UKOS,228200,675900,-4.75263397532,55.94533992003,RLY,,,,,,110,2006-09-08T14:30:00,2007-09-26T13:00:00,1,revise,active
9100GRENCKW,,,,Greenock West Rail Station,,,,,,-,,,,,,,ES001670,Greenock,,,,,,,1,UKOS,227260,676160,-4.7678331889,55.94733624441,RLY,,,,,,110,2006-09-08T14:30:00,2007-09-26T13:00:00,1,revise,active
9100GRETGRN,,,,Gretna Green Rail Station,,,,,,-,,,,,,,N0068605,Gretna Green,,,,,,,1,UKOS,331960,567905,-3.06519801075,55.00104669035,RLY,,,,,,110,2006-09-08T14:30:00,2014-06-17T10:18:00,3,revise,active
9100GRGMASJ,,,,Georgemas Junction Rail Station,,,,,,-,,,,,,,N0076575,Georgemas Junction,,,,,,,1,UKOS,315500,959300,-3.45212020527,58.51362332981,RLY,,,,,,110,2006-09-08T14:30:00,2008-02-06T15:45:00,2,revise,active
9100GRGRAVE,,,,Gargrave Rail Station,,,,,,-,,,,,,,E0048893,Gargrave,,,,,,,1,UKOS,393200,453600,-2.10517037708,53.97841636056,RLY,,,,,,110,2006-09-08T14:30:00,2007-09-26T13:00:00,1,revise,active
9100GRLCHHD,,,,Garelochhead Rail Station,,,,,,-,,,,,,,ES001484,Garelochhead,,,,,,,1,UKOS,224250,691050,-4.82571645796,56.07986406304,RLY,,,,,,110,2006-09-08T14:30:00,2007-09-26T13:00:00,1,revise,active
9100GRMSBYD,,,,Grimsby Docks Rail Station,,,,,,-,,,,,,,E0039815,East Marsh,Grimsby,,,,,,1,UKOS,527520,410357,-0.07561720415,53.57432145657,RLY,,,,,,110,2006-09-08T14:30:00,2009-01-13T09:50:00,2,revise,active
9100GRMSBYT,,,,Grimsby Town Rail Station,,,,,,-,,,,,,,N0073052,Grimsby,,,,,,,1,UKOS,526800,409125,-0.086983869,53.56342839018,RLY,,,,,,110,2006-09-08T14:30:00,2011-05-23T14:54:00,2,revise,active
9100GRNDLFD,,,,Grindleford Rail Station,,,,,,-,,,,,,,E0045040,Grindleford,,,,,,,1,UKOS,425000,378800,-1.62629666455,53.30556149087,RLY,,,,,,110,2006-09-08T14:30:00,2007-09-26T13:00:00,1,revise,active
9100GRNFLDS,,,,Greenfaulds Rail Station,,,,,,-,,,,,,,N0068102,Greenfaulds,Cumbernauld,,,,,,1,UKOS,275591,673147,-3.99310001402,55.93523260388,RLY,,,,,,110,2006-09-08T14:30:00,2008-02-06T15:55:00,3,revise,active
9100GROSMNT,,,,Grosmont Rail Station,,,,,,-,,,,,,,E0049490,Grosmont,,,,,,,1,UKOS,482800,505270,-0.72496556309,54.43611314903,RLY,,,,,,110,2006-09-08T14:30:00,2007-09-26T13:00:00,1,revise,active
9100GRPK,,,,Grange Park Rail Station,,,,,,-,,,,,,,N0060448,Grange Park,Enfield,,,,,,1,UKOS,531750,195470,-0.09735842474,51.64260734624,RLY,,,,,,110,2006-09-08T14:30:00,2007-09-26T13:00:00,1,revise,active
9100GRSTH,,,,Garston (Herts) Rail Station,,,,,,-,,,,,,,N0076251,Garston,Watford,,,,,,1,UKOS,511965,199890,-0.38174113492,51.68661575959,RLY,,,,,,110,2006-09-08T14:30:00,2011-02-07T16:20:00,3,revise,active
9100GRSTM,,,,Garston (Merseyside) Rail Station,,,,,,-,,,,,,,E0029706,Garston,Liverpool,,Liverpool,,Garston,,1,UKOS,340600,384800,-2.89392965494,53.35672841716,RLY,,,,,,110,2006-09-08T14:30:00,2007-09-26T13:00:00,1,delete,inactive
9100GRTCSH,,,,Gartcosh Rail Station,,,,,,-,,,,,,,ES001495,Gartcosh,,,,,,,1,UKOS,270029,667790,-4.0794941299,55.88566065812,RLY,,,,,,110,2006-09-08T14:30:00,2007-10-11T13:00:00,2,revise,active
9100GRTHMG,,,,Garth (Bridgend) Rail Station,,,,,,-,,,,,,,E0035461,Garth,Maesteg,,,,,,1,UKOS,286400,189900,-3.6414499615,51.59645559876,RLY,,,,,,110,2006-11-10T00:00:00,2007-09-26T13:00:00,1,revise,active
9100GRVPK,,,,Grove Park Rail Station,,,,,,-,,,,,,,E0034663,Grove Park,London,,,,,,1,UKOS,540640,172145,0.02172556684,51.43086312112,RLY,,,,,,110,2006-09-08T14:30:00,2010-05-14T15:12:00,2,revise,active
9100GRVSEND,,,,Gravesend Rail Station,,,,,,-,,,,,,,E0014875,Gravesend,,,,,,,1,UKOS,564577,174029,0.36664309001,51.44134832512,RLY,,,,,,110,2006-09-08T14:30:00,2007-09-26T13:00:00,1,revise,active
9100GSCD,,,,Garscadden Rail Station,,,,,,-,,,,,,,N0078788,Garscadden,Glasgow,,,,,,1,UKOS,252182,668590,-4.3650045086,55.88769461256,RLY,,,,,,110,2006-09-08T14:30:00,2010-05-24T13:03:00,2,revise,active
9100GTAYTON,,,,Great Ayton Rail Station,,,,,,-,,,,,,,E0048995,Great Ayton,,,,,,,1,UKOS,457405,510830,-1.11534518304,54.48957091851,RLY,,,,,,110,2006-09-08T14:30:00,2011-11-02T16:42:00,2,revise,active
9100GTBNTLY,,,,Great Bentley Rail Station,,,,,,-,,,,,,,E0046358,Great Bentley,,,,,,,1,UKOS,611198,221460,1.06515356996,51.85175987353,RLY,,,,,,110,2006-09-08T14:30:00,2007-09-26T13:00:00,1,revise,active
9100GTCHSFD,,,,Great Chesterford Rail Station,,,,,,-,,,,,,,E0046393,Great Chesterford,,,,,,,1,UKOS,550478,242429,0.19352110122,52.05981085371,RLY,,,,,,110,2006-09-08T14:30:00,2007-09-26T13:00:00,1,revise,active
9100GTCOATS,,,,Great Coates Rail Station,,,,,,-,,,,,,,E0039817,Great Coates,Grimsby,,,,,,1,UKOS,523900,410420,-0.1302303834,53.5757539824,RLY,,,,,,110,2006-09-08T14:30:00,2007-09-26T13:00:00,1,revise,active
9100GTHM,,,,Grantham Rail Station,,,,,,-,,,,,,,E0017367,Grantham,,,,,,,1,UKOS,491400,335200,-0.64245023002,52.90647237627,RLY,,,,,,110,2006-09-08T14:30:00,2007-09-26T13:00:00,1,revise,active
9100GTMLVRN,,,,Great Malvern Rail Station,,,,,,-,,,,,,,E0056900,Great Malvern,The Malverns,,,,,,1,UKOS,378300,245700,-2.31827081412,52.10919864999,RLY,,,,,,110,2006-09-08T14:30:00,2007-09-26T13:00:00,1,revise,active
9100GTMSNDN,,,,Great Missenden Rail Station,,,,,,-,,,,,,,E0044064,Great Missenden,,,,,,,1,UKOS,489300,201319,-0.70914100899,51.70351853323,RLY,,,,,,110,2006-09-08T14:30:00,2007-09-26T13:00:00,1,revise,active
9100GTSHDMC,,,,Metrocentre Rail Station,,,,,,-,,,,,,,N0077854,Metrocentre,Gateshead,,,,,,1,UKOS,421510,562730,-1.66562588404,54.95874916619,RLY,,,,,,110,2006-09-08T14:30:00,2008-12-04T18:24:00,4,revise,active
9100GTWK,,,,Gatwick Airport Rail Station,,,,,,-,,,,,,,N0061431,Gatwick Airport,,,,,,,1,UKOS,528700,141300,-0.16104145519,51.15649073227,RLY,,,,,,110,2006-09-08T14:30:00,2007-09-26T13:00:00,1,revise,active
9100GUILDFD,,,,Guildford Rail Station,,,,,,-,,,,,,,E0056720,Guildford,,,,,,,1,UKOS,499200,149600,-0.58042495926,51.23697018947,RLY,,,,,,110,2006-09-08T14:30:00,2007-09-26T13:00:00,1,revise,active
9100GUISELY,,,,Guiseley Rail Station,,,,,,-,,,,,,,E0032773,Guiseley,Leeds,,,,,,1,UKOS,418830,442230,-1.7150799004,53.87593426958,RLY,,,,,,110,2006-09-08T14:30:00,2007-09-26T13:00:00,1,revise,active
9100GUNISLK,,,,Gunnislake Rail Station,,,,,,-,,,,,,,E0002498,Gunnislake,,,,,,,1,UKOS,242750,70830,-4.21940554964,50.51608218136,RLY,,,,,,110,2006-09-08T14:30:00,2007-09-26T13:00:00,1,revise,active
9100GUNTON,,,,Gunton Rail Station,,,,,,-,,,,,,,E0048713,Southrepps,,,,,,,1,UKOS,625523,335128,1.34911648435,52.86634663435,RLY,,,,,,110,2006-09-08T14:30:00,2009-03-06T16:59:00,4,revise,active
9100GWRSYLT,,,,Gwersyllt Rail Station,,,,,,-,,,,,,,E0054793,Gwersyllt,,,,,,,1,UKOS,331900,353300,-3.01788807004,53.07257429083,RLY,,,,,,110,2006-09-08T14:30:00,2007-09-26T13:00:00,1,revise,active
9100GYPSYLA,,,,Gypsy Lane Rail Station,,,,,,-,,,,,,,N0070284,Nunthorpe,,,,,,,1,UKOS,453200,515600,-1.17939203378,54.5328913347,RLY,,,,,,110,2006-09-08T14:30:00,2007-09-26T13:00:00,1,revise,active
9100HABRO,,,,Habrough Rail Station,,,,,,-,,,,,,,E0053486,Habrough,,,,,,,1,UKOS,514600,413560,-0.26946124323,53.60607620076,RLY,,,,,,110,2006-09-08T14:30:00,2011-05-23T14:54:00,2,revise,active
9100HACKNYC,,,,Hackney Central Rail Station,,,,,,-,,,,,,,N0060500,Hackney,London,,,,,,1,UKOS,534890,184925,-0.05605753265,51.54710494809,RLY,,,,,,110,2006-09-08T14:30:00,2010-05-14T15:13:00,2,revise,active
9100HACKNYW,,,,Hackney Wick Rail Station,,,,,,-,,,,,,,E0034349,Hackney Wick,London,,,,,,1,UKOS,537060,184572,-0.02491977319,51.5434104688,RLY,,,,,,110,2006-09-08T14:30:00,2010-05-14T15:14:00,3,revise,active
9100HADFILD,,,,Hadfield Rail Station,,,,,,-,,,,,,,E0007088,Hadfield,,,,,,,1,UKOS,402400,396000,-1.96532045432,53.46074464347,RLY,,,,,,110,2006-09-08T14:30:00,2007-09-26T13:00:00,1,revise,active
9100HADISCO,,,,Haddiscoe Rail Station,,,,,,-,,,,,,,E0048793,Haddiscoe,,,,,,,1,UKOS,645842,298493,1.62300727158,52.52878732684,RLY,,,,,,110,2006-09-08T14:30:00,2008-12-01T14:00:00,2,revise,active
9100HADLYWD,,,,Hadley Wood Rail Station,,,,,,-,,,,,,,E0034302,Hadley Wood,London,,,,,,1,UKOS,526225,198210,-0.17617247867,51.66849684889,RLY,,,,,,110,2006-09-08T14:30:00,2010-05-14T15:15:00,2,revise,active
9100HADMATP,,,,Haddenham & Thame Parkway Rail Station,,,,,,-,,,,,,,E0043984,Haddenham,,,,,,,1,UKOS,473091,208549,-0.94213706242,51.77085522748,RLY,,,,,,110,2006-09-08T14:30:00,2007-09-26T13:00:00,1,revise,active
9100HAGFOLD,,,,Hag Fold Rail Station,,,,,,-,,,,,,,E0028727,Hag Fold,Atherton,,,,,,1,UKOS,367300,404247,-2.49482155331,53.5338521792,RLY,,,,,,110,2006-09-08T14:30:00,2008-09-15T15:06:00,2,revise,active
9100HAGGERS,,,,Haggerston Rail Station,,,,,,-,,,,,,,E0034350,Haggerston,London,,,,,,0,UKOS,533555,183955,-0.07566646917,51.53870546396,RLY,,,,,,110,2010-02-01T15:55:00,2010-06-04T17:54:00,2,revise,active
9100HAGLEY,,,,Hagley Rail Station,,,,,,-,,,,,,,E0052484,Hagley,,,,,,,1,UKOS,390140,280510,-2.14641708556,52.42248975079,RLY,,,,,,110,2006-09-08T14:30:00,2011-11-02T16:02:00,2,revise,active
9100HAGT,,,,Harrogate Rail Station,,,,,,-,,,,,,,E0056344,Harrogate,,,,,,,1,UKOS,430413,455336,-1.53760775475,53.99317682929,RLY,,,,,,110,2006-09-08T14:30:00,2007-09-26T13:00:00,1,revise,active
9100HAKNYNM,,,,Hackney Downs Rail Station,,,,,,-,,,,,,,N0060500,Hackney,London,,,,,,1,UKOS,534555,185100,-0.0608189367,51.5487574447,RLY,,,,,,110,2006-09-08T14:30:00,2010-05-14T15:14:00,2,revise,active
9100HALE,,,,Hale Rail Station,,,,,,-,,,,,,,E0028730,Hale,Altrincham,,,,,,1,UKOS,376990,386930,-2.34735675997,53.37871758603,RLY,,,,,,110,2006-09-08T14:30:00,2007-09-26T13:00:00,1,revise,active
9100HALG,,,,Halling Rail Station,,,,,,-,,,,,,,E0039120,Halling,,,,,,,1,UKOS,570347,164326,0.44493188278,51.35247784128,RLY,,,,,,110,2006-09-08T14:30:00,2007-09-26T13:00:00,1,revise,active
9100HALLRD,,,,Hall Road Rail Station,,,,,,-,,,,,,,E0029664,Crosby,,,Sefton,,Crosby,,1,UKOS,330468,400600,-3.04962704604,53.4974857731,RLY,,,,,,110,2006-09-08T14:30:00,2008-11-17T16:50:00,2,revise,active
9100HALSWTH,,,,Halesworth Rail Station,,,,,,-,,,,,,,E0051713,Halesworth,,,,,,,1,UKOS,638868,277868,1.50566753417,52.34681654492,RLY,,,,,,110,2006-11-17T09:19:00,2008-11-24T14:18:00,2,revise,active
9100HALW,,,,Halewood Rail Station,,,,,,-,,,,,,,E0052680,Halewood,,,Liverpool,,Halewood,,1,UKOS,344856,385611,-2.83013392459,53.36447931893,RLY,,,,,,110,2006-09-08T14:30:00,2008-11-17T17:01:00,2,revise,active
9100HAMERTN,,,,Hammerton Rail Station,,,,,,-,,,,,,,E0049181,Kirk Hammerton,,,,,,,1,UKOS,447030,455825,-1.28409555422,53.99632983214,RLY,,,,,,110,2006-09-08T14:30:00,2011-11-02T16:42:00,2,revise,active
9100HAMLTNC,,,,Hamilton Central Rail Station,,,,,,-,,,,,,,ES001705,Hamilton,,,,,,,1,UKOS,272200,655200,-4.03888482876,55.77319351196,RLY,,,,,,110,2006-09-08T14:30:00,2007-09-26T13:00:00,1,revise,active
9100HAMLTNW,,,,Hamilton West Rail Station,,,,,,-,,,,,,,ES001705,Hamilton,,,,,,,1,UKOS,271220,655860,-4.05480814501,55.77885975635,RLY,,,,,,110,2006-09-08T14:30:00,2011-08-22T14:08:00,2,revise,active
9100HAMPTON,,,,Hampton (London) Rail Station,,,,,,-,,,,,,,E0034759,Hampton,London,,,,,,1,UKOS,513300,169803,-0.37211888587,51.41593437713,RLY,,,,,,110,2006-09-08T14:30:00,2010-05-14T15:16:00,2,revise,active
9100HAMSTED,,,,Hamstead (Birmingham) Rail Station,,,,,,-,,,,,,,E0031610,Hamstead,Birmingham,,,,,,1,UKOS,404915,292580,-1.92897770946,52.53106841956,RLY,,,,,,110,2006-09-08T14:30:00,2010-04-01T15:55:00,2,revise,active
9100HAMTSQ,,,,Birkenhead Hamilton Square Rail Station,,,,,,-,,,,,,,E0029614,Birkenhead,,,Wirral,,Birkenhead,,1,UKOS,332690,389130,-3.01367966331,53.39469350167,RLY,,,,,,110,2006-09-08T14:30:00,2007-09-26T13:00:00,1,revise,active
9100HAMWICK,,,,Hampton Wick Rail Station,,,,,,-,,,,,,,E0034762,Hampton Wick,London,,,,,,1,UKOS,517450,169740,-0.31248946079,51.4145244865,RLY,,,,,,110,2006-09-08T14:30:00,2007-09-26T13:00:00,1,revise,active
9100HANDBRO,,,,Hanborough Rail Station,,,,,,-,,,,,,,E0021063,Long Hanborough,,,,,,,1,UKOS,443273,214245,-1.37352541441,51.82515811423,RLY,,,,,,110,2006-09-08T14:30:00,2007-09-26T13:00:00,1,revise,active
9100HANWELL,,,,Hanwell Rail Station,,,,,,-,,,,,,,E0034266,Hanwell,London,,,,,,1,UKOS,515390,180520,-0.33858342642,51.51183494636,RLY,,,,,,110,2006-09-08T14:30:00,2010-05-14T15:17:00,2,revise,active
9100HAPTON,,,,Hapton Rail Station,,,,,,-,,,,,,,E0015750,Hapton,,,,,,,1,UKOS,379215,431745,-2.316911389,53.78161410213,RLY,,,,,,110,2006-09-08T14:30:00,2014-02-05T16:34:00,3,revise,active
9100HARLSDN,,,,Harlesden Rail Station,,,,,,-,,,,,,,E0034047,Harlesden,London,,,,,,1,UKOS,520940,183370,-0.25766749722,51.53628913833,RLY,,,,,,110,2006-09-08T14:30:00,2010-05-14T15:17:00,2,revise,active
9100HARMYRS,,,,Hairmyres Rail Station,,,,,,-,,,,,,,ES001696,Hairmyres,East Kilbride,,,,,,1,UKOS,260800,654300,-4.22001082493,55.76196554256,RLY,,,,,,110,2006-09-08T14:30:00,2007-09-26T13:00:00,1,revise,active
9100HAROOTH,,,,Harrow-on-the-Hill Rail Station,,,,,,-,,,,,,,E0034421,Harrow on the Hill,Harrow,,,,,,1,UKOS,515314,188012,-0.33722536083,51.57918561924,RLY,,,,,,110,2006-09-08T14:30:00,2010-12-23T14:13:00,3,revise,active
9100HARTFD,,,,Hartford Rail Station,,,,,,-,,,,,,,E0044419,Hartford,Northwich,,,,,,1,UKOS,363150,371780,-2.55362942136,53.24175825458,RLY,,,,,,110,2006-09-08T14:30:00,2007-09-26T13:00:00,1,revise,active
9100HARWICH,,,,Harwich Town Rail Station,,,,,,-,,,,,,,E0055830,Harwich,,,,,,,1,UKOS,625987,232397,1.2866819234,51.94414539521,RLY,,,,,,110,2006-09-08T14:30:00,2007-09-26T13:00:00,1,revise,active
9100HASLEMR,,,,Haslemere Rail Station,,,,,,-,,,,,,,E0051824,Haslemere,,,,,,,1,UKOS,489802,132928,-0.71916256835,51.08864818959,RLY,,,,,,110,2006-09-08T14:30:00,2013-06-24T13:39:00,2,revise,active
9100HASOCKS,,,,Hassocks Rail Station,,,,,,-,,,,,,,E0026791,Hassocks,,,,,,,1,UKOS,530404,115543,-0.14595298088,50.92461582107,RLY,,,,,,110,2006-09-08T14:30:00,2007-09-26T13:00:00,1,revise,active
9100HASTING,,,,Hastings Rail Station,,,,,,-,,,,,,,E0057381,Hastings,,,,,,,1,UKOS,581450,109650,0.57674190314,50.85789592878,RLY,,,,,,110,2006-09-08T14:30:00,2010-12-20T11:15:00,2,revise,active
9100HATFILD,,,,Hatfield (Herts) Rail Station,,,,,,-,,,,,,,E0047072,Hatfield,,,,,,,1,UKOS,523240,208750,-0.21558853213,51.76387948878,RLY,,,,,,110,2006-09-08T14:30:00,2007-09-26T13:00:00,1,revise,active
9100HATHRSG,,,,Hathersage Rail Station,,,,,,-,,,,,,,E0045047,Hathersage,,,,,,,1,UKOS,423295,381040,-1.65171860523,53.32577312202,RLY,,,,,,110,2006-09-08T14:30:00,2011-11-02T15:57:00,2,revise,active
9100HATRSLY,,,,Hattersley Rail Station,,,,,,-,,,,,,,E0028756,Hattersley,,,,,,,1,UKOS,397420,394280,-2.0403105378,53.44528253145,RLY,,,,,,110,2006-09-08T14:30:00,2007-09-26T13:00:00,1,revise,active
9100HATTON,,,,Hatton (Warks) Rail Station,,,,,,-,,,,,,,E0052030,Hatton,,,,,,,1,UKOS,422400,266400,-1.67297514159,52.2952778199,RLY,,,,,,110,2006-09-08T14:30:00,2007-09-26T13:00:00,1,revise,active
9100HAVANT,,,,Havant Rail Station,,,,,,-,,,,,,,E0013041,Havant,,,,,,,1,UKOS,471781,106595,-0.98161142439,50.85442708093,RLY,,,,,,110,2006-09-08T14:30:00,2007-09-26T13:00:00,1,revise,active
9100HAVENHS,,,,Havenhouse Rail Station,,,,,,-,,,,,,,N0060145,Havenhouse,,,,,,,1,UKOS,552240,359890,0.27316750465,53.11446841807,RLY,,,,,,110,2006-09-08T14:30:00,2007-09-26T13:00:00,1,revise,active
9100HAVRFDW,,,,Haverfordwest Rail Station,,,,,,-,,,,,,,E0055084,Haverfordwest,,,,,,,1,UKOS,196000,215700,-4.96020320796,51.80263206979,RLY,,,,,,110,2006-09-08T14:30:00,2007-09-26T13:00:00,1,revise,active
9100HAWARDN,,,,Hawarden Rail Station,,,,,,-,,,,,,,E0054237,Hawarden,,,,,,,1,UKOS,331130,365860,-3.03208073259,53.18535856131,RLY,,,,,,110,2006-09-08T14:30:00,2007-09-26T13:00:00,1,revise,active
9100HAWDNBG,,,,Hawarden Bridge Rail Station,,,,,,-,,,,,,,E0054237,Hawarden,,,,,,,1,UKOS,331140,369500,-3.03271744315,53.21807398022,RLY,,,,,,110,2006-09-08T14:30:00,2007-09-26T13:00:00,1,revise,active
9100HAYESAH,,,,Hayes & Harlington Rail Station,,,,,,-,,,,,,,E0034494,Hayes Town,London,,,,,,1,UKOS,509714,179422,-0.42068347609,51.50309561042,RLY,,,,,,110,2006-09-08T14:30:00,2009-08-21T14:59:00,2,revise,active
9100HAYLE,,,,Hayle Rail Station,,,,,,-,,,,,,,E0044617,Hayle,,,,,,,1,UKOS,155970,37325,-5.41983621115,50.18556271611,RLY,,,,,,110,2006-09-08T14:30:00,2011-09-30T10:48:00,2,revise,active
9100HAYMRKT,,,,Haymarket Rail Station,,,,,,-,,,,,,,ES001737,Haymarket,Edinburgh,,,,,,1,UKOS,324000,673200,-3.21844944732,55.94580778669,RLY,,,,,,110,2006-09-08T14:30:00,2014-10-17T16:07:00,2,revise,active
9100HAYS,,,,Hayes (Kent) Rail Station,,,,,,-,,,,,,,E0034108,Hayes,London,,,,,,1,UKOS,540030,166060,0.01055679095,51.37633385065,RLY,,,,,,110,2006-09-08T14:30:00,2010-05-14T15:20:00,2,revise,active
9100HAZL,,,,Hazel Grove Rail Station,,,,,,-,,,,,,,E0028763,Hazel Grove,,,,,,,1,UKOS,391980,386750,-2.1220193524,53.37754309728,RLY,,,,,,110,2006-09-08T14:30:00,2007-09-26T13:00:00,1,revise,active
9100HBDNBDG,,,,Hebden Bridge Rail Station,,,,,,-,,,,,,,E0032835,Hebden Bridge,,,,,,,1,UKOS,399500,426800,-2.00905870724,53.73758748965,RLY,,,,,,110,2006-09-08T14:30:00,2007-09-26T13:00:00,1,revise,active
9100HBRN,,,,Hollingbourne Rail Station,,,,,,-,,,,,,,E0047209,Hollingbourne,,,,,,,1,UKOS,583430,155060,0.62784829448,51.26517892195,RLY,,,,,,110,2006-09-08T14:30:00,2007-09-26T13:00:00,1,revise,active
9100HBROOMS,,,,High Brooms Rail Station,,,,,,-,,,,,,,E0015654,High Brooms,Tunbridge Wells,,,,,,1,UKOS,559378,141370,0.27733229635,51.14940496266,RLY,,,,,,110,2006-09-08T14:30:00,2007-09-26T13:00:00,1,revise,active
9100HBRTBDG,,,,Hubberts Bridge Rail Station,,,,,,-,,,,,,,E0016938,Hubberts Bridge,,,,,,,1,UKOS,526970,343670,-0.11052868429,52.97535291106,RLY,,,,,,110,2006-09-08T14:30:00,2011-05-23T14:51:00,2,revise,active
9100HBRY,,,,Hartlebury Rail Station,,,,,,-,,,,,,,E0052607,Hartlebury,,,,,,,1,UKOS,385030,270735,-2.2211189027,52.33449497472,RLY,,,,,,110,2006-09-08T14:30:00,2011-11-02T16:03:00,2,revise,active
9100HCHP,,,,Holmes Chapel Rail Station,,,,,,-,,,,,,,E0044267,Holmes Chapel,,,,,,,1,UKOS,376640,366930,-2.35113978849,53.19893104793,RLY,,,,,,110,2006-09-08T14:30:00,2007-09-26T13:00:00,1,revise,active
9100HCKNGTN,,,,Heckington Rail Station,,,,,,-,,,,,,,E0056232,Heckington,,,,,,,1,UKOS,514650,343580,-0.29394435712,52.97731771903,RLY,,,,,,110,2006-09-08T14:30:00,2007-09-26T13:00:00,1,revise,active
9100HCRT,,,,Hampton Court Rail Station,,,,,,-,,,,,,,E0025286,East Molesey,,,,,,,1,UKOS,515376,168361,-0.34274765269,51.40255567035,RLY,,,,,,110,2006-09-08T14:30:00,2007-09-26T13:00:00,1,revise,active
9100HDNS,,,,Hednesford Rail Station,,,,,,-,,,,,,,E0023415,Hednesford,Cannock,,,,,,1,UKOS,399977,312494,-2.00177793773,52.71011128187,RLY,,,,,,110,2006-09-08T14:30:00,2010-11-08T15:09:00,2,revise,active
9100HDON,,,,Hendon Rail Station,,,,,,-,,,,,,,E0033971,Hendon,London,,,,,,1,UKOS,522140,188270,-0.23867406319,51.58006795538,RLY,,,,,,110,2006-09-08T14:30:00,2007-09-26T13:00:00,1,revise,active
9100HDRSFLD,,,,Huddersfield Rail Station,,,,,,-,,,,,,,E0032934,Huddersfield,,,,,,,1,UKOS,414330,416910,-1.78469019439,53.64850230288,RLY,,,,,,110,2006-09-08T14:30:00,2010-04-16T17:41:00,2,revise,active
9100HEADCRN,,,,Headcorn Rail Station,,,,,,-,,,,,,,E0047208,Headcorn,,,,,,,1,UKOS,583800,144000,0.62748184535,51.16571425156,RLY,,,,,,110,2006-09-08T14:30:00,2007-09-26T13:00:00,1,revise,active
9100HEALING,,,,Healing Rail Station,,,,,,-,,,,,,,E0053489,Healing,,,,,,,1,UKOS,521870,411040,-0.16062984873,53.58179888702,RLY,,,,,,110,2006-09-08T14:30:00,2007-09-26T13:00:00,1,revise,active
9100HEATHHL,,,,Heath High Level Rail Station,,,,,,-,,,,,,,E0054007,Heath,Cardiff,,,,,,1,UKOS,318111,180385,-3.18154142948,51.51643041017,RLY,,,,,,110,2006-09-08T14:30:00,2011-03-24T16:41:00,2,revise,active
9100HEATHLL,,,,Heath Low Level Rail Station,,,,,,-,,,,,,,E0054007,Heath,Cardiff,,,,,,1,UKOS,318080,180300,-3.18196830189,51.51566179977,RLY,,,,,,110,2006-09-08T14:30:00,2007-09-26T13:00:00,1,revise,active
9100HEDGEND,,,,Hedge End Rail Station,,,,,,-,,,,,,,E0046790,Hedge End,,,,,,,1,UKOS,449674,115000,-1.29450331823,50.93231954226,RLY,,,,,,110,2006-11-17T09:19:00,2007-09-26T13:00:00,1,revise,active
9100HEDNGLY,,,,Headingley Rail Station,,,,,,-,,,,,,,E0032820,Headingley,Leeds,,,,,,1,UKOS,426815,435820,-1.59418800379,53.81797395718,RLY,,,,,,110,2006-09-08T14:30:00,2010-07-23T14:02:00,2,revise,active
9100HEDSTNL,,,,Headstone Lane Rail Station,,,,,,-,,,,,,,N0065063,Hatch End,London,,,,,,1,UKOS,513870,190590,-0.35721976415,51.60264898685,RLY,,,,,,110,2006-09-08T14:30:00,2010-05-14T15:19:00,3,revise,active
9100HELIFLD,,,,Hellifield Rail Station,,,,,,-,,,,,,,E0048905,Hellifield,,,,,,,1,UKOS,385166,457229,-2.22784461222,54.01086241965,RLY,,,,,,110,2006-09-08T14:30:00,2007-10-08T13:00:00,2,revise,active
9100HELMSDL,,,,Helmsdale Rail Station,,,,,,-,,,,,,,ES001750,Helmsdale,,,,,,,1,UKOS,302380,915475,-3.65868757454,58.11743877499,RLY,,,,,,110,2006-09-08T14:30:00,2010-02-25T14:30:00,2,revise,active
9100HELSBY,,,,Helsby Rail Station,,,,,,-,,,,,,,E0044420,Helsby,,,,,,,1,UKOS,348670,375635,-2.77120661162,53.27520135779,RLY,,,,,,110,2006-09-08T14:30:00,2011-03-24T16:45:00,2,revise,active
9100HEMLHMP,,,,Hemel Hempstead Rail Station,,,,,,-,,,,,,,E0013763,Hemel Hempstead,,,,,,,1,UKOS,504300,205925,-0.49077374333,51.74233297686,RLY,,,,,,110,2006-09-08T14:30:00,2007-09-26T13:00:00,1,revise,active
9100HENGOED,,,,Hengoed Rail Station,,,,,,-,,,,,,,E0035736,Hengoed,,,,,,,1,UKOS,315400,195000,-3.2241279201,51.64740881439,RLY,,,,,,110,2006-09-08T14:30:00,2007-09-26T13:00:00,1,revise,active
9100HENLYIA,,,,Henley-in-Arden Rail Station,,,,,,-,,,,,,,E0051947,Henley-in-Arden,,,,,,,1,UKOS,414830,265950,-1.78399102048,52.29148715836,RLY,,,,,,110,2006-09-08T14:30:00,2010-11-08T15:10:00,2,revise,active
9100HENSALL,,,,Hensall Rail Station,,,,,,-,,,,,,,E0049555,Hensall,,,,,,,1,UKOS,458560,422820,-1.11451863276,53.69854481172,RLY,,,,,,110,2006-09-08T14:30:00,2007-09-26T13:00:00,1,revise,active
9100HEREFRD,,,,Hereford Rail Station,,,,,,-,,,,,,,E0054981,Hereford,,,,,,,1,UKOS,351543,240546,-2.70821018081,52.06116220143,RLY,,,,,,110,2006-09-08T14:30:00,2007-09-26T13:00:00,1,revise,active
9100HERNEH,,,,Herne Hill Rail Station,,,,,,-,,,,,,,E0034631,Herne Hill,London,,,,,,1,UKOS,531955,174410,-0.10228909198,51.45330503688,RLY,,,,,,110,2006-09-08T14:30:00,2010-05-14T15:21:00,2,revise,active
9100HERSHAM,,,,Hersham Rail Station,,,,,,-,,,,,,,E0025295,Hersham,,,,,,,1,UKOS,512155,165425,-0.38995918597,51.37681204638,RLY,,,,,,110,2006-09-08T14:30:00,2011-03-24T16:37:00,2,revise,active
9100HERTFDE,,,,Hertford East Rail Station,,,,,,-,,,,,,,E0046986,Hertford,,,,,,,1,UKOS,532980,212910,-0.07294134669,51.79903486181,RLY,,,,,,110,2006-09-08T14:30:00,2007-09-26T13:00:00,1,revise,active
9100HESSLE,,,,Hessle Rail Station,,,,,,-,,,,,,,E0053053,Hessle,,,,,,,1,UKOS,502925,425685,-0.44182312114,53.71743801095,RLY,,,,,,110,2006-09-08T14:30:00,2011-05-23T15:09:00,2,revise,active
9100HESWALL,,,,Heswall Rail Station,,,,,,-,,,,,,,E0029733,Heswall,,,Wirral,,Heswall,,1,UKOS,328590,381960,-3.07370272813,53.32971706307,RLY,,,,,,110,2006-09-08T14:30:00,2007-09-26T13:00:00,1,revise,active
9100HEVEBUS,,,,Hever - Brocas Farm,,,,,,-,,,,,,,E0047245,Hever,,,,,,,0,UKOS,546970,145048,0.10156363989,51.18577327812,BCQ,,,,,,110,2008-07-07T16:28:00,2009-08-21T13:15:00,2,revise,active
9100HEVER,,,,Hever Rail Station,,,,,,-,,,,,,,E0047245,Hever,,,,,,,1,UKOS,546530,144550,0.09506941174,51.1814111472,RLY,,,,,,110,2006-09-08T14:30:00,2007-09-26T13:00:00,1,revise,active
9100HEWORTH,,,,Heworth Rail Station,,,,,,-,,,,,,,E0030949,Heworth,Gateshead,,,,,,1,UKOS,428550,561970,-1.55576610424,54.95156811608,RLY,,,,,,110,2006-09-08T14:30:00,2007-09-26T13:00:00,1,revise,active
9100HEXHAM,,,,Hexham Rail Station,,,,,,-,,,,,,,E0049987,Hexham,,,,,,,1,UKOS,394030,564320,-2.09479457481,54.97345905351,RLY,,,,,,110,2006-09-08T14:30:00,2010-12-20T11:20:00,2,revise,active
9100HEYFORD,,,,Heyford Rail Station,,,,,,-,,,,,,,N0071962,Lower Heyford,,,,,,,1,UKOS,448290,224750,-1.29926997023,51.91919029169,RLY,,,,,,110,2006-09-08T14:30:00,2007-09-26T13:00:00,1,revise,active
9100HEYMST,,,,Heysham Port Rail Station,,,,,,-,,,,,,,E0015978,Heysham,Morecambe,,,,,,1,UKOS,340290,460070,-2.91311432171,54.03314385051,RLY,,,,,,110,2006-09-08T14:30:00,2007-09-26T13:00:00,1,revise,active
9100HFDN,,,,Hertford North Rail Station,,,,,,-,,,,,,,E0046986,Hertford,,,,,,,1,UKOS,531681,212856,-0.09178846819,51.79885670131,RLY,,,,,,110,2006-09-08T14:30:00,2007-09-26T13:00:00,1,revise,active
9100HFLPEVL,,,,Hatfield Peverel Rail Station,,,,,,-,,,,,,,E0046175,Hatfield Peverel,,,,,,,1,UKOS,578910,212200,0.5921238162,51.77986437693,RLY,,,,,,110,2006-09-08T14:30:00,2007-09-26T13:00:00,1,revise,active
9100HGHBRDG,,,,Highbridge & Burnham-on-Sea Rail Station,,,,,,-,,,,,,,E0022550,Highbridge,Burnham-on-Sea,,,,,,1,UKOS,332200,147000,-2.97215342138,51.21815678481,RLY,,,,,,110,2006-09-08T14:30:00,2007-09-26T13:00:00,1,revise,active
9100HGHI,,,,Highbury & Islington Rail Station,,,,,,-,,,,,,,E0034570,Highbury,London,,,,,,1,UKOS,531585,184735,-0.10376363832,51.54617715485,RLY,,,,,,110,2006-09-08T14:30:00,2010-05-14T15:22:00,2,revise,active
9100HGHMSPK,,,,Highams Park Rail Station,,,,,,-,,,,,,,E0034871,Highams Park,London,,,,,,1,UKOS,538575,191840,-0.00022218599,51.60835018356,RLY,,,,,,110,2006-09-08T14:30:00,2010-05-14T15:21:00,2,revise,active
9100HGHNGTN,,,,Heighington Rail Station,,,,,,-,,,,,,,N0077346,Aycliffe Industrial Estate,Newton Aycliffe,,,,,,1,UKOS,427120,522500,-1.5817650641,54.59696035547,RLY,,,,,,110,2006-09-08T14:30:00,2011-01-24T11:18:00,3,revise,active
9100HIGHBYA,,,,Highbury & Islington Rail Station,,,,,,-,,,,,,,E0034570,Highbury,London,,,,,,1,UKOS,531585,184725,-0.10376737457,51.5460872902,RLY,,,,,,110,2006-09-08T14:30:00,2010-05-14T15:22:00,4,revise,active
9100HIGM,,,,Higham Rail Station,,,,,,-,,,,,,,E0047188,Higham,,,,,,,1,UKOS,571556,172613,0.46627780763,51.42655911865,RLY,,,,,,110,2006-09-08T14:30:00,2007-09-26T13:00:00,1,revise,active
9100HILLSID,,,,Hillside Rail Station,,,,,,-,,,,,,,E0029741,Hillside,Southport,,Southport,,Hillside,,1,UKOS,332320,414440,-3.02471637702,53.62210610057,RLY,,,,,,110,2006-09-08T14:30:00,2007-09-26T13:00:00,1,revise,active
9100HILSEA,,,,Hilsea Rail Station,,,,,,-,,,,,,,E0040726,Hilsea,Portsmouth,,,,,,1,UKOS,466385,103615,-1.05879733035,50.82827660452,RLY,,,,,,110,2006-09-08T14:30:00,2010-10-06T15:22:00,2,revise,active
9100HINCKLY,,,,Hinckley Rail Station,,,,,,-,,,,,,,E0056197,Hinckley,,,,,,,1,UKOS,442700,293200,-1.37192321538,52.53499848541,RLY,,,,,,110,2006-09-08T14:30:00,2007-09-26T13:00:00,1,revise,active
9100HINDLEY,,,,Hindley Rail Station,,,,,,-,,,,,,,E0028822,Hindley,Wigan,,,,,,1,UKOS,361960,405220,-2.57550164743,53.54223673091,RLY,,,,,,110,2006-09-08T14:30:00,2010-05-17T13:55:00,2,revise,active
9100HINTONA,,,,Hinton Admiral Rail Station,,,,,,-,,,,,,,E0013184,Hinton,,,,,,,1,UKOS,420263,94821,-1.71412652195,50.75264004204,RLY,,,,,,110,2006-09-08T14:30:00,2007-09-26T13:00:00,1,revise,active
9100HITCHIN,,,,Hitchin Rail Station,,,,,,-,,,,,,,E0014087,Hitchin,,,,,,,1,UKOS,519433,229734,-0.26348076455,51.95328253476,RLY,,,,,,110,2006-09-08T14:30:00,2007-09-26T13:00:00,1,revise,active
9100HITN,,,,Hightown Rail Station,,,,,,-,,,,,,,E0029739,Hightown,,,Sefton,,Hightown,,1,UKOS,330020,403680,-3.05706794581,53.52510579355,RLY,,,,,,110,2006-09-08T14:30:00,2007-09-26T13:00:00,1,revise,active
9100HITW,,,,Hall i' th' Wood Rail Station,,,,,,-,,,,,,,E0028737,Hall I Th Wood,,,,,,,1,UKOS,372757,411285,-2.41310966123,53.59742273039,RLY,,,,,,110,2006-09-08T14:30:00,2008-12-24T15:22:00,2,revise,active
9100HKBG,,,,Hackbridge Rail Station,,,,,,-,,,,,,,E0034820,Hackbridge,London,,,,,,1,UKOS,528580,165930,-0.15390747744,51.37787179566,RLY,,,,,,110,2006-09-08T14:30:00,2007-09-26T13:00:00,1,revise,active
9100HLDG,,,,Heald Green Rail Station,,,,,,-,,,,,,,N0075002,Heald Green,,,,,,,1,UKOS,384350,385865,-2.23666734018,53.36941569079,RLY,,,,,,110,2006-09-08T14:30:00,2009-04-14T10:55:00,2,revise,active
9100HLDNBRO,,,,Hildenborough Rail Station,,,,,,-,,,,,,,E0047346,Hildenborough,,,,,,,1,UKOS,555680,148500,0.22758998859,51.2144861558,RLY,,,,,,110,2006-09-08T14:30:00,2007-09-26T13:00:00,1,revise,active
9100HLFT,,,,Hillfoot Rail Station,,,,,,-,,,,,,,N0078782,Hillfoot,Bearsden,,,,,,1,UKOS,255100,672100,-4.3202741542,55.92009247965,RLY,,,,,,110,2006-09-08T14:30:00,2010-05-24T13:04:00,2,revise,active
9100HLFX,,,,Halifax Rail Station,,,,,,-,,,,,,,E0032788,Halifax,,,,,,,1,UKOS,409760,424960,-1.8535747171,53.72096068563,RLY,,,,,,110,2006-09-08T14:30:00,2010-07-23T14:03:00,2,revise,active
9100HLGN,,,,Hall Green Rail Station,,,,,,-,,,,,,,E0031606,Hall Green,Birmingham,,,,,,1,UKOS,410590,282115,-1.8456508538,52.43690935389,RLY,,,,,,110,2006-09-08T14:30:00,2010-04-01T15:54:00,2,revise,active
9100HLMW,,,,Holmwood Rail Station,,,,,,-,,,,,,,E0051784,Holmwood,,,,,,,1,UKOS,517465,143780,-0.32080891054,51.18119571548,RLY,,,,,,110,2006-09-08T14:30:00,2011-03-24T16:37:00,2,revise,active
9100HLNDBUS,,,,Hillingdon Underground Station,,,,,,-,,,,,,,E0034504,North Hillingdon,London,,,,,,0,UKOS,507570,185008,-0.44985679923,51.55371499218,BCQ,,,,,,110,2010-09-30T18:55:00,2010-09-30T18:56:00,1,revise,active
9100HLNGTNE,,,,Hillington East Rail Station,,,,,,-,,,,,,,N0068111,Hillington,Glasgow,,,,,,1,UKOS,252680,664840,-4.35501023499,55.85418250311,RLY,,,,,,110,2006-09-08T14:30:00,2011-07-07T14:08:00,3,revise,active
9100HLNGTNW,,,,Hillington West Rail Station,,,,,,-,,,,,,,N0068111,Hillington,Glasgow,,,,,,1,UKOS,251650,665080,-4.37158000999,55.85602117623,RLY,,,,,,110,2006-09-08T14:30:00,2010-10-06T15:39:00,2,revise,active
9100HLNSBRC,,,,Helensburgh Central Rail Station,,,,,,-,,,,,,,ES001745,Helensburgh,,,,,,,1,UKOS,229700,682400,-4.73275781695,56.00420813089,RLY,,,,,,110,2006-09-08T14:30:00,2007-09-26T13:00:00,1,revise,active
9100HLNSBRU,,,,Helensburgh Upper Rail Station,,,,,,-,,,,,,,ES001745,Helensburgh,,,,,,,1,UKOS,229920,683300,-4.72980401262,56.01236323697,RLY,,,,,,110,2006-09-08T14:30:00,2007-09-26T13:00:00,1,revise,active
9100HLTWHST,,,,Haltwhistle Rail Station,,,,,,-,,,,,,,E0049981,Haltwhistle,,,,,,,1,UKOS,370420,563790,-2.46356497181,54.96784909656,RLY,,,,,,110,2006-09-08T14:30:00,2007-09-26T13:00:00,1,revise,active
9100HLYH,,,,Holyhead Rail Station,,,,,,-,,,,,,,E0054333,Holyhead,,,,,,,1,UKOS,224800,382200,-4.63100242778,53.30768384883,RLY,,,,,,110,2006-09-08T14:30:00,2007-09-26T13:00:00,1,revise,active
9100HMBLE,,,,Hamble Rail Station,,,,,,-,,,,,,,E0046789,Hamble-le-Rice,,,,,,,1,UKOS,447300,108200,-1.32916202627,50.87137461464,RLY,,,,,,110,2006-09-08T14:30:00,2007-09-26T13:00:00,1,revise,active
9100HMPDNPK,,,,Hampden Park (Sussex) Rail Station,,,,,,-,,,,,,,E0010502,Hampden Park,Eastbourne,,,,,,1,UKOS,560733,102125,0.2793558809,50.79640596016,RLY,,,,,,110,2006-09-08T14:30:00,2007-09-26T13:00:00,1,revise,active
9100HMPHRYP,,,,Humphrey Park Rail Station,,,,,,-,,,,,,,N0075023,Humphrey Park,Lostock,,,,,,1,UKOS,378346,395102,-2.32753770543,53.45222828684,RLY,,,,,,110,2006-09-08T14:30:00,2010-04-30T10:22:00,2,revise,active
9100HMPSTDH,,,,Hampstead Heath Rail Station,,,,,,-,,,,,,,E0034175,Hampstead,London,,,,,,1,UKOS,527265,185630,-0.16570534374,51.55521018042,RLY,,,,,,110,2006-09-08T14:30:00,2010-05-14T15:16:00,2,revise,active
9100HMPTNIA,,,,Hampton-in-Arden Rail Station,,,,,,-,,,,,,,E0052812,Hampton in Arden,Solihull,,,,,,1,UKOS,420500,281270,-1.6999305593,52.4290331285,RLY,,,,,,110,2006-09-08T14:30:00,2007-09-26T13:00:00,1,revise,active
9100HMST,,,,Ham Street Rail Station,,,,,,-,,,,,,,E0014420,Hamstreet,,,,,,,1,UKOS,600090,133770,0.85450644381,51.06837860465,RLY,,,,,,110,2006-09-08T14:30:00,2007-09-26T13:00:00,1,revise,active
9100HMWTHY,,,,Hamworthy Rail Station,,,,,,-,,,,,,,N0060763,Hamworthy,Poole,,,,,,1,UKOS,398730,91730,-2.01935696282,50.72519184676,RLY,,,,,,110,2006-09-08T14:30:00,2007-09-26T13:00:00,1,revise,active
9100HNCHLYW,,,,Hinchley Wood Rail Station,,,,,,-,,,,,,,E0025296,Hinchley Wood,,,,,,,1,UKOS,515600,165300,-0.34052446259,51.37499827328,RLY,,,,,,110,2006-09-08T14:30:00,2007-09-26T13:00:00,1,revise,active
9100HNDFRTH,,,,Handforth Rail Station,,,,,,-,,,,,,,E0001936,Handforth,Wilmslow,,,,,,1,UKOS,385875,383310,-2.21363329446,53.34649321502,RLY,,,,,,110,2006-09-08T14:30:00,2011-11-02T15:44:00,2,revise,active
9100HNDSHWT,,,,The Hawthorns Rail Station,,,,,,-,,,,,,,E0057928,Smethwick,,,,,,,1,UKOS,402540,289720,-1.96400884667,52.50537306373,RLY,,,,,,110,2006-09-08T14:30:00,2015-11-20T16:21:00,2,revise,active
9100HNGT,,,,Harrington Rail Station,,,,,,-,,,,,,,E0004924,Harrington,,,,,,,1,UKOS,298995,525385,-3.56551465728,54.61348449745,RLY,,,,,,110,2006-09-08T14:30:00,2011-03-07T14:31:00,2,revise,active
9100HNLYOT,,,,Henley-on-Thames Rail Station,,,,,,-,,,,,,,E0050365,Henley-on-Thames,,,,,,,1,UKOS,476380,182270,-0.90021215312,51.53418009552,RLY,,,,,,110,2006-09-08T14:30:00,2007-09-26T13:00:00,1,revise,active
9100HNTL,,,,Huntly Rail Station,,,,,,-,,,,,,,ES001807,Huntly,,,,,,,1,UKOS,353537,839618,-2.77574000591,57.44448830437,RLY,,,,,,110,2006-09-08T14:30:00,2010-02-25T14:38:00,2,revise,active
9100HNTNGDN,,,,Huntingdon Rail Station,,,,,,-,,,,,,,E0043756,Huntingdon,,,,,,,1,UKOS,523300,271600,-0.19206797895,52.32864895392,RLY,,,,,,110,2006-09-08T14:30:00,2007-09-26T13:00:00,1,revise,active
9100HOCKLEY,,,,Hockley Rail Station,,,,,,-,,,,,,,E0057396,Hockley,,,,,,,1,UKOS,584237,192762,0.65900119885,51.60355622614,RLY,,,,,,110,2006-09-08T14:30:00,2007-09-26T13:00:00,1,revise,active
9100HOLINWD,,,,Hollinwood Rail Station (closed),,,,,,-,,,,,,,E0028839,Hollinwood,,,,,,,1,UKOS,390372,402616,-2.14668183465,53.52012668791,RLY,,,,,,110,2006-09-08T14:30:00,2013-05-15T09:43:00,4,revise,inactive
9100HOLTONH,,,,Holton Heath Rail Station,,,,,,-,,,,,,,E0009485,Holton Heath,,,,,,,1,UKOS,394600,90200,-2.07784478,50.71140854241,RLY,,,,,,110,2006-09-08T14:30:00,2007-09-26T13:00:00,1,revise,active
9100HOLYTWN,,,,Holytown Rail Station,,,,,,-,,,,,,,ES001782,Holytown,,,,,,,1,UKOS,276400,659500,-3.97392891261,55.81289802578,RLY,,,,,,110,2006-09-08T14:30:00,2007-09-26T13:00:00,1,revise,active
9100HOMRTON,,,,Homerton Rail Station,,,,,,-,,,,,,,E0034352,Homerton,Hackney,,,,,,1,UKOS,535840,184940,-0.04235975316,51.5470120631,RLY,,,,,,110,2006-09-08T14:30:00,2010-05-14T15:23:00,2,revise,active
9100HONITON,,,,Honiton Rail Station,,,,,,-,,,,,,,E0045249,Honiton,,,,,,,1,UKOS,316460,100340,-3.18671784748,50.79658114356,RLY,,,,,,110,2006-09-08T14:30:00,2007-09-26T13:00:00,1,revise,active
9100HONLEY,,,,Honley Rail Station,,,,,,-,,,,,,,E0032907,Honley,Holmfirth,,,,,,1,UKOS,414590,412430,-1.78096529913,53.60822828406,RLY,,,,,,110,2006-09-08T14:30:00,2007-09-26T13:00:00,1,revise,active
9100HONROPK,,,,Honor Oak Park Rail Station,,,,,,-,,,,,,,E0034666,Honor Oak Park,London,,,,,,1,UKOS,535910,174145,-0.04550537185,51.4499889852,RLY,,,,,,110,2006-09-08T14:30:00,2010-05-14T15:23:00,2,revise,active
9100HONYBRN,,,,Honeybourne Rail Station,,,,,,-,,,,,,,E0052613,Honeybourne,,,,,,,1,UKOS,411485,244820,-1.83374270382,52.10160038761,RLY,,,,,,110,2006-09-08T14:30:00,2011-11-02T16:03:00,2,revise,active
9100HOOK,,,,Hook Rail Station,,,,,,-,,,,,,,E0046802,Hook,,,,,,,1,UKOS,472520,153940,-0.96163570677,51.27999823769,RLY,,,,,,110,2006-09-08T14:30:00,2007-09-26T13:00:00,1,revise,active
9100HOOTON,,,,Hooton Rail Station,,,,,,-,,,,,,,E0001811,Hooton,,,,,,,1,UKOS,334980,378250,-2.97700928654,53.2971988261,RLY,,,,,,110,2006-09-08T14:30:00,2007-09-26T13:00:00,1,revise,active
9100HOPC,,,,Hope (Flintshire) Rail Station,,,,,,-,,,,,,,E0054240,Hope,,,,,,,1,UKOS,330700,358300,-3.03687579175,53.11735745715,RLY,,,,,,110,2005-09-08T14:35:00,2007-09-26T13:00:00,1,revise,active
9100HOPD,,,,Hope (Derbyshire) Rail Station,,,,,,-,,,,,,,E0045133,Hope,,,,,,,1,UKOS,418080,383280,-1.72988671661,53.34611015646,RLY,,,,,,110,2006-09-08T14:30:00,2011-11-02T15:57:00,2,revise,active
9100HOPTONH,,,,Hopton Heath Rail Station,,,,,,-,,,,,,,E0021974,Hopton Heath,,,,,,,1,UKOS,338030,277435,-2.91205961195,52.39141585063,RLY,,,,,,110,2006-09-08T14:30:00,2011-09-30T11:01:00,2,revise,active
9100HORLEY,,,,Horley Rail Station,,,,,,-,,,,,,,E0051790,Horley,,,,,,,1,UKOS,528665,142666,-0.16105350449,51.16877531772,RLY,,,,,,110,2006-09-08T14:30:00,2007-09-26T13:00:00,1,revise,active
9100HORSHAM,,,,Horsham Rail Station,,,,,,-,,,,,,,E0056833,Horsham,,,,,,,1,UKOS,517865,130980,-0.31926942016,51.06606497261,RLY,,,,,,110,2006-09-08T14:30:00,2007-09-26T13:00:00,1,revise,active
9100HORWICH,,,,Horwich Parkway Rail Station,,,,,,-,,,,,,,E0052667,Horwich,,,,,,,1,UKOS,364365,409192,-2.53966594536,53.57810593467,RLY,,,,,,110,2006-09-08T14:30:00,2007-09-26T13:00:00,1,revise,active
9100HOSCAR,,,,Hoscar Rail Station,,,,,,-,,,,,,,E0016499,Hoscar,,,,,,,1,UKOS,346860,411545,-2.80442087463,53.59776815642,RLY,,,,,,110,2006-09-08T14:30:00,2011-02-07T16:29:00,2,revise,active
9100HOUGHGR,,,,Hough Green Rail Station,,,,,,-,,,,,,,E0037826,Hough Green,Widnes,,Knowsley,,Hough Green,,1,UKOS,348530,386450,-2.77506593727,53.37239135849,RLY,,,,,,110,2006-09-08T14:30:00,2007-09-26T13:00:00,1,revise,active
9100HOUNSLW,,,,Hounslow Rail Station,,,,,,-,,,,,,,N0060455,Hounslow,London,,,,,,1,UKOS,513870,174935,-0.3622768775,51.4619461273,RLY,,,,,,110,2006-09-08T14:30:00,2010-05-14T15:24:00,2,revise,active
9100HOVE,,,,Hove Rail Station,,,,,,-,,,,,,,E0057156,Hove,,,,,,,1,UKOS,528912,105559,-0.17068731983,50.83521635907,RLY,,,,,,110,2006-09-08T14:30:00,2007-09-26T13:00:00,1,revise,active
9100HOWDEN,,,,Howden Rail Station,,,,,,-,,,,,,,E0053060,Howden,,,,,,,1,UKOS,475215,430420,-0.86046300282,53.7647112331,RLY,,,,,,110,2006-09-08T14:30:00,2011-05-23T15:10:00,2,revise,active
9100HOWOOD,,,,Howwood (Renfrewshire) Rail Station,,,,,,-,,,,,,,ES001798,Howwood,,,,,,,1,UKOS,239480,660450,-4.56305799907,55.81056429279,RLY,,,,,,110,2006-09-08T14:30:00,2007-09-26T13:00:00,1,revise,active
9100HOWWOOD,,,,How Wood (Herts) Rail Station,,,,,,-,,,,,,,E0014189,How Wood,,,,,,,1,UKOS,514449,203409,-0.34467037496,51.71774213319,RLY,,,,,,110,2006-09-08T14:30:00,2007-09-26T13:00:00,1,revise,active
9100HOXTON,,,,Hoxton Rail Station,,,,,,-,,,,,,,E0034353,Hoxton,London,,,,,,0,UKOS,533575,183155,-0.0756814943,51.53151166897,RLY,,,,,,110,2010-02-01T15:56:00,2010-06-04T17:54:00,2,revise,active
9100HOYLAKE,,,,Hoylake Rail Station,,,,,,-,,,,,,,E0029751,Hoylake,,,Wirral,,Hoylake,,1,UKOS,321700,388800,-3.17883078784,53.39021032012,RLY,,,,,,110,2006-09-08T14:30:00,2007-09-26T13:00:00,1,revise,active
9100HRGY,,,,Harringay Rail Station,,,,,,-,,,,,,,N0060451,Harringay,London,,,,,,1,UKOS,531400,188200,-0.10513605789,51.57735827396,RLY,,,,,,110,2006-09-08T14:30:00,2007-09-26T13:00:00,1,revise,active
9100HRGYGL,,,,Harringay Green Lanes Rail Station,,,,,,-,,,,,,,N0060451,Harringay,London,,,,,,1,UKOS,531885,188193,-0.09814369696,51.57718221025,RLY,,,,,,110,2006-09-08T14:30:00,2010-05-14T15:18:00,2,revise,active
9100HRLC,,,,Harlech Rail Station,,,,,,-,,,,,,,E0054284,Harlech,,,,,,,1,UKOS,258100,331400,-4.10919048007,52.86132857686,RLY,,,,,,110,2006-09-08T14:30:00,2007-09-26T13:00:00,1,revise,active
9100HRLDWOD,,,,Harold Wood Rail Station,,,,,,-,,,,,,,E0034459,Harold Wood,,,,,,,1,UKOS,554785,190575,0.23312869437,51.59276614057,RLY,,,,,,110,2006-09-08T14:30:00,2010-05-14T15:17:00,2,revise,active
9100HRLG,,,,Harlington (Beds) Rail Station,,,,,,-,,,,,,,E0043891,Harlington,,,,,,,1,UKOS,503456,230355,-0.49568986202,51.9620620567,RLY,,,,,,110,2006-11-17T09:19:00,2007-09-26T13:00:00,1,revise,active
9100HRLNGRD,,,,Harling Road Rail Station,,,,,,-,,,,,,,E0017580,Harling Road,,,,,,,1,UKOS,597770,287950,0.90914240373,52.45368989635,RLY,,,,,,110,2006-09-08T14:30:00,2007-09-26T13:00:00,1,revise,active
9100HRLWMIL,,,,Harlow Mill Rail Station,,,,,,-,,,,,,,N0076798,Harlow Mill,Harlow,,,,,,1,UKOS,547160,212340,0.13230764079,51.7903654601,RLY,,,,,,110,2006-09-08T14:30:00,2008-11-12T14:37:00,3,revise,active
9100HRLWTWN,,,,Harlow Town Rail Station,,,,,,-,,,,,,,E0055813,Harlow,,,,,,,1,UKOS,544626,211232,0.09513188242,51.78107034039,RLY,,,,,,110,2006-09-08T14:30:00,2007-09-26T13:00:00,1,revise,active
9100HRNBPK,,,,Hornbeam Park Rail Station,,,,,,-,,,,,,,E0018745,Oatlands,Harrogate,,,,,,1,UKOS,431130,453860,-1.52682225005,53.9798689371,RLY,,,,,,110,2006-09-08T14:30:00,2008-06-13T15:30:00,2,revise,active
9100HRNEBAY,,,,Herne Bay Rail Station,,,,,,-,,,,,,,E0014591,Herne Bay,,,,,,,1,UKOS,617130,167450,1.11772597522,51.36459303143,RLY,,,,,,110,2006-09-08T14:30:00,2007-09-26T13:00:00,1,revise,active
9100HRNSY,,,,Hornsey Rail Station,,,,,,-,,,,,,,E0034404,Hornsey,London,,,,,,1,UKOS,530900,189200,-0.1119749843,51.58646094935,RLY,,,,,,110,2006-09-08T14:30:00,2007-09-26T13:00:00,1,revise,active
9100HROW,,,,Harrow & Wealdstone Rail Station,,,,,,-,,,,,,,N0060452,Harrow,London,,,,,,1,UKOS,515465,189460,-0.33457140008,51.59216868409,RLY,,,,,,110,2006-09-08T14:30:00,2010-05-14T15:18:00,2,revise,active
9100HROWDC,,,,Harrow & Wealdstone Rail Station,,,,,,-,,,,,,,N0060452,Harrow,London,,,,,,1,UKOS,515465,189461,-0.33457107138,51.59217767161,RLY,,,,,,110,2006-09-08T14:30:00,2010-05-14T15:19:00,5,revise,active
9100HRPNDN,,,,Harpenden Rail Station,,,,,,-,,,,,,,E0047053,Harpenden,,,,,,,1,UKOS,513735,214175,-0.35148045101,51.81464489133,RLY,,,,,,110,2006-09-08T14:30:00,2011-02-07T16:21:00,2,revise,active
9100HRSLEY,,,,Horsley Rail Station,,,,,,-,,,,,,,E0051758,East Horsley,,,,,,,1,UKOS,509223,154518,-0.43540859645,51.27934697957,RLY,,,,,,110,2006-09-08T14:30:00,2007-09-26T13:00:00,1,revise,active
9100HRSM,,,,Harrietsham Rail Station,,,,,,-,,,,,,,E0047207,Harrietsham,,,,,,,1,UKOS,586620,152910,0.67239944635,51.24483286816,RLY,,,,,,110,2006-09-08T14:30:00,2007-09-26T13:00:00,1,revise,active
9100HRSTGRN,,,,Hurst Green Rail Station,,,,,,-,,,,,,,E0025713,Hurst Green,,,,,,,1,UKOS,539970,151380,0.00393940851,51.24443067733,RLY,,,,,,110,2006-09-08T14:30:00,2007-09-26T13:00:00,1,revise,active
9100HRTLEPL,,,,Hartlepool Rail Station,,,,,,-,,,,,,,E0054977,Hartlepool,,,,,,,1,UKOS,451200,532700,-1.20731618876,54.68675549073,RLY,,,,,,110,2006-09-08T14:30:00,2007-09-26T13:00:00,1,revise,active
9100HRTW,,,,Hartwood Rail Station,,,,,,-,,,,,,,ES001726,Hartwood,,,,,,,1,UKOS,284830,659110,-3.83932187478,55.81148069027,RLY,,,,,,110,2006-09-08T14:30:00,2007-09-26T13:00:00,1,revise,active
9100HSFT,,,,Horsforth Rail Station,,,,,,-,,,,,,,E0032918,Horsforth,Leeds,,,,,,1,UKOS,424425,439115,-1.63022836562,53.8477057083,RLY,,,,,,110,2006-09-08T14:30:00,2010-07-23T14:03:00,2,revise,active
9100HTCHEND,,,,Hatch End Rail Station,,,,,,-,,,,,,,N0065063,Hatch End,London,,,,,,1,UKOS,513065,191325,-0.36860136432,51.6094169312,RLY,,,,,,110,2006-09-08T14:30:00,2010-05-14T15:20:00,2,revise,active
9100HTCP,,,,Heaton Chapel Rail Station,,,,,,-,,,,,,,E0028777,Heaton Chapel,,,,,,,1,UKOS,388200,392100,-2.17904150666,53.42555990648,RLY,,,,,,110,2006-09-08T14:30:00,2007-09-26T13:00:00,1,revise,active
9100HTFLASF,,,,Hatfield & Stainforth Rail Station,,,,,,-,,,,,,,E0052754,Stainforth,,,,,,,1,UKOS,464745,410680,-1.02337723201,53.58871533488,RLY,,,,,,110,2006-09-08T14:30:00,2014-03-03T16:04:00,3,revise,active
9100HTHRGRN,,,,Hither Green Rail Station,,,,,,-,,,,,,,E0034665,Hither Green,London,,,,,,1,UKOS,539000,174455,-0.00094416824,51.45202527723,RLY,,,,,,110,2006-09-08T14:30:00,2010-05-14T15:22:00,2,revise,active
9100HTNCRNS,,,,Hutton Cranswick Rail Station,,,,,,-,,,,,,,E0053063,Hutton Cranswick,,,,,,,1,UKOS,502865,452220,-0.433861512,53.95585501828,RLY,,,,,,110,2006-09-08T14:30:00,2011-05-23T15:10:00,2,revise,active
9100HTNRIBL,,,,Horton-in-Ribblesdale Rail Station,,,,,,-,,,,,,,E0048907,Horton in Ribblesdale,,,,,,,1,UKOS,380370,472660,-2.30203267063,54.14938593841,RLY,,,,,,110,2006-09-08T14:30:00,2007-09-26T13:00:00,1,revise,active
9100HTRBUS5,,,,Heathrow Terminal 5,,,,,,-,,,,,,,N0078310,Heathrow Airport Terminal 5,Heathrow Airport,,,,,,1,UKOS,505020,175780,-0.48936877114,51.47125078567,BCQ,,,,,,110,2008-05-15T17:02:00,2014-02-07T16:09:00,4,revise,active
9100HTRWAPT,,,,Heathrow Terminals 2 & 3 Rail Station,,,,,,-,,,,,,,N0077675,Heathrow Airport Terminals 1-3,Heathrow Airport,,,,,,1,UKOS,507468,175898,-0.45410155064,51.47185224744,RLY,,,,,,110,2006-09-08T14:30:00,2018-06-17T15:38:26,8,revise,active
9100HTRWCBS,,,,Heathrow Central Bus Stn (Rail-Air),,,,,,-,,,,,,,E0034495,Heathrow Airport,London,,,,,,0,UKOS,507525,175815,-0.45330643238,51.47109540699,BCQ,,,,,,110,2008-01-25T09:49:00,2014-06-06T15:02:00,2,revise,active
9100HTRWTE4,,,,Heathrow Terminal 4 (Rail-Air),,,,,,-,,,,,,,N0077676,Heathrow Airport Terminal 4,Heathrow Airport,,,,,,1,UKOS,507993,174516,-0.44696749623,51.45933068942,BCQ,,,,,,110,2006-09-08T14:30:00,2014-06-06T15:03:00,5,revise,active
9100HTRWTM1,,,,Heathrow T1 Rail-Air Link,,,,,,-,,,,,,,E0034495,Heathrow Airport,London,,,,,,1,UKOS,507651,176044,-0.45142337783,51.47312977743,RLY,,,,,,110,2006-09-08T14:30:00,2014-06-06T15:03:00,3,revise,inactive
9100HTRWTM2,,,,Heathrow T2 Rail-Air Link,,,,,,-,,,,,,,E0034495,Heathrow Airport,London,,,,,,1,UKOS,507628,175732,-0.45184932888,51.47032982304,RLY,,,,,,110,2006-09-08T14:30:00,2014-06-06T15:04:00,3,revise,inactive
9100HTRWTM3,,,,Heathrow T3 Rail-Air Link,,,,,,-,,,,,,,E0034495,Heathrow Airport,London,,,,,,1,UKOS,507221,175923,-0.45764881261,51.47212376294,RLY,,,,,,110,2006-09-08T14:30:00,2014-06-06T15:04:00,3,revise,inactive
9100HTRWTM4,,,,Heathrow Terminal 4 Rail Station,,,,,,-,,,,,,,N0077676,Heathrow Airport Terminal 4,Heathrow Airport,,,,,,1,UKOS,508100,174400,-0.44546339628,51.45826765512,RLY,,,,,,110,2006-09-08T14:30:00,2014-06-06T15:04:00,4,revise,active
9100HTRWTM5,,,,Heathrow Terminal 5 Rail Station,,,,,,-,,,,,,,N0078310,Heathrow Airport Terminal 5,Heathrow Airport,,,,,,0,UKOS,504938,175645,-0.49058896653,51.47005255037,RLY,,,,,,110,2008-01-03T14:07:00,2014-06-06T15:05:00,3,revise,active
9100HUCKNAL,,,,Hucknall Rail Station,,,,,,-,,,,,,,E0057592,Hucknall,,,,,,,1,UKOS,454020,349303,-1.19581146607,53.03828405925,RLY,,,,,,110,2006-09-08T14:30:00,2007-09-26T13:00:00,1,revise,active
9100HULL,,,,Hull Rail Station,,,,,,-,,,,,,,E0055009,Hull,,,,,,,1,UKOS,509200,428800,-0.34567995259,53.74415039426,RLY,,,,,,110,2006-09-08T14:30:00,2007-09-26T13:00:00,1,revise,active
9100HUNCOAT,,,,Huncoat Rail Station,,,,,,-,,,,,,,E0015904,Huncoat,,,,,,,1,UKOS,377190,430660,-2.34756133087,53.77177709401,RLY,,,,,,110,2006-09-08T14:30:00,2011-02-07T16:30:00,2,revise,active
9100HUNGRFD,,,,Hungerford Rail Station,,,,,,-,,,,,,,E0055204,Hungerford,,,,,,,1,UKOS,434014,168545,-1.51228697113,51.41491026147,RLY,,,,,,110,2006-09-08T14:30:00,2007-09-26T13:00:00,1,revise,active
9100HUNMNBY,,,,Hunmanby Rail Station,,,,,,-,,,,,,,E0049495,Hunmanby,,,,,,,1,UKOS,510115,476660,-0.31455674165,54.17392577175,RLY,,,,,,110,2006-09-08T14:30:00,2011-11-02T16:43:00,2,revise,active
9100HUNTSX,,,,Hunts Cross Rail Station,,,,,,-,,,,,,,E0029752,Hunts Cross,Liverpool,,Liverpool,,Hunts Cross,,1,UKOS,343139,385212,-2.85586095655,53.36071099127,RLY,,,,,,110,2006-09-08T14:30:00,2008-11-17T16:53:00,2,revise,active
9100HUYTON,,,,Huyton Rail Station,,,,,,-,,,,,,,E0029753,Huyton,,,Knowsley,,Huyton,,1,UKOS,344060,390650,-2.84298882748,53.40968404177,RLY,,,,,,110,2006-09-08T14:30:00,2007-09-26T13:00:00,1,revise,active
9100HWKHEAD,,,,Hawkhead Rail Station,,,,,,-,,,,,,,N0078755,Hawkhead,Paisley,,,,,,1,UKOS,249890,663600,-4.39885086094,55.84219036376,RLY,,,,,,110,2006-09-08T14:30:00,2010-05-24T13:02:00,2,revise,active
9100HWYCOMB,,,,High Wycombe Rail Station,,,,,,-,,,,,,,E0000708,High Wycombe,,,,,,,1,UKOS,486935,193053,-0.74540981188,51.62958597175,RLY,,,,,,110,2006-09-08T14:30:00,2007-09-26T13:00:00,1,revise,active
9100HYDB,,,,Haydon Bridge Rail Station,,,,,,-,,,,,,,E0020143,Haydon Bridge,,,,,,,1,UKOS,384250,564535,-2.24758769145,54.9751757177,RLY,,,,,,110,2006-09-08T14:30:00,2010-12-20T11:20:00,2,revise,active
9100HYDEC,,,,Hyde Central Rail Station,,,,,,-,,,,,,,E0028879,Hyde,,,,,,,1,UKOS,394436,395017,-2.08525012936,53.45188333166,RLY,,,,,,110,2006-09-08T14:30:00,2008-12-24T15:23:00,2,revise,active
9100HYDEN,,,,Hyde North Rail Station,,,,,,-,,,,,,,E0028879,Hyde,,,,,,,1,UKOS,394424,396454,-2.0854568353,53.4647996163,RLY,,,,,,110,2006-09-08T14:30:00,2008-12-24T15:23:00,2,revise,active
9100HYDNSRD,,,,Haydons Road Rail Station,,,,,,-,,,,,,,E0034698,South Wimbledon,London,,,,,,1,UKOS,526020,171160,-0.1888146313,51.42544795119,RLY,,,,,,110,2006-09-08T14:30:00,2009-08-21T14:58:00,2,revise,active
9100HYKEHAM,,,,Hykeham Rail Station,,,,,,-,,,,,,,E0048060,North Hykeham,,,,,,,1,UKOS,493615,367350,-0.6001963956,53.19500504435,RLY,,,,,,110,2006-09-08T14:30:00,2011-05-23T14:51:00,2,revise,active
9100HYNDLND,,,,Hyndland Rail Station,,,,,,-,,,,,,,N0076061,Hyndland,Glasgow,,,,,,1,UKOS,255300,667600,-4.3146684253,55.87975404798,RLY,,,,,,110,2006-09-08T14:30:00,2008-02-06T16:00:00,2,revise,active
9100HYWRDSH,,,,Haywards Heath Rail Station,,,,,,-,,,,,,,E0052196,Haywards Heath,,,,,,,1,UKOS,533045,124630,-0.1050777016,51.00568168993,RLY,,,,,,110,2006-09-08T14:30:00,2011-08-22T14:04:00,2,revise,active
9100IBMM,,,,IBM (Greenock) Rail Station,,,,,,-,,,,,,,ES001670,Greenock,,,,,,,1,UKOS,223470,674320,-4.82723999939,55.92944701922,RLY,,,,,,110,2006-09-08T14:30:00,2007-09-26T13:00:00,1,revise,active
9100IFIELD,,,,Ifield Rail Station,,,,,,-,,,,,,,N0077377,Ifield,Crawley,,,,,,1,UKOS,525053,136663,-0.21477207746,51.115622899,RLY,,,,,,110,2006-09-08T14:30:00,2013-08-21T13:47:00,2,revise,active
9100ILFENBP,,,,Newbury Park Station,,,,,,-,,,,,,,E0034738,Newbury Park,London,,,,,,0,UKOS,544906,188310,0.08968398069,51.57503973328,RLY,,,,,,110,2009-02-13T17:32:00,2009-02-13T17:33:00,1,revise,active
9100ILFORD,,,,Ilford Rail Station,,,,,,-,,,,,,,E0034730,Ilford,London,,,,,,1,UKOS,543570,186500,0.0696795341,51.55911752908,RLY,,,,,,110,2006-09-08T14:30:00,2010-05-14T15:24:00,2,revise,active
9100ILKES,,,,Ilkeston Rail Station,,,,,,-,,,,,,,E0006996,Ilkeston,,,Ilkeston,,,,0,UKOS,447438,342704,-1.29493178269,52.97959198271,RLY,,,,,,110,2015-03-26T10:02:00,2015-03-26T10:15:00,1,revise,active
9100ILKLEY,,,,Ilkley Rail Station,,,,,,-,,,,,,,E0052820,Ilkley,,,,,,,1,UKOS,411785,447640,-1.82202748953,53.92476430955,RLY,,,,,,110,2006-09-08T14:30:00,2010-07-23T14:04:00,2,revise,active
9100INCE,,,,Ince (Manchester) Rail Station,,,,,,-,,,,,,,E0028883,Ince,Wigan,,,,,,1,UKOS,359570,404870,-2.61151966238,53.53891193045,RLY,,,,,,110,2006-09-08T14:30:00,2008-12-24T15:24:00,2,revise,active
9100INEL,,,,Ince & Elton Rail Station,,,,,,-,,,,,,,E0044349,Ince,,,,,,,1,UKOS,345650,375825,-2.81652230618,53.27660749455,RLY,,,,,,110,2006-09-08T14:30:00,2010-10-13T14:36:00,2,revise,active
9100INGTSTN,,,,Ingatestone Rail Station,,,,,,-,,,,,,,E0055783,Ingatestone,,,,,,,1,UKOS,564982,199165,0.38424682605,51.66704307977,RLY,,,,,,110,2006-09-08T14:30:00,2007-09-26T13:00:00,1,revise,active
9100INSCH,,,,Insch Rail Station,,,,,,-,,,,,,,ES001847,Insch,,,,,,,1,UKOS,362950,827610,-2.6171121957,57.33749852801,RLY,,,,,,110,2006-09-08T14:30:00,2007-09-26T13:00:00,1,revise,active
9100INVERKP,,,,Inverkip Rail Station,,,,,,-,,,,,,,ES001874,Inverkip,,,,,,,1,UKOS,220530,671840,-4.8725861441,55.90610443226,RLY,,,,,,110,2006-09-08T14:30:00,2007-09-26T13:00:00,1,revise,active
9100INVGWRE,,,,Invergowrie Rail Station,,,,,,-,,,,,,,N0068281,Invergowrie,Dundee,,,,,,1,UKOS,334930,729870,-3.05739771447,56.45647330483,RLY,,,,,,110,2006-09-08T14:30:00,2007-09-26T13:00:00,1,revise,active
9100INVRSHN,,,,Invershin Rail Station,,,,,,-,,,,,,,N0067877,Invershin,,,,,,,1,UKOS,257985,895356,-4.39947783533,57.92486908834,RLY,,,,,,110,2006-09-08T14:30:00,2010-02-25T14:32:00,2,revise,active
9100INVURIE,,,,Inverurie Rail Station,,,,,,-,,,,,,,ES001883,Inverurie,,,,,,,1,UKOS,377580,821800,-2.37355953092,57.28626722412,RLY,,,,,,110,2006-09-08T14:30:00,2007-09-26T13:00:00,1,revise,active
9100IPSWICH,,,,Ipswich Rail Station,,,,,,-,,,,,,,E0057632,Ipswich,,,,,,,1,UKOS,615700,243800,1.14442571019,52.05059234476,RLY,,,,,,110,2006-09-08T14:30:00,2007-09-26T13:00:00,1,revise,active
9100IRLAM,,,,Irlam Rail Station,,,,,,-,,,,,,,E0028884,Irlam,Salford,,,,,,1,UKOS,371315,393146,-2.4332301278,53.43430992939,RLY,,,,,,110,2006-09-08T14:30:00,2008-12-24T15:24:00,2,revise,active
9100IRVN,,,,Irvine Rail Station,,,,,,-,,,,,,,ES001888,Irvine,,,,,,,1,UKOS,231600,638500,-4.67514543399,55.61087412694,RLY,,,,,,110,2006-09-08T14:30:00,2007-09-26T13:00:00,1,revise,active
9100ISLEWTH,,,,Isleworth Rail Station,,,,,,-,,,,,,,E0034546,Isleworth,London,,,,,,1,UKOS,515600,176400,-0.33690672602,51.47476282106,RLY,,,,,,110,2006-09-08T14:30:00,2007-09-26T13:00:00,1,revise,active
9100ISLIP,,,,Islip Rail Station,,,,,,-,,,,,,,E0050286,Islip,,,,,,,1,UKOS,452600,214400,-1.23818163587,51.82575326236,RLY,,,,,,110,2006-09-08T14:30:00,2007-09-26T13:00:00,1,revise,active
9100IVER,,,,Iver Rail Station,,,,,,-,,,,,,,E0044078,Iver,,,,,,,1,UKOS,503730,179898,-0.50672594965,51.50850281844,RLY,,,,,,110,2006-11-17T09:19:00,2007-09-26T13:00:00,1,revise,active
9100IVRGRD,,,,Invergordon Rail Station,,,,,,-,,,,,,,ES001865,Invergordon,,,,,,,1,UKOS,270443,868656,-4.17484037251,57.6890185091,RLY,,,,,,110,2006-09-08T14:30:00,2010-02-25T14:33:00,2,revise,active
9100IVRKTHG,,,,Inverkeithing Rail Station,,,,,,-,,,,,,,ES001868,Inverkeithing,,,,,,,1,UKOS,313100,683300,-3.39618687988,56.03467704738,RLY,,,,,,110,2006-09-08T14:30:00,2007-09-26T13:00:00,1,revise,active
9100IVRNESS,,,,Inverness Rail Station,,,,,,-,,,,,,,ES001879,Inverness,,,,,,,1,UKOS,266788,845473,-4.22336102056,57.47986985951,RLY,,,,,,110,2006-09-08T14:30:00,2010-02-25T14:37:00,2,revise,active
9100IVYBDGE,,,,Ivybridge Rail Station,,,,,,-,,,,,,,E0045436,Ivybridge,,,,,,,1,UKOS,264745,56570,-3.90420412874,50.39341217768,RLY,,,,,,110,2006-09-08T14:30:00,2010-10-05T14:56:00,2,revise,active
9100JAMCOK,,,,James Cook Rail Station,,,,,,-,,,,,,,N0070298,James Cook Hospital,Middlesbrough,,,,,,0,UKOS,451288,517708,-1.2085693492,54.55203053375,RLY,,,,,,110,2013-09-17T15:02:00,2015-10-14T11:42:00,2,revise,active
9100JAMESST,,,,Liverpool James Street Rail Station,,,,,,-,,,,,,,E0057850,Liverpool,,,Liverpool,,City Centre,,1,UKOS,334150,390230,-2.9919576404,53.40476383468,RLY,,,,,,110,2006-09-08T14:30:00,2007-09-26T13:00:00,1,revise,active
9100JHNSTND,,,,Johnston (Pembrokeshire) Rail Station,,,,,,-,,,,,,,E0054496,Johnston,,,,,,,1,UKOS,193300,210700,-4.99632827586,51.75674669545,RLY,,,,,,110,2006-11-10T00:00:00,2007-09-26T13:00:00,1,revise,active
9100JOHNSTN,,,,Johnstone Rail Station,,,,,,-,,,,,,,ES001913,Johnstone,,,,,,,1,UKOS,243300,663000,-4.50363725747,55.83470868472,RLY,,,,,,110,2006-09-08T14:30:00,2007-09-26T13:00:00,1,revise,active
9100JORDANH,,,,Jordanhill Rail Station,,,,,,-,,,,,,,N0072799,Jordanhill,Glasgow,,,,,,1,UKOS,254670,667950,-4.3249178619,55.8827064637,RLY,,,,,,110,2006-09-08T14:30:00,2011-07-07T15:01:00,3,revise,active
9100KCLD,,,,Kirkcaldy Rail Station,,,,,,-,,,,,,,ES002147,Kirkcaldy,,,,,,,1,UKOS,327524,691647,-3.16702833801,56.11205808403,RLY,,,,,,110,2006-09-08T14:30:00,2007-09-26T13:00:00,1,revise,active
9100KDRMNST,,,,Kidderminster Rail Station,,,,,,-,,,,,,,E0056917,Kidderminster,,,,,,,1,UKOS,383866,276299,-2.23847072681,52.38448244877,RLY,,,,,,110,2006-09-08T14:30:00,2008-09-25T15:47:00,2,revise,active
9100KEARSLY,,,,Kearsley Rail Station,,,,,,-,,,,,,,E0028898,Kearsley,Farnworth,,,,,,1,UKOS,375240,405343,-2.37511964368,53.54413912857,RLY,,,,,,110,2006-09-08T14:30:00,2014-05-06T13:35:00,3,revise,active
9100KEIGHLY,,,,Keighley Rail Station,,,,,,-,,,,,,,E0032957,Keighley,,,,,,,1,UKOS,406565,441310,-1.90164947462,53.86796288889,RLY,,,,,,110,2006-09-08T14:30:00,2010-07-23T14:04:00,2,revise,active
9100KEITH,,,,Keith Rail Station,,,,,,-,,,,,,,ES001929,Keith,,,,,,,1,UKOS,343000,851600,-2.95406879825,57.55089916021,RLY,,,,,,110,2006-09-08T14:30:00,2007-09-26T13:00:00,1,revise,active
9100KELVEDN,,,,Kelvedon Rail Station,,,,,,-,,,,,,,E0046177,Kelvedon,,,,,,,1,UKOS,586264,219241,0.70238568697,51.84070231585,RLY,,,,,,110,2006-09-08T14:30:00,2007-09-26T13:00:00,1,revise,active
9100KEMBLE,,,,Kemble Rail Station,,,,,,-,,,,,,,E0046499,Kemble,,,,,,,1,UKOS,398519,197581,-2.02281708418,51.67699556017,RLY,,,,,,110,2006-09-08T14:30:00,2010-12-20T11:17:00,2,revise,active
9100KEMSING,,,,Kemsing Rail Station,,,,,,-,,,,,,,E0047247,Kemsing,,,,,,,1,UKOS,556784,157738,0.24742842428,51.29718714716,RLY,,,,,,110,2006-09-08T14:30:00,2007-09-26T13:00:00,1,revise,active
9100KENDAL,,,,Kendal Rail Station,,,,,,-,,,,,,,E0055517,Kendal,,,,,,,1,UKOS,352000,493200,-2.73964658475,54.33209588588,RLY,,,,,,110,2006-09-08T14:30:00,2007-09-26T13:00:00,1,revise,active
9100KENISHD,,,,Kennishead Rail Station,,,,,,-,,,,,,,N0068124,Kennishead,Glasgow,,,,,,1,UKOS,254390,660230,-4.32524615764,55.81331572168,RLY,,,,,,110,2006-09-08T14:30:00,2011-07-07T14:03:00,2,revise,active
9100KENLSTN,,,,Kenilworth Rail Station,,,,,,,,,,,,,E0052033,Kenilworth,,,,,,,0,UKOS,429205,271711,-1.57273822805,52.34270528381,RLY,,,,,,110,2017-11-12T21:49:11,2017-11-12T21:49:11,0,new,active
9100KENNETT,,,,Kennett Rail Station,,,,,,-,,,,,,,E0043674,Kennett,,,,,,,1,UKOS,570002,267267,0.49046452228,52.27726423372,RLY,,,,,,110,2006-11-17T09:19:00,2007-09-26T13:00:00,1,revise,active
9100KENOLYM,,,,Kensington (Olympia) Rail Station,,,,,,-,,,,,,,N0077705,Olympia,London,,,,,,1,UKOS,524325,179180,-0.21036406081,51.49789881284,RLY,,,,,,110,2006-09-08T14:30:00,2014-06-06T16:01:00,5,revise,active
9100KENR,,,,Kensal Rise Rail Station,,,,,,-,,,,,,,E0034048,Kensal Rise,London,,,,,,1,UKOS,523560,183240,-0.21995703736,51.53455400383,RLY,,,,,,110,2006-09-08T14:30:00,2010-05-14T15:25:00,2,revise,active
9100KENSLG,,,,Kensal Green Rail Station,,,,,,-,,,,,,,N0060457,Kensal Green,London,,,,,,1,UKOS,523215,182785,-0.22508758612,51.53054020454,RLY,,,,,,110,2006-09-08T14:30:00,2010-05-14T15:25:00,2,revise,active
9100KENTHOS,,,,Kent House Rail Station,,,,,,-,,,,,,,N0065189,Penge & Sydenham,London,,,,,,1,UKOS,536040,169945,-0.04524736923,51.41221521589,RLY,,,,,,110,2006-09-08T14:30:00,2010-05-27T17:08:00,3,revise,active
9100KETR,,,,Kettering Rail Station,,,,,,-,,,,,,,E0057587,Kettering,,,,,,,1,UKOS,486411,278038,-0.73156219775,52.39355499372,RLY,,,,,,110,2006-11-17T09:19:00,2007-09-26T13:00:00,1,revise,active
9100KEWBDGE,,,,Kew Bridge Rail Station,,,,,,-,,,,,,,E0034540,Gunnersbury,London,,,,,,1,UKOS,519020,178120,-0.28710755038,51.48951285815,RLY,,,,,,110,2006-09-08T14:30:00,2010-05-14T15:13:00,2,revise,active
9100KEWGRDN,,,,Kew Gardens Rail Station,,,,,,-,,,,,,,N0060460,Kew,London,,,,,,1,UKOS,519195,176740,-0.28505351414,51.47707334177,RLY,,,,,,110,2006-09-08T14:30:00,2010-05-14T15:27:00,2,revise,active
9100KEYHAM,,,,Keyham Rail Station,,,,,,-,,,,,,,E0040605,Keyham,Plymouth,,,,,,1,UKOS,245160,56715,-4.17959919463,50.38987989568,RLY,,,,,,110,2006-09-08T14:30:00,2010-10-05T14:59:00,2,revise,active
9100KEYNSHM,,,,Keynsham Rail Station,,,,,,-,,,,,,,E0054815,Keynsham,,,,,,,1,UKOS,365631,168890,-2.49562890975,51.41797695748,RLY,,,,,,110,2006-09-08T14:30:00,2009-06-18T15:40:00,2,revise,active
9100KGHN,,,,Kinghorn Rail Station,,,,,,-,,,,,,,ES002098,Kinghorn,,,,,,,1,UKOS,327000,686900,-3.17415408031,56.0693375269,RLY,,,,,,110,2006-09-08T14:30:00,2007-09-26T13:00:00,1,revise,active
9100KGPK,,,,Kings Park Rail Station,,,,,,-,,,,,,,ES002106,Kings Park,Glasgow,,,,,,1,UKOS,259345,660760,-4.24651694576,55.81954306857,RLY,,,,,,110,2006-09-08T14:30:00,2011-07-07T13:50:00,2,revise,active
9100KGSTON,,,,Kingston Rail Station,,,,,,-,,,,,,,N0060498,Kingston Upon Thames,London,,,,,,1,UKOS,518242,169561,-0.30116570895,51.41275124586,RLY,,,,,,110,2006-09-08T14:30:00,2009-09-21T13:38:00,3,revise,active
9100KGUSSIE,,,,Kingussie Rail Station,,,,,,-,,,,,,,ES002113,Kingussie,,,,,,,1,UKOS,275700,800400,-4.05219219776,57.07778172589,RLY,,,,,,110,2006-09-08T14:30:00,2007-09-26T13:00:00,1,revise,active
9100KGWD,,,,Kingswood Rail Station,,,,,,-,,,,,,,E0025547,Kingswood,,,,,,,1,UKOS,524815,156585,-0.2112474821,51.29472472324,RLY,,,,,,110,2006-09-08T14:30:00,2011-02-07T16:40:00,2,revise,active
9100KIDBROK,,,,Kidbrooke Rail Station,,,,,,-,,,,,,,E0034330,Kidbrooke,London,,,,,,1,UKOS,540945,175632,0.02749762513,51.46212129606,RLY,,,,,,110,2006-09-08T14:30:00,2010-05-14T15:27:00,2,revise,active
9100KIDSGRV,,,,Kidsgrove Rail Station,,,,,,-,,,,,,,E0051168,Kidsgrove,,,,,,,1,UKOS,383700,354400,-2.24481583495,53.08656536881,RLY,,,,,,110,2006-09-08T14:30:00,2007-09-26T13:00:00,1,revise,active
9100KIDWELY,,,,Kidwelly Rail Station,,,,,,-,,,,,,,E0054046,Kidwelly,,,,,,,1,UKOS,240100,206500,-4.31698547496,51.73434180465,RLY,,,,,,110,2006-09-08T14:30:00,2007-09-26T13:00:00,1,revise,active
9100KILDONN,,,,Kildonan Rail Station,,,,,,-,,,,,,,ES001985,Kildonan,,,,,,,1,UKOS,290150,921740,-3.86910608461,58.17080946408,RLY,,,,,,110,2006-09-08T14:30:00,2010-02-25T14:29:00,3,revise,active
9100KILGETY,,,,Kilgetty Rail Station,,,,,,-,,,,,,,E0040296,Kilgetty,,,,,,,1,UKOS,212600,207200,-4.71515570586,51.73210645632,RLY,,,,,,110,2006-09-08T14:30:00,2007-09-26T13:00:00,1,revise,active
9100KILMRNK,,,,Kilmarnock Rail Station,,,,,,-,,,,,,,ES002011,Kilmarnock,,,,,,,1,UKOS,242717,638224,-4.49868475746,55.61211761353,RLY,,,,,,110,2006-09-08T14:30:00,2007-09-26T13:00:00,1,revise,active
9100KILWNNG,,,,Kilwinning Rail Station,,,,,,-,,,,,,,ES002074,Kilwinning,,,,,,,1,UKOS,229600,643600,-4.71001861287,55.65595118696,RLY,,,,,,110,2006-09-08T14:30:00,2007-09-26T13:00:00,1,revise,active
9100KINBRAC,,,,Kinbrace Rail Station,,,,,,-,,,,,,,N0067893,Kinbrace,,,,,,,1,UKOS,286190,931600,-3.94120792686,58.2583126802,RLY,,,,,,110,2006-09-08T14:30:00,2010-02-25T14:29:00,2,revise,active
9100KINGHAM,,,,Kingham Rail Station,,,,,,-,,,,,,,E0050531,Kingham,,,,,,,1,UKOS,425637,222699,-1.62878618667,51.90224962233,RLY,,,,,,110,2006-09-08T14:30:00,2007-09-26T13:00:00,1,revise,active
9100KINSSTN,,,,Kings Sutton Rail Station,,,,,,-,,,,,,,E0049799,Kings Sutton,,,,,,,1,UKOS,449439,236125,-1.28093054677,52.02135131779,RLY,,,,,,110,2006-11-17T09:19:00,2007-09-26T13:00:00,1,revise,active
9100KINSVSQ,,,,Kings Sutton - Village Square,,,,,,-,,,,,,,E0049799,Kings Sutton,,,,,,,0,UKOS,449865,236101,-1.27472641934,52.02109752235,BCQ,,,,,,110,2008-11-07T18:00:00,2009-08-21T13:15:00,2,revise,active
9100KINTORE,,,,Kintore Railway Station,,,,,,Northern Road,,,,,,,ES002139,Kintore,,,,,,,,UKOS,378961,817033,-2.35024422812,57.2435128459,RLY,,,,,,110,2020-07-30T16:09:53,2020-07-30T16:09:53,1,new,active
9100KIRBYX,,,,Kirby Cross Rail Station,,,,,,-,,,,,,,E0011475,Kirby Cross,,,,,,,1,UKOS,621566,220753,1.2149927051,51.84139788787,RLY,,,,,,110,2006-09-08T14:30:00,2007-09-26T13:00:00,1,revise,active
9100KIRKHAM,,,,Kirkham & Wesham Rail Station,,,,,,-,,,,,,,E0047412,Kirkham,,,,,,,1,UKOS,341925,432650,-2.88294079158,53.78691524417,RLY,,,,,,110,2006-09-08T14:30:00,2009-10-15T16:30:00,2,revise,active
9100KKBY,,,,Kirkby Rail Station,,,,,,-,,,,,,,E0029767,Kirkby,,,Knowsley,,Kirkby,,1,UKOS,340190,399210,-2.90282920116,53.48619068825,RLY,,,,,,110,2006-09-08T14:30:00,2007-09-26T13:00:00,1,revise,active
9100KKSNDAL,,,,Kirk Sandall Rail Station,,,,,,-,,,,,,,E0030311,Kirk Sandall,Doncaster,,,,,,1,UKOS,461426,407872,-1.07406102661,53.56387811145,RLY,,,,,,110,2006-09-08T14:30:00,2010-12-20T11:12:00,2,revise,active
9100KLBRNHR,,,,Kilburn High Road Rail Station,,,,,,-,,,,,,,E0034051,Kilburn,London,,,,,,1,UKOS,525475,183590,-0.19223741969,51.53727746988,RLY,,,,,,110,2006-09-08T14:30:00,2010-05-14T15:28:00,2,revise,active
9100KLDL,,,,Kildale Rail Station,,,,,,-,,,,,,,E0049016,Kildale,,,,,,,1,UKOS,460480,509555,-1.0681434228,54.47775758313,RLY,,,,,,110,2006-09-08T14:30:00,2011-11-02T16:43:00,2,revise,active
9100KLGL,,,,Kings Langley Rail Station,,,,,,-,,,,,,,E0046955,Kings Langley,,,,,,,1,UKOS,508000,202000,-0.43842187035,51.70635587658,RLY,,,,,,110,2006-09-08T14:30:00,2007-09-26T13:00:00,1,revise,active
9100KLMAURS,,,,Kilmaurs Rail Station,,,,,,-,,,,,,,ES002039,Kilmaurs,,,,,,,1,UKOS,240816,641088,-4.53049038013,55.63720791841,RLY,,,,,,110,2006-09-08T14:30:00,2007-10-11T13:00:00,2,revise,active
9100KLPTRCK,,,,Kilpatrick Rail Station,,,,,,-,,,,,,,ES002912,Old Kilpatrick,Clydebank,,,,,,1,UKOS,246800,672900,-4.45341195771,55.92470139247,RLY,,,,,,110,2006-09-08T14:30:00,2007-09-26T13:00:00,1,revise,active
9100KLYNN,,,,Kings Lynn Rail Station,,,,,,-,,,,,,,E0017902,Kings Lynn,,,,,,,1,UKOS,562301,320076,0.40344668326,52.75392400456,RLY,,,,,,110,2006-09-08T14:30:00,2011-03-11T15:17:00,3,revise,active
9100KMPSTNH,,,,Kempston Hardwick Rail Station,,,,,,-,,,,,,,E0000064,Kempston Hardwick,,,,,,,1,UKOS,502593,244819,-0.50391375516,52.0922183386,RLY,,,,,,110,2006-09-08T14:30:00,2007-09-26T13:00:00,1,revise,active
9100KMPTNPK,,,,Kempton Park Rail Station,,,,,,-,,,,,,,E0025637,Kempton Park,Sunbury,,,,,,1,UKOS,510671,170307,-0.40975125502,51.42098314755,RLY,,,,,,110,2006-09-08T14:30:00,2007-09-26T13:00:00,1,revise,active
9100KMSLY,,,,Kemsley Rail Station,,,,,,-,,,,,,,E0015324,Kemsley,Sittingbourne,,,,,,1,UKOS,590526,166148,0.73535780443,51.3624402662,RLY,,,,,,110,2006-09-08T14:30:00,2007-09-26T13:00:00,1,revise,active
9100KNCKHLT,,,,Knockholt Rail Station,,,,,,-,,,,,,,N0080358,Knockholt Kent Station,,,,,,,1,UKOS,548500,162900,0.13084714432,51.34578954727,RLY,,,,,,110,2006-09-08T14:30:00,2011-11-07T14:59:00,7,revise,active
9100KNEBWTH,,,,Knebworth Rail Station,,,,,,-,,,,,,,E0047034,Knebworth,,,,,,,1,UKOS,524908,220250,-0.18728871212,51.86685483705,RLY,,,,,,110,2006-09-08T14:30:00,2007-09-26T13:00:00,1,revise,active
9100KNGW,,,,Kingsknowe Rail Station,,,,,,-,,,,,,,N0078876,Kingsknowe,Edinburgh,,,,,,1,UKOS,321040,670248,-3.2649661733,55.91881345437,RLY,,,,,,110,2006-09-08T14:30:00,2010-07-12T14:58:00,3,revise,active
9100KNGX,,,,London Kings Cross Rail Station,,,,,,-,,,,,,,E0034577,Kings Cross,London,,,,,,1,UKOS,530300,183000,-0.12292591146,51.53088333892,RLY,,,,,,110,2006-09-08T14:30:00,2007-09-26T13:00:00,1,revise,active
9100KNIGHTN,,,,Knighton Rail Station,,,,,,-,,,,,,,E0056571,Knighton,,,,,,,1,UKOS,329100,272400,-3.04219570174,52.34507261613,RLY,,,,,,110,2006-09-08T14:30:00,2007-09-26T13:00:00,1,revise,active
9100KNLY,,,,Kenley Rail Station,,,,,,-,,,,,,,E0034219,Kenley,London,,,,,,1,UKOS,532420,160120,-0.10092534215,51.32477694192,RLY,,,,,,110,2006-09-08T14:30:00,2010-05-14T15:25:00,2,revise,active
9100KNLYBUS,,,,Kenley - Kenley Hotel,,,,,,-,,,,,,,E0034219,Kenley,London,,,,,,0,UKOS,532475,160214,-0.10010154948,51.32560890436,BCQ,,,,,,110,2008-07-07T16:30:00,2009-08-21T13:15:00,2,revise,active
9100KNORTON,,,,Kings Norton Rail Station,,,,,,-,,,,,,,E0031476,Cotteridge,Birmingham,,,,,,1,UKOS,404700,279590,-1.93232572815,52.41429066035,RLY,,,,,,110,2006-09-08T14:30:00,2010-06-04T12:10:00,2,revise,active
9100KNRSBGH,,,,Knaresborough Rail Station,,,,,,-,,,,,,,E0056345,Knaresborough,,,,,,,1,UKOS,434805,457130,-1.47041615856,54.00902376537,RLY,,,,,,110,2006-09-08T14:30:00,2011-11-02T16:44:00,2,revise,active
9100KNSXMCL,,,,London Kings Cross Thameslink Rail Station,,,,,,-,,,,,,,E0034577,Kings Cross,London,,,,,,1,UKOS,530480,182980,-0.12033984927,51.53066207884,RLY,,,,,,110,2006-09-08T14:30:00,2009-04-14T14:44:00,3,revise,inactive
9100KNTBRY,,,,Kintbury Rail Station,,,,,,-,,,,,,,E0053849,Kintbury,,,,,,,1,UKOS,438635,167200,-1.44598884527,51.40252197567,RLY,,,,,,110,2006-09-08T14:30:00,2007-09-26T13:00:00,1,revise,active
9100KNTNGLY,,,,Knottingley Rail Station,,,,,,-,,,,,,,E0032986,Knottingley,,,,,,,1,UKOS,449000,423600,-1.25917814668,53.70653731579,RLY,,,,,,110,2006-09-08T14:30:00,2007-09-26T13:00:00,1,revise,active
9100KNTSHTN,,,,Kentish Town Rail Station,,,,,,-,,,,,,,N0065166,Kentish Town,London,,,,,,1,UKOS,529035,185150,-0.14036490827,51.55049490191,RLY,,,,,,110,2006-09-08T14:30:00,2010-05-14T15:26:00,2,revise,active
9100KNTSHTW,,,,Kentish Town West Rail Station,,,,,,-,,,,,,,N0065166,Kentish Town,London,,,,,,1,UKOS,528610,184700,-0.14665543661,51.54654783764,RLY,,,,,,110,2006-09-08T14:30:00,2010-05-14T15:26:00,2,revise,active
9100KNUCKLS,,,,Knucklas Rail Station,,,,,,-,,,,,,,E0041125,Knucklas,,,,,,,1,UKOS,325400,274100,-3.09687741877,52.35986147865,RLY,,,,,,110,2006-09-08T14:30:00,2007-09-26T13:00:00,1,revise,active
9100KNUTSFD,,,,Knutsford Rail Station,,,,,,-,,,,,,,E0044368,Knutsford,,,,,,,1,UKOS,375320,378380,-2.37179060704,53.30179054482,RLY,,,,,,110,2006-09-08T14:30:00,2011-11-02T15:44:00,2,revise,active
9100KNYMPTN,,,,Kings Nympton Rail Station,,,,,,-,,,,,,,E0045378,Kings Nympton,,,,,,,1,UKOS,266212,116910,-3.90541069897,50.93607408527,RLY,,,,,,110,2006-09-08T14:30:00,2010-10-05T14:56:00,2,revise,active
9100KRKBYIF,,,,Kirkby-in-Furness Rail Station,,,,,,-,,,,,,,E0006316,Kirkby in Furness,,,,,,,1,UKOS,322700,482540,-3.18737570311,54.23270929975,RLY,,,,,,110,2006-09-08T14:30:00,2011-03-07T14:31:00,2,revise,active
9100KRKC,,,,Kirkconnel Rail Station,,,,,,-,,,,,,,ES002171,Kirkconnel,,,,,,,1,UKOS,273500,612300,-3.99850027759,55.38830332366,RLY,,,,,,110,2006-09-08T14:30:00,2007-09-26T13:00:00,1,revise,active
9100KRKDALE,,,,Kirkdale Rail Station,,,,,,-,,,,,,,E0029768,Kirkdale,Liverpool,,Liverpool,,Kirkdale,,1,UKOS,334926,394240,-2.98111681294,53.44089892405,RLY,,,,,,110,2006-09-08T14:30:00,2008-11-17T16:51:00,2,revise,active
9100KRKH,,,,Kirkhill Rail Station,,,,,,-,,,,,,,ES000586,Cambuslang,,,,,,,1,UKOS,264300,659975,-4.1671046669,55.81391345738,RLY,,,,,,110,2006-09-08T14:30:00,2011-07-07T14:05:00,3,revise,active
9100KRKNWTN,,,,Kirknewton Rail Station,,,,,,-,,,,,,,ES002209,Kirknewton,,,,,,,1,UKOS,310500,667100,-3.43251158842,55.88869087395,RLY,,,,,,110,2006-09-08T14:30:00,2007-09-26T13:00:00,1,revise,active
9100KRKSLFR,,,,Kirkstall Forge Rail Station,,,,,,-,,,,,,,E0032816,Hawksworth,Leeds,,Hawksworth,,,,0,UKOS,424949,436449,-1.62247926932,53.8237197044,RLY,,,,,,110,2015-03-26T10:01:00,2015-03-26T10:15:00,1,revise,active
9100KRKWOOD,,,,Kirkwood Rail Station,,,,,,-,,,,,,,ES000759,Coatbridge,,,,,,,1,UKOS,271870,664230,-4.04839825583,55.85418848343,RLY,,,,,,110,2006-09-08T14:30:00,2007-09-26T13:00:00,1,revise,active
9100KRKYCEN,,,,Kirkby in Ashfield Rail Station,,,,,,-,,,,,,,E0057594,Kirkby in Ashfield,,,,,,,1,UKOS,450110,356138,-1.25305663119,53.10009880773,RLY,,,,,,110,2006-09-08T14:30:00,2007-11-08T13:00:00,2,revise,active
9100KRTNLND,,,,Kirton Lindsey Rail Station,,,,,,-,,,,,,,E0055064,Kirton in Lindsey,,,,,,,1,UKOS,493400,399600,-0.59391335603,53.48483993142,RLY,,,,,,110,2006-09-08T14:30:00,2007-09-26T13:00:00,1,revise,active
9100KSNY,,,,Kearsney Rail Station,,,,,,-,,,,,,,E0014771,Kearsney,,,,,,,1,UKOS,628938,143992,1.27206144895,51.1493756606,RLY,,,,,,110,2006-09-08T14:30:00,2007-09-26T13:00:00,1,revise,active
9100KSTP,,,,Kirkby Stephen Rail Station,,,,,,-,,,,,,,E0055512,Kirkby Stephen,,,,,,,1,UKOS,376200,506670,-2.36859659567,54.45485699858,RLY,,,,,,110,2006-09-08T14:30:00,2011-03-07T14:32:00,2,revise,active
9100KTBK,,,,Kents Bank Rail Station,,,,,,-,,,,,,,E0006314,Kents Bank,,,,,,,1,UKOS,339700,475630,-2.92522918587,54.17290232797,RLY,,,,,,110,2006-09-08T14:30:00,2007-09-26T13:00:00,1,revise,active
9100KTON,,,,Kenton Rail Station,,,,,,-,,,,,,,E0034425,Kenton,Harrow,,,,,,1,UKOS,516710,188335,-0.31698085306,51.58180153697,RLY,,,,,,110,2006-09-08T14:30:00,2010-05-14T15:27:00,2,revise,active
9100KVTNBDG,,,,Kiveton Bridge Rail Station,,,,,,-,,,,,,,N0060615,Kiveton Park,,,,,,,1,UKOS,448890,382923,-1.26717935845,53.34095788541,RLY,,,,,,110,2006-09-08T14:30:00,2014-03-03T16:04:00,3,revise,active
9100KVTNPK,,,,Kiveton Park Rail Station,,,,,,-,,,,,,,N0060615,Kiveton Park,,,,,,,1,UKOS,450715,382470,-1.23984450125,53.33671499211,RLY,,,,,,110,2006-09-08T14:30:00,2010-12-20T11:13:00,3,revise,active
9100KXTLSR,,,,Kings Cross Thameslink Rail Station,,,,,,-,,,,,,,E0034577,Kings Cross,London,,,,,,1,UKOS,530481,182980,-0.12032544121,51.53066184797,RLY,,,,,,110,2006-09-08T14:30:00,2009-04-14T16:03:00,4,revise,inactive
9100KYLELSH,,,,Kyle of Lochalsh Rail Station,,,,,,-,,,,,,,ES002246,Kyle of Lochalsh,,,,,,,1,UKOS,176247,827123,-5.71381265017,57.27977227388,RLY,,,,,,110,2006-09-08T14:30:00,2007-09-26T13:00:00,1,revise,active
9100LADYBNK,,,,Ladybank Rail Station,,,,,,-,,,,,,,ES002251,Ladybank,,,,,,,1,UKOS,330600,709600,-3.12227515513,56.27378152363,RLY,,,,,,110,2006-09-08T14:30:00,2007-09-26T13:00:00,1,revise,active
9100LAINDON,,,,Laindon Rail Station,,,,,,-,,,,,,,E0010986,Laindon,Basildon,,,,,,1,UKOS,568118,188190,0.4242890196,51.56752358817,RLY,,,,,,110,2006-09-08T14:30:00,2009-07-30T10:10:00,2,revise,active
9100LAIRG,,,,Lairg Rail Station,,,,,,-,,,,,,,ES002261,Lairg,,,,,,,1,UKOS,258265,903922,-4.39988881431,58.00182927887,RLY,,,,,,110,2006-09-08T14:30:00,2010-02-25T14:30:00,2,revise,active
9100LAKEIOW,,,,Lake (Isle of Wight) Rail Station,,,,,,-,,,,,,,E0053412,Lake,,,,,,,1,UKOS,459038,83308,-1.16634847061,50.6464769061,RLY,,,,,,110,2006-09-08T14:30:00,2007-09-26T13:00:00,1,revise,active
9100LAKNHTH,,,,Lakenheath Rail Station,,,,,,-,,,,,,,E0051370,Lakenheath,,,,,,,1,UKOS,572390,286293,0.53519772836,52.44740071743,RLY,,,,,,110,2006-09-08T14:30:00,2008-11-24T14:19:00,2,revise,active
9100LAMBH,,,,Gilshochill Rail Station,,,,,,-,,,,,,,N0078790,Gilshochill,Glasgow,,,,,,1,UKOS,257365,669490,-4.28268445398,55.89733791868,RLY,,,,,,110,2006-09-08T14:30:00,2011-07-07T15:01:00,5,revise,active
9100LAMPHEY,,,,Lamphey Rail Station,,,,,,-,,,,,,,E0054499,Lamphey,,,,,,,1,UKOS,201400,200400,-4.8732563102,51.6671865441,RLY,,,,,,110,2006-09-08T14:30:00,2007-09-26T13:00:00,1,revise,active
9100LANARK,,,,Lanark Rail Station,,,,,,-,,,,,,,ES002266,Lanark,,,,,,,1,UKOS,288575,643660,-3.77329022079,55.67360739151,RLY,,,,,,110,2006-09-08T14:30:00,2011-02-14T14:10:00,2,revise,active
9100LANCSTR,,,,Lancaster Rail Station,,,,,,-,,,,,,,E0057514,Lancaster,,,,,,,1,UKOS,347230,461720,-2.80745759975,54.04872996399,RLY,,,,,,110,2006-09-08T14:30:00,2011-02-07T16:30:00,2,revise,active
9100LANDUDJ,,,,Llandudno Junction Rail Station,,,,,,-,,,,,,,E0036588,Llandudno Junction,,,,,,,1,UKOS,279488,377857,-3.80910184854,53.28394383957,RLY,,,,,,110,2006-09-08T14:30:00,2008-02-07T09:09:00,2,revise,active
9100LANFRFC,,,,Llanfairfechan Rail Station,,,,,,-,,,,,,,E0054171,Llanfairfechan,,,,,,,1,UKOS,267800,375200,-3.98320259826,53.25728732567,RLY,,,,,,110,2006-09-08T14:30:00,2007-09-26T13:00:00,1,revise,active
9100LANGLEY,,,,Langley (Berks) Rail Station,,,,,,-,,,,,,,E0041742,Langley,,,,,,,1,UKOS,501300,179800,-0.541756088,51.50806229456,RLY,,,,,,110,2006-09-08T14:30:00,2007-09-26T13:00:00,1,revise,active
9100LAPFORD,,,,Lapford Rail Station,,,,,,-,,,,,,,E0045317,Lapford,,,,,,,1,UKOS,272655,107950,-3.81063882237,50.85700256567,RLY,,,,,,110,2006-09-08T14:30:00,2010-10-05T14:57:00,2,revise,active
9100LAPWRTH,,,,Lapworth Rail Station,,,,,,-,,,,,,,E0052034,Lapworth,,,,,,,1,UKOS,418785,271610,-1.72569122235,52.34225099468,RLY,,,,,,110,2006-09-08T14:30:00,2010-11-08T15:10:00,2,revise,active
9100LARBERT,,,,Larbert Rail Station,,,,,,-,,,,,,,ES002282,Larbert,,,,,,,1,UKOS,286000,682600,-3.83058067732,56.02270410128,RLY,,,,,,110,2006-09-08T14:30:00,2007-09-26T13:00:00,1,revise,active
9100LARGS,,,,Largs Rail Station,,,,,,-,,,,,,,ES002288,Largs,,,,,,,1,UKOS,220344,659215,-4.86719750196,55.7927432381,RLY,,,,,,110,2006-09-08T14:30:00,2007-09-26T13:00:00,1,revise,active
9100LARKHAL,,,,Larkhall Rail Station,,,,,,-,,,,,,,ES002294,Larkhall,,,,,,,1,UKOS,276065,651235,-3.97551164305,55.73859532251,RLY,,,,,,110,2006-09-08T14:30:00,2007-09-26T13:00:00,1,revise,active
9100LAWRNCH,,,,Lawrence Hill Rail Station,,,,,,-,,,,,,,N0077038,Lawrence Hill,Bristol,,,,,,1,UKOS,360881,173377,-2.56442969379,51.45801126619,RLY,,,,,,110,2006-09-08T14:30:00,2011-02-07T16:05:00,3,revise,active
9100LAYTON,,,,Layton (Lancs) Rail Station,,,,,,-,,,,,,,E0035282,Layton,Blackpool,,,,,,1,UKOS,332315,438160,-3.02999045915,53.83526789853,RLY,,,,,,110,2006-09-08T14:30:00,2010-10-13T14:37:00,2,revise,active
9100LAZKRKO,,,,Lazonby & Kirkoswald Rail Station,,,,,,-,,,,,,,E0044829,Lazonby,,,,,,,1,UKOS,354835,539725,-2.70320861395,54.75043672254,RLY,,,,,,110,2006-09-08T14:30:00,2011-03-07T14:32:00,2,revise,active
9100LBDR,,,,Llanbedr Rail Station,,,,,,-,,,,,,,E0054286,Llanbedr,,,,,,,1,UKOS,257900,326900,-4.11019741205,52.82085094774,RLY,,,,,,110,2006-09-08T14:30:00,2007-09-26T13:00:00,1,revise,active
9100LBGHJN,,,,Loughborough Junction Rail Station,,,,,,-,,,,,,,E0034628,Brixton,London,,,,,,1,UKOS,531925,175855,-0.10218200271,51.46629764506,RLY,,,,,,110,2006-09-08T14:30:00,2010-06-04T17:51:00,2,revise,active
9100LCEILOB,,,,Loch Eil Outward Bound Rail Station,,,,,,-,,,,,,,N0067913,Loch Eil Outward Bound,,,,,,,1,UKOS,205500,778300,-5.19157652453,56.85526776799,RLY,,,,,,110,2006-09-08T14:30:00,2007-09-26T13:00:00,1,revise,active
9100LCHALRT,,,,Lochailort Rail Station,,,,,,-,,,,,,,N0067915,Lochailort,,,,,,,1,UKOS,176900,782600,-5.66339494574,56.88096340994,RLY,,,,,,110,2006-09-08T14:30:00,2007-09-26T13:00:00,1,revise,active
9100LCHC,,,,Lichfield City Rail Station,,,,,,-,,,,,,,E0051152,Lichfield,,,,,,,1,UKOS,411900,309175,-1.82541968627,52.68014655732,RLY,,,,,,110,2006-09-08T14:30:00,2010-11-08T15:10:00,2,revise,active
9100LCHESDE,,,,Locheilside Rail Station,,,,,,-,,,,,,,N0067897,Kinlocheil,,,,,,,1,UKOS,199500,778600,-5.2900364531,56.85540693662,RLY,,,,,,110,2006-09-08T14:30:00,2007-09-26T13:00:00,1,revise,active
9100LCHGLLY,,,,Lochgelly Rail Station,,,,,,-,,,,,,,ES002439,Lochgelly,,,,,,,1,UKOS,318500,694400,-3.31293973402,56.13532964487,RLY,,,,,,110,2006-09-08T14:30:00,2007-09-26T13:00:00,1,revise,active
9100LCHLCHR,,,,Lochluichart Rail Station,,,,,,-,,,,,,,N0077746,Lochluichart,,,,,,,1,UKOS,232335,862562,-4.80904880083,57.62175690323,RLY,,,,,,110,2006-09-08T14:30:00,2010-02-25T14:34:00,3,revise,active
9100LCHTTVH,,,,Lichfield Trent Valley High Level Rail Station,,,,,,-,,,,,,,E0051152,Lichfield,,,,,,,1,UKOS,413600,309930,-1.80024368223,52.68689405671,RLY,,,,,,110,2006-09-08T14:30:00,2009-04-14T16:47:00,4,revise,active
9100LCHTTVL,,,,Lichfield Trent Valley Rail Station,,,,,,-,,,,,,,E0051152,Lichfield,,,,,,,1,UKOS,413601,309930,-1.80022888873,52.68689403182,RLY,,,,,,110,2006-09-08T14:30:00,2007-11-13T16:00:00,2,revise,active
9100LCHWNCH,,,,Lochwinnoch Rail Station,,,,,,-,,,,,,,ES002456,Lochwinnoch,,,,,,,1,UKOS,236060,657970,-4.6160752721,55.78715595915,RLY,,,,,,110,2006-09-08T14:30:00,2007-09-26T13:00:00,1,revise,active
9100LCKRBIE,,,,Lockerbie Rail Station,,,,,,-,,,,,,,ES002459,Lockerbie,,,,,,,1,UKOS,313780,581800,-3.35353281532,55.12305312918,RLY,,,,,,110,2006-09-08T14:30:00,2007-09-26T13:00:00,1,revise,active
9100LDBURY,,,,Ledbury Rail Station,,,,,,-,,,,,,,E0053277,Ledbury,,,,,,,1,UKOS,370890,238625,-2.42586029855,52.04525016818,RLY,,,,,,110,2006-09-08T14:30:00,2011-11-02T16:35:00,2,revise,active
9100LDLNGTN,,,,Lidlington Rail Station,,,,,,-,,,,,,,E0043898,Lidlington,,,,,,,1,UKOS,498936,239106,-0.55892831899,52.04153646314,RLY,,,,,,110,2006-09-08T14:30:00,2007-09-26T13:00:00,1,revise,active
9100LDYW,,,,Ladywell Rail Station,,,,,,-,,,,,,,E0034667,Ladywell,Lewisham,,,,,,1,UKOS,537730,174890,-0.01904061054,51.45624432445,RLY,,,,,,110,2006-09-08T14:30:00,2007-09-26T13:00:00,1,revise,active
9100LEABDGE,,,,Lea Bridge Rail Station,,,,,,-,,,,,,,E0034356,Lea Bridge,London,,,,,,0,UKOS,536176,187123,-0.03667252706,51.56654780129,RLY,,,,,,110,2015-09-25T15:54:00,2015-09-25T15:56:00,1,revise,active
9100LEAGRVE,,,,Leagrave Rail Station,,,,,,-,,,,,,,E0039084,Leagrave,Luton,,Luton,,Leagrave,,1,UKOS,506145,224080,-0.45850257318,51.90515899262,RLY,,,,,,110,2006-09-08T14:30:00,2007-09-26T13:00:00,1,revise,active
9100LEAHALL,,,,Lea Hall Rail Station,,,,,,-,,,,,,,E0031713,Lea Hall,Birmingham,,,,,,1,UKOS,414630,286990,-1.78601180865,52.48064289566,RLY,,,,,,110,2006-09-08T14:30:00,2007-09-26T13:00:00,1,revise,active
9100LEALHLM,,,,Lealholm Rail Station,,,,,,-,,,,,,,E0019110,Lealholm,,,,,,,1,UKOS,476220,507880,-0.82571525103,54.46059184596,RLY,,,,,,110,2006-09-08T14:30:00,2007-09-26T13:00:00,1,revise,active
9100LEASOWE,,,,Leasowe Rail Station,,,,,,-,,,,,,,E0029777,Leasowe,Wallasey,,Wirral,,Leasowe,,1,UKOS,327000,390700,-3.09959370195,53.40804575435,RLY,,,,,,110,2006-09-08T14:30:00,2007-09-26T13:00:00,1,revise,active
9100LEEDS,,,,Leeds Rail Station,,,,,,-,,,,,,,E0057974,Leeds,,,,,,,1,UKOS,429870,433352,-1.54802550674,53.79562656499,RLY,,,,,,110,2006-09-08T14:30:00,2008-10-03T11:42:00,2,revise,active
9100LEEE,,,,Lee Rail Station,,,,,,-,,,,,,,E0034668,Lee,London,,,,,,1,UKOS,540010,174230,0.0134928748,51.44975481035,RLY,,,,,,110,2006-09-08T14:30:00,2010-05-14T15:29:00,2,revise,active
9100LEGR,,,,Lea Green Rail Station,,,,,,-,,,,,,,E0029775,Lea Green,Thatto Heath,,,,,,1,UKOS,351924,392469,-2.72497749591,53.42680954725,RLY,,,,,,110,2006-09-08T14:30:00,2011-02-17T14:19:00,2,revise,active
9100LEIGBUS,,,,Leigh (Kent) - Fleur de Lis PH,,,,,,-,,,,,,,E0047249,Leigh,,,,,,,0,UKOS,554645,146405,0.21188097765,51.19594314174,BCQ,,,,,,110,2008-11-06T15:28:00,2009-04-20T15:50:00,2,revise,active
9100LEIGHK,,,,Leigh (Kent) Rail Station,,,,,,-,,,,,,,E0047249,Leigh,,,,,,,1,UKOS,554555,146175,0.21049501173,51.19390086733,RLY,,,,,,110,2006-09-08T14:30:00,2007-09-26T13:00:00,1,revise,active
9100LELANT,,,,Lelant Rail Station,,,,,,-,,,,,,,E0004270,Lelant,,,,,,,1,UKOS,154770,37220,-5.43654667312,50.18412435801,RLY,,,,,,110,2006-09-08T14:30:00,2007-09-26T13:00:00,1,revise,active
9100LELANTS,,,,Lelant Saltings Rail Station,,,,,,-,,,,,,,E0004270,Lelant,,,,,,,1,UKOS,154430,36640,-5.44092578538,50.17877664489,RLY,,,,,,110,2006-09-08T14:30:00,2011-09-30T10:49:00,2,revise,active
9100LENHAM,,,,Lenham Rail Station,,,,,,-,,,,,,,E0047214,Lenham,,,,,,,1,UKOS,589130,151850,0.70775911922,51.23448610412,RLY,,,,,,110,2006-09-08T14:30:00,2007-09-26T13:00:00,1,revise,active
9100LENZIE,,,,Lenzie Rail Station,,,,,,-,,,,,,,ES002326,Lenzie,Kirkintilloch,,,,,,1,UKOS,265500,671900,-4.15389043381,55.92131829782,RLY,,,,,,110,2006-09-08T14:30:00,2007-09-26T13:00:00,1,revise,active
9100LEOMNST,,,,Leominster Rail Station,,,,,,-,,,,,,,E0053280,Leominster,,,,,,,1,UKOS,350210,258860,-2.73034106314,52.22568190708,RLY,,,,,,110,2006-09-08T14:30:00,2011-11-02T16:36:00,2,revise,active
9100LESTER,,,,Leicester Rail Station,,,,,,-,,,,,,,E0057189,Leicester,,,,,,,1,UKOS,459300,304100,-1.12527544926,52.63142515028,RLY,,,,,,110,2006-09-08T14:30:00,2007-09-26T13:00:00,1,revise,active
9100LETHRHD,,,,Leatherhead Rail Station,,,,,,-,,,,,,,E0025479,Leatherhead,,,,,,,1,UKOS,516300,156840,-0.33323189889,51.29881781634,RLY,,,,,,110,2006-09-08T14:30:00,2011-03-24T16:38:00,2,revise,active
9100LEUCHRS,,,,Leuchars Rail Station,,,,,,-,,,,,,,ES002351,Leuchars,,,,,,,1,UKOS,344900,720670,-2.89371304945,56.37510263119,RLY,,,,,,110,2006-09-08T14:30:00,2007-09-26T13:00:00,1,revise,active
9100LEWES,,,,Lewes Rail Station,,,,,,-,,,,,,,E0046046,Lewes,,,,,,,1,UKOS,541621,109830,0.01133060008,50.87063202416,RLY,,,,,,110,2006-09-08T14:30:00,2007-09-26T13:00:00,1,revise,active
9100LEWISHM,,,,Lewisham Rail Station,,,,,,-,,,,,,,N0060462,Lewisham,London,,,,,,1,UKOS,538050,175950,-0.01402433971,51.46569174072,RLY,,,,,,110,2006-09-08T14:30:00,2007-09-26T13:00:00,1,revise,active
9100LEYLAND,,,,Leyland Rail Station,,,,,,-,,,,,,,E0016428,Leyland,,,,,,,1,UKOS,354730,422710,-2.68714509113,53.69885448892,RLY,,,,,,110,2006-09-08T14:30:00,2007-09-26T13:00:00,1,revise,active
9100LEYTNMR,,,,Leyton Midland Road Rail Station,,,,,,-,,,,,,,N0065232,Leyton,London,,,,,,1,UKOS,538150,187530,-0.00805055095,51.56972536512,RLY,,,,,,110,2006-09-08T14:30:00,2010-05-14T15:29:00,2,revise,active
9100LFPW,,,,Llanfairpwll Rail Station,,,,,,-,,,,,,,E0038708,Llanfairpwllgwyngyll,,,,,,,1,UKOS,252600,371600,-4.20921534022,53.22094504803,RLY,,,,,,110,2006-09-08T14:30:00,2007-09-26T13:00:00,1,revise,active
9100LGBK,,,,Langbank Rail Station,,,,,,-,,,,,,,ES002273,Langbank,,,,,,,1,UKOS,238562,673180,-4.58527451921,55.92451952347,RLY,,,,,,110,2006-09-08T14:30:00,2007-09-26T13:00:00,1,revise,active
9100LGFD,,,,Longfield Rail Station,,,,,,-,,,,,,,E0047146,Longfield,,,,,,,1,UKOS,560129,168857,0.30036424222,51.39615524512,RLY,,,,,,110,2006-09-08T14:30:00,2007-09-26T13:00:00,1,revise,active
9100LGHO,,,,Langho Rail Station,,,,,,-,,,,,,,E0016213,Langho,,,,,,,1,UKOS,370550,434375,-2.44865900545,53.80483180065,RLY,,,,,,110,2006-09-08T14:30:00,2011-02-07T16:31:00,2,revise,active
9100LGML,,,,Langley Mill Rail Station,,,,,,-,,,,,,,E0006562,Langley Mill,,,,,,,1,UKOS,444960,346960,-1.33124436999,53.01806030997,RLY,,,,,,110,2006-09-08T14:30:00,2007-09-26T13:00:00,1,revise,active
9100LGRN,,,,Langley Green Rail Station,,,,,,-,,,,,,,E0031710,Langley Green,Oldbury,,,,,,1,UKOS,399760,288440,-2.0049640419,52.49387123397,RLY,,,,,,110,2006-09-08T14:30:00,2007-09-26T13:00:00,1,revise,active
9100LGWITH,,,,Langwith - Whaley Thorns Rail Station,,,,,,-,,,,,,,N0065007,Whaley Thorns,,,,,,,1,UKOS,452880,370885,-1.20925873457,53.23237902472,RLY,,,,,,110,2006-09-08T14:30:00,2012-03-13T12:50:00,3,revise,active
9100LGWOOD,,,,Lingwood Rail Station,,,,,,-,,,,,,,E0017747,Lingwood,,,,,,,1,UKOS,636317,308423,1.48994460875,52.622102067,RLY,,,,,,110,2006-09-08T14:30:00,2008-12-01T14:01:00,2,revise,active
9100LHONSEA,,,,Leigh-on-Sea Rail Station,,,,,,-,,,,,,,E0053735,Leigh-on-Sea,Southend-on-Sea,,,,,,1,UKOS,583200,185790,0.64041138603,51.54127324584,RLY,,,,,,110,2006-09-08T14:30:00,2010-10-06T14:34:00,2,revise,active
9100LHVN,,,,Littlehaven Rail Station,,,,,,-,,,,,,,E0026708,Littlehaven,Horsham,,,,,,1,UKOS,518621,132520,-0.30798045858,51.07975123308,RLY,,,,,,110,2006-09-08T14:30:00,2007-09-26T13:00:00,1,revise,active
9100LHVNBUS,,,,Littlehaven - Lambs Farm Road,,,,,,-,,,,,,,E0026708,Littlehaven,Horsham,,,,,,0,UKOS,518657,132331,-0.30752876006,51.07804502898,BCQ,,,,,,110,2008-11-06T15:29:00,2009-08-21T13:15:00,2,revise,active
9100LIMHSE,,,,Limehouse Rail Station,,,,,,-,,,,,,,E0034849,Limehouse,London,,,,,,1,UKOS,536120,181111,-0.03980278445,51.51253669341,RLY,,,,,,110,2006-09-08T14:30:00,2010-05-14T15:30:00,2,revise,active
9100LINCLNC,,,,Lincoln Central Rail Station,,,,,,-,,,,,,,E0057558,Lincoln,,,,,,,1,UKOS,497571,370888,-0.53992186469,53.22608714739,RLY,,,,,,110,2006-09-08T14:30:00,2007-09-26T13:00:00,1,revise,active
9100LINGFLD,,,,Lingfield Rail Station,,,,,,-,,,,,,,E0056750,Lingfield,,,,,,,1,UKOS,539400,143800,-0.0071645465,51.1764527729,RLY,,,,,,110,2006-09-08T14:30:00,2007-09-26T13:00:00,1,revise,active
9100LIPHOOK,,,,Liphook Rail Station,,,,,,-,,,,,,,E0012773,Liphook,,,,,,,1,UKOS,484156,130905,-0.8002284029,51.0713162218,RLY,,,,,,110,2006-11-17T09:19:00,2007-09-26T13:00:00,1,revise,active
9100LISKARD,,,,Liskeard Rail Station,,,,,,-,,,,,,,E0044461,Liskeard,,,,,,,1,UKOS,224760,63695,-4.46957504492,50.4468646139,RLY,,,,,,110,2006-09-08T14:30:00,2011-09-30T10:50:00,2,revise,active
9100LISS,,,,Liss Rail Station,,,,,,-,,,,,,,E0046771,Liss,,,,,,,1,UKOS,477712,127718,-0.89286709515,51.04357107837,RLY,,,,,,110,2006-11-17T09:19:00,2007-09-26T13:00:00,1,revise,active
9100LITLBRO,,,,Littleborough Rail Station,,,,,,-,,,,,,,E0028987,Littleborough,,,,,,,1,UKOS,393840,416280,-2.09465135371,53.64299523858,RLY,,,,,,110,2006-09-08T14:30:00,2007-09-26T13:00:00,1,revise,active
9100LIVST,,,,London Liverpool Street Rail Station,,,,,,-,,,,,,,N0077693,Liverpool Street,City of London,,,,,,1,UKOS,533216,181641,-0.08142594391,51.51799102983,RLY,,,,,,110,2006-09-08T14:30:00,2010-06-21T10:45:00,2,revise,active
9100LKWD,,,,Lockwood Rail Station,,,,,,-,,,,,,,E0033074,Lockwood,Huddersfield,,,,,,1,UKOS,413270,415375,-1.80079074226,53.63473323986,RLY,,,,,,110,2006-09-08T14:30:00,2010-07-23T14:05:00,2,revise,active
9100LLANDAF,,,,Llandaf Rail Station,,,,,,-,,,,,,,E0054009,Llandaff,Cardiff,,,,,,1,UKOS,314830,179550,-3.22861229876,51.50843847307,RLY,,,,,,110,2006-09-08T14:30:00,2011-03-24T16:42:00,2,revise,active
9100LLBRDCH,,,,Llanbradach Rail Station,,,,,,-,,,,,,,E0053982,Llanbradach,,,,,,,1,UKOS,314700,190100,-3.23304757825,51.60325591601,RLY,,,,,,110,2006-09-08T14:30:00,2007-09-26T13:00:00,1,revise,active
9100LLBSTRD,,,,Llanbister Road Rail Station,,,,,,-,,,,,,,E0054590,Llanbister Road,,,,,,,1,UKOS,317420,271620,-3.21342075944,52.3364250789,RLY,,,,,,110,2006-09-08T14:30:00,2007-09-26T13:00:00,1,revise,active
9100LLDEILO,,,,Llandeilo Rail Station,,,,,,-,,,,,,,E0054053,Llandeilo,,,,,,,1,UKOS,263350,222620,-3.98688980384,51.88534433763,RLY,,,,,,110,2006-09-08T14:30:00,2007-09-26T13:00:00,1,revise,active
9100LLDODW,,,,Llandrindod Rail Station,,,,,,-,,,,,,,E0054595,Llandrindod Wells,,,,,,,1,UKOS,305930,261360,-3.37913794821,52.24235966394,RLY,,,,,,110,2006-09-08T14:30:00,2007-09-26T13:00:00,1,revise,active
9100LLDVERY,,,,Llandovery Rail Station,,,,,,-,,,,,,,E0054054,Llandovery,,,,,,,1,UKOS,276320,234520,-3.8028288559,51.99531246427,RLY,,,,,,110,2006-09-08T14:30:00,2007-09-26T13:00:00,1,revise,active
9100LLDYBIE,,,,Llandybie Rail Station,,,,,,-,,,,,,,E0054055,Llandybie,,,,,,,1,UKOS,262000,215500,-4.00364726744,51.82103546729,RLY,,,,,,110,2006-09-08T14:30:00,2007-09-26T13:00:00,1,revise,active
9100LLGADOG,,,,Llangadog Rail Station,,,,,,-,,,,,,,E0036080,Llangadog,,,,,,,1,UKOS,269960,228550,-3.89314702645,51.94021304885,RLY,,,,,,110,2006-09-08T14:30:00,2007-09-26T13:00:00,1,revise,active
9100LLGMMRW,,,,Llangammarch Rail Station,,,,,,-,,,,,,,N0071452,Llangammarch,,,,,,,1,UKOS,293630,247360,-3.55481657366,52.11429840852,RLY,,,,,,110,2006-09-08T14:30:00,2007-09-26T13:00:00,1,revise,active
9100LLGNNCH,,,,Llangennech Rail Station,,,,,,-,,,,,,,E0054070,Llangennech,,,,,,,1,UKOS,256400,201200,-4.07892938603,51.6911361571,RLY,,,,,,110,2006-09-08T14:30:00,2007-09-26T13:00:00,1,revise,active
9100LLGUNLO,,,,Llangynllo Rail Station,,,,,,-,,,,,,,N0071457,Llangynllo,,,,,,,1,UKOS,320990,273030,-3.16136919777,52.34962513974,RLY,,,,,,110,2006-09-08T14:30:00,2008-02-07T09:34:00,2,revise,active
9100LLHARAN,,,,Llanharan Rail Station,,,,,,-,,,,,,,E0054669,Llanharan,,,,,,,1,UKOS,300170,183060,-3.44077827861,51.53758573962,RLY,,,,,,110,2007-09-19T15:00:00,2007-09-26T13:00:00,1,revise,active
9100LLHLABY,,,,Abertillery High Street,,,,,,-,,,,,,,E0053943,Abertillery,,,,,,,1,UKOS,321690,204100,-3.13528318702,51.7301249396,RLY,,,,,,110,2008-05-15T16:34:00,2009-03-30T13:21:00,4,delete,inactive
9100LLHLETH,,,,Llanhilleth Rail Station,,,,,,-,,,,,,,E0053948,Llanhilleth,,,,,,,0,UKOS,321645,200783,-3.1351875865,51.70030092493,RLY,,,,,,110,2008-01-10T13:29:00,2008-01-10T13:46:00,1,revise,active
9100LLISHEN,,,,Llanishen Rail Station,,,,,,-,,,,,,,E0054011,Llanishen,Cardiff,,,,,,1,UKOS,318110,182200,-3.18197833481,51.53274622602,RLY,,,,,,110,2006-09-08T14:30:00,2007-09-26T13:00:00,1,revise,active
9100LLNLLI,,,,Llanelli Rail Station,,,,,,-,,,,,,,E0054059,Llanelli,,,,,,,1,UKOS,250650,199445,-4.16130348862,51.67386667446,RLY,,,,,,110,2006-09-08T14:30:00,2007-09-26T13:00:00,1,revise,active
9100LLNSMLT,,,,Llansamlet Rail Station,,,,,,-,,,,,,,E0054714,Llansamlet,,,,,,,1,UKOS,269740,197540,-3.88468522957,51.66150259688,RLY,,,,,,110,2006-09-08T14:30:00,2007-09-26T13:00:00,1,revise,active
9100LLNWTMR,,,,Llantwit Major Rail Station,,,,,,-,,,,,,,E0054762,Llantwit Major,,,,,,,1,UKOS,297050,168900,-3.48161717794,51.40974775825,RLY,,,,,,110,2006-09-08T14:30:00,2007-09-26T13:00:00,1,revise,active
9100LLWRDA,,,,Llanwrda Rail Station,,,,,,-,,,,,,,E0054083,Llanwrda,,,,,,,1,UKOS,271500,231000,-3.8716738639,51.96258673499,RLY,,,,,,110,2006-09-08T14:30:00,2007-09-26T13:00:00,1,revise,active
9100LLWRTYW,,,,Llanwrtyd Rail Station,,,,,,-,,,,,,,E0054626,Llanwrtyd Wells,,,,,,,1,UKOS,288310,246410,-3.6321633505,52.1047108932,RLY,,,,,,110,2006-09-08T14:30:00,2007-09-26T13:00:00,1,revise,active
9100LLWYNYP,,,,Llwynypia Rail Station,,,,,,-,,,,,,,E0054674,Llwyn-y-pia,,,,,,,1,UKOS,299500,193800,-3.45351344563,51.63400256473,RLY,,,,,,110,2006-09-08T14:30:00,2007-09-26T13:00:00,1,revise,active
9100LMNGTNS,,,,Leamington Spa Rail Station,,,,,,-,,,,,,,N0072514,Leamington Spa,,,,,,,1,UKOS,431735,265251,-1.53620999419,52.28449038824,RLY,,,,,,110,2006-09-08T14:30:00,2007-09-26T13:00:00,1,revise,active
9100LMTNPIR,,,,Lymington Pier Rail Station,,,,,,-,,,,,,,E0013221,Lymington,,,,,,,1,UKOS,433287,95517,-1.52944689116,50.75830045637,RLY,,,,,,110,2006-11-17T09:19:00,2007-09-26T13:00:00,1,revise,active
9100LMTNTWN,,,,Lymington Town Rail Station,,,,,,-,,,,,,,E0013221,Lymington,,,,,,,1,UKOS,432741,95804,-1.53716196819,50.76091220629,RLY,,,,,,110,2006-11-17T09:19:00,2007-09-26T13:00:00,1,revise,active
9100LNAB,,,,Llanaber Rail Station,,,,,,-,,,,,,,E0037595,Llanaber,Barmouth,,,,,,1,UKOS,259870,318010,-4.07717573786,52.74150300369,RLY,,,,,,110,2006-09-08T14:30:00,2007-09-26T13:00:00,1,revise,active
9100LNCG,,,,Lancing Rail Station,,,,,,-,,,,,,,E0052051,Lancing,,,,,,,1,UKOS,518200,104400,-0.32310918715,50.82708327693,RLY,,,,,,110,2006-09-08T14:30:00,2007-09-26T13:00:00,1,revise,active
9100LNDC,,,,Llandecwyn Rail Station,,,,,,-,,,,,,,E0037598,Llandecwyn,,,,,,,1,UKOS,261800,337900,-4.0570346764,52.9206848393,RLY,,,,,,110,2006-09-08T14:30:00,2007-09-26T13:00:00,1,revise,active
9100LNDNBDC,,,,London Bridge Rail Station,,,,,,-,,,,,,,N0077694,London Bridge,London,,,,,,1,UKOS,532930,180190,-0.08609200483,51.5050190405,RLY,,,,,,110,2006-09-08T14:30:00,2010-06-04T17:55:00,5,revise,active
9100LNDNBDE,,,,London Bridge Rail Station,,,,,,-,,,,,,,N0077694,London Bridge,London,,,,,,1,UKOS,532930,180200,-0.0860882393,51.50510890486,RLY,,,,,,110,2006-09-08T14:30:00,2010-06-04T17:55:00,4,revise,active
9100LNDW,,,,Llandanwg Rail Station,,,,,,-,,,,,,,E0054284,Harlech,,,,,,,1,UKOS,257030,328630,-4.12385669783,52.83616179001,RLY,,,,,,110,2006-09-08T14:30:00,2007-09-26T13:00:00,1,revise,active
9100LNDYW,,,,Landywood Rail Station,,,,,,-,,,,,,,E0023959,Landywood,,,,,,,1,UKOS,398695,306535,-2.02072768406,52.65654013592,RLY,,,,,,110,2006-09-08T14:30:00,2010-11-08T15:11:00,2,revise,active
9100LNGBKBY,,,,Long Buckby Rail Station,,,,,,-,,,,,,,E0049645,Long Buckby,,,,,,,1,UKOS,462400,266680,-1.08646676322,52.29471620301,RLY,,,,,,110,2006-09-08T14:30:00,2007-09-26T13:00:00,1,revise,active
9100LNGCROS,,,,Longcross Rail Station,,,,,,-,,,,,,,E0025602,Longcross,,,,,,,1,UKOS,497897,166062,-0.59456992576,51.38517283832,RLY,,,,,,110,2006-09-08T14:30:00,2007-09-26T13:00:00,1,revise,active
9100LNGEATN,,,,Long Eaton Rail Station,,,,,,-,,,,,,,E0007000,Long Eaton,,,,,,,1,UKOS,448040,332185,-1.28752050078,52.88498772573,RLY,,,,,,110,2006-09-08T14:30:00,2010-06-04T12:17:00,2,revise,active
9100LNGNDRY,,,,Longniddry Rail Station,,,,,,-,,,,,,,ES002484,Longniddry,,,,,,,1,UKOS,344660,676300,-2.88834304842,55.97648434422,RLY,,,,,,110,2006-09-08T14:30:00,2007-09-26T13:00:00,1,revise,active
9100LNGP,,,,Longport Rail Station,,,,,,-,,,,,,,E0042160,Longport,Stoke-on-Trent,,,,,,1,UKOS,385585,349423,-2.21644784664,53.04188172894,RLY,,,,,,110,2006-09-08T14:30:00,2009-10-15T16:36:00,2,revise,active
9100LNLTHGW,,,,Linlithgow Rail Station,,,,,,-,,,,,,,ES002375,Linlithgow,,,,,,,1,UKOS,300510,677090,-3.59585212554,55.97645235853,RLY,,,,,,110,2006-09-08T14:30:00,2007-09-26T13:00:00,1,revise,active
9100LNRWST,,,,Llanrwst Rail Station,,,,,,Denbigh Street,,,,,,,E0054176,Llanrwst,,,,,,,1,UKOS,280063,361693,-3.79440104421,53.13885026779,RLY,,,,,,110,2006-09-08T14:30:00,2012-01-25T13:37:00,2,revise,active
9100LNSD,,,,Langside Rail Station,,,,,,-,,,,,,,N0068138,Langside,Glasgow,,,,,,1,UKOS,257420,661000,-4.27734005577,55.82113297671,RLY,,,,,,110,2006-09-08T14:30:00,2008-02-06T16:08:00,2,revise,active
9100LNTN,,,,Longton Rail Station,,,,,,-,,,,,,,E0042161,Longton,Stoke-on-Trent,,,,,,1,UKOS,390900,343633,-2.1370105607,52.98995274882,RLY,,,,,,110,2006-09-08T14:30:00,2010-11-08T15:11:00,2,revise,active
9100LOCHAWE,,,,Loch Awe Rail Station,,,,,,-,,,,,,,N0068484,Lochawe,,,,,,,1,UKOS,212380,727460,-5.04197537182,56.40201609812,RLY,,,,,,110,2006-09-08T14:30:00,2007-09-26T13:00:00,1,revise,active
9100LOGHBRO,,,,Loughborough (Leics) Rail Station,,,,,,-,,,,,,,E0016641,Loughborough,,,,,,,1,UKOS,454335,320455,-1.19592848517,52.77895450244,RLY,,,,,,110,2006-09-08T14:30:00,2007-09-26T13:00:00,1,revise,active
9100LONB,,,,Longbridge Rail Station,,,,,,-,,,,,,,E0031740,Longbridge,Birmingham,,,,,,1,UKOS,401370,277600,-1.98129153073,52.3964181941,RLY,,,,,,110,2006-09-08T14:30:00,2007-09-26T13:00:00,1,revise,active
9100LONFLDS,,,,London Fields Rail Station,,,,,,-,,,,,,,N0060500,Hackney,London,,,,,,1,UKOS,534790,184260,-0.05775329196,51.54115298166,RLY,,,,,,110,2006-09-08T14:30:00,2007-09-26T13:00:00,1,revise,active
9100LONGBCK,,,,Longbeck Rail Station,,,,,,-,,,,,,,E0041561,Redcar,,,,,,,1,UKOS,462750,521990,-1.03047285909,54.58921807284,RLY,,,,,,110,2006-09-08T14:30:00,2010-04-01T15:56:00,2,revise,active
9100LOOE,,,,Looe Rail Station,,,,,,-,,,,,,,E0044462,Looe,,,,,,,1,UKOS,225390,53920,-4.4561637261,50.35922537046,RLY,,,,,,110,2006-09-08T14:30:00,2007-09-26T13:00:00,1,revise,active
9100LOSTCKP,,,,Lostock Rail Station,,,,,,-,,,,,,,E0028995,Lostock,,,,,,,1,UKOS,367367,408594,-2.49426609338,53.5729271496,RLY,,,,,,110,2006-09-08T14:30:00,2009-01-12T18:42:00,3,revise,active
9100LOWDHAM,,,,Lowdham Rail Station,,,,,,-,,,,,,,E0056481,Lowdham,,,,,,,1,UKOS,467305,345910,-0.99841898344,53.00628485752,RLY,,,,,,110,2006-09-08T14:30:00,2011-01-24T11:18:00,2,revise,active
9100LOWMOOR,,,,Low Moor Rail Station,,,,,,-,,,,,,,E0033102,Low Moor,Bradford,,,,,,0,UKOS,416359,428201,-1.75340384946,53.74992698329,RLY,,,,,,110,2015-09-25T15:55:00,2015-09-25T15:56:00,1,revise,active
9100LOWSTFT,,,,Lowestoft Rail Station,,,,,,-,,,,,,,E0025243,Lowestoft,,,,,,,1,UKOS,654747,292890,1.74970804572,52.47443783226,RLY,,,,,,110,2006-11-17T09:19:00,2007-09-26T13:00:00,1,revise,active
9100LPRESTN,,,,Long Preston Rail Station,,,,,,-,,,,,,,E0048916,Long Preston,,,,,,,1,UKOS,383350,457900,-2.25559197103,54.01683728872,RLY,,,,,,110,2006-09-08T14:30:00,2007-09-26T13:00:00,1,revise,active
9100LRDGFD,,,,London Road (Guildford) Rail Station,,,,,,-,,,,,,,E0056720,Guildford,,,,,,,1,UKOS,500264,150030,-0.56506889443,51.24064971012,RLY,,,,,,110,2006-09-08T14:30:00,2007-09-26T13:00:00,1,revise,active
9100LRNCKRK,,,,Laurencekirk Rail Station,,,,,,-,,,,,,,ES002306,Laurencekirk,,,,,,,1,UKOS,371696,771801,-2.4655051,56.836805,RLY,,,,,,110,2007-09-19T15:00:00,2025-05-13T13:46:00,4,revise,active
9100LSTG,,,,Lostock Gralam Rail Station,,,,,,-,,,,,,,E0044425,Lostock Gralam,Northwich,,,,,,1,UKOS,369070,374620,-2.46520298229,53.26766467471,RLY,,,,,,110,2006-09-08T14:30:00,2007-09-26T13:00:00,1,revise,active
9100LSTH,,,,Lostock Hall Rail Station,,,,,,-,,,,,,,E0016430,Lostock Hall,,,,,,,1,UKOS,354735,425535,-2.68748333998,53.72424443415,RLY,,,,,,110,2006-09-08T14:30:00,2011-02-07T16:32:00,2,revise,active
9100LSTWTHL,,,,Lostwithiel Rail Station,,,,,,-,,,,,,,E0044641,Lostwithiel,,,,,,,1,UKOS,210660,59765,-4.66596577304,50.40717781412,RLY,,,,,,110,2006-09-08T14:30:00,2011-09-30T10:50:00,2,revise,active
9100LSYDNHM,,,,Lower Sydenham Rail Station,,,,,,-,,,,,,,E0034670,Lower Sydenham,London,,,,,,1,UKOS,536830,171370,-0.03334540405,51.42483076435,RLY,,,,,,110,2006-09-08T14:30:00,2014-02-11T16:43:00,2,revise,active
9100LTCE,,,,Letchworth Garden City Rail Station,,,,,,-,,,,,,,E0014093,Letchworth,,,,,,,1,UKOS,521712,232758,-0.22926408189,51.97996400219,RLY,,,,,,110,2006-09-08T14:30:00,2025-09-02T13:00:00,2,revise,active
9100LTHH,,,,Lisvane & Thornhill Rail Station,,,,,,-,,,,,,,E0054008,Lisvane,Cardiff,,,,,,1,UKOS,317880,183520,-3.18560179959,51.54457888049,RLY,,,,,,110,2006-09-08T14:30:00,2007-09-26T13:00:00,1,revise,active
9100LTLHMPT,,,,Littlehampton Rail Station,,,,,,-,,,,,,,E0052071,Littlehampton,,,,,,,1,UKOS,502540,102180,-0.54599474467,50.81010889672,RLY,,,,,,110,2006-09-08T14:30:00,2007-09-26T13:00:00,1,revise,active
9100LTLKMBL,,,,Little Kimble Rail Station,,,,,,-,,,,,,,E0059810,Little Kimble,,,,,,,1,UKOS,482349,206620,-0.8084523362,51.75223181767,RLY,,,,,,110,2006-09-08T14:30:00,2007-09-26T13:00:00,1,revise,active
9100LTLPORT,,,,Littleport Rail Station,,,,,,-,,,,,,,E0043676,Littleport,,,,,,,1,UKOS,557480,287460,0.31655932377,52.46238052394,RLY,,,,,,110,2006-09-08T14:30:00,2007-09-26T13:00:00,1,revise,active
9100LTLSUTN,,,,Little Sutton Rail Station,,,,,,-,,,,,,,E0001814,Little Sutton,Ellesmere Port,,,,,,1,UKOS,337210,376920,-2.94329238719,53.28551485986,RLY,,,,,,110,2006-09-08T14:30:00,2007-09-26T13:00:00,1,revise,active
9100LTNBZRD,,,,Leighton Buzzard Rail Station,,,,,,-,,,,,,,E0055283,Leighton Buzzard,,,,,,,1,UKOS,491091,225024,-0.67700729012,51.91630576786,RLY,,,,,,110,2006-09-08T14:30:00,2007-09-26T13:00:00,1,revise,active
9100LUDLOW,,,,Ludlow Rail Station,,,,,,-,,,,,,,E0050744,Ludlow,,,,,,,1,UKOS,351335,275045,-2.71621681804,52.37127830542,RLY,,,,,,110,2006-09-08T14:30:00,2011-09-30T11:01:00,2,revise,active
9100LUDO,,,,Llandudno Rail Station,,,,,,-,,,,,,,E0054169,Llandudno,,,,,,,1,UKOS,278400,382000,-3.82700117024,53.32091646618,RLY,,,,,,110,2006-09-08T14:30:00,2007-09-26T13:00:00,1,revise,active
9100LUTOAPY,,,,Luton Airport Parkway Rail Station,,,,,,-,,,,,,,N0060524,Luton Airport,Luton,,Luton,,Vauxhall,,1,UKOS,510533,220534,-0.39588093634,51.87243755681,RLY,,,,,,110,2006-09-08T14:30:00,2009-09-03T14:34:00,2,revise,active
9100LUTON,,,,Luton Rail Station,,,,,,-,,,,,,,E0057190,Luton,,,Luton,,Town Centre,,1,UKOS,509259,221604,-0.41404014163,51.88230485072,RLY,,,,,,110,2006-11-17T09:19:00,2007-09-26T13:00:00,1,revise,active
9100LUXULYN,,,,Luxulyan Rail Station,,,,,,-,,,,,,,E0044642,Luxulyan,,,,,,,1,UKOS,204805,58070,-4.74738389327,50.39003539241,RLY,,,,,,110,2006-09-08T14:30:00,2011-09-30T10:51:00,2,revise,active
9100LVHM,,,,Levenshulme Rail Station,,,,,,-,,,,,,,E0028951,Levenshulme,Manchester,,,,,,1,UKOS,387300,394172,-2.19266965586,53.44416288157,RLY,,,,,,110,2006-09-08T14:30:00,2008-12-24T15:25:00,2,revise,active
9100LVNSTNN,,,,Livingston North Rail Station,,,,,,-,,,,,,,ES001009,Deans,Livingston,,,,,,1,UKOS,303537,668663,-3.54435085169,55.9013836374,RLY,,,,,,110,2006-09-08T14:30:00,2010-10-01T10:35:00,2,revise,active
9100LVNSTNS,,,,Livingston South Rail Station,,,,,,-,,,,,,,ES002729,Murieston,Livingston,,,,,,1,UKOS,306140,665300,-3.5015691465,55.87169300775,RLY,,,,,,110,2006-09-08T14:30:00,2010-10-01T10:36:00,2,revise,active
9100LVRPLCH,,,,Liverpool Central Rail Station,,,,,,-,,,,,,,E0057850,Liverpool,,,,,,,1,UKOS,335000,390200,-2.97916810923,53.40459975548,RLY,,,,,,110,2006-09-08T14:30:00,2007-09-26T13:00:00,1,revise,active
9100LVRPLCL,,,,Liverpool Central Loop Line,,,,,,-,,,,,,,E0057850,Liverpool,,,Liverpool,,City Centre,,1,UKOS,335001,390200,-2.97915307006,53.40459987883,RLY,,,,,,110,2006-09-08T14:30:00,2008-04-24T10:45:00,3,revise,active
9100LVRPLSH,,,,Liverpool Lime Street Rail Station,,,,,,-,,,,,,,E0057850,Liverpool,,,,,,,1,UKOS,335100,390500,-2.97772602818,53.40730825272,RLY,,,,,,110,2006-09-08T14:30:00,2007-09-26T13:00:00,1,revise,active
9100LVRPLSL,,,,Liverpool Lime Street Low Level Rail Station,,,,,,-,,,,,,,E0057850,Liverpool,,,Liverpool,,City Centre,,1,UKOS,335100,390600,-2.9777466427,53.40820697613,RLY,,,,,,110,2006-09-08T14:30:00,2008-04-24T09:48:00,2,revise,active
9100LVRPSPY,,,,Liverpool South Parkway Rail Station,,,,,,-,,,,,,,E0029706,Garston,Liverpool,,Liverpool,,Garston,,1,UKOS,340920,384909,-2.8891427882,53.35774397875,RLY,,,,,,110,2006-09-08T14:30:00,2009-10-09T18:12:00,2,revise,active
9100LWBY,,,,Langwathby Rail Station,,,,,,-,,,,,,,E0044828,Langwathby,,,,,,,1,UKOS,357320,533460,-2.66368369186,54.69435742935,RLY,,,,,,110,2006-09-08T14:30:00,2007-09-26T13:00:00,1,revise,active
9100LYDNEY,,,,Lydney Rail Station,,,,,,-,,,,,,,E0046573,Lydney,,,,,,,1,UKOS,363420,201845,-2.53086366983,51.71413580573,RLY,,,,,,110,2006-09-08T14:30:00,2010-12-20T11:17:00,2,revise,active
9100LYEE,,,,Lye (West Midlands) Rail Station,,,,,,-,,,,,,,E0031756,Lye,Stourbridge,,,,,,1,UKOS,392220,284670,-2.11592923617,52.45992212735,RLY,,,,,,110,2006-09-08T14:30:00,2007-09-26T13:00:00,1,revise,active
9100LYMPSTC,,,,Lympstone Commando Rail Station,,,,,,-,,,,,,,E0045253,Lympstone,,,,,,,1,UKOS,298260,85720,-3.44083970574,50.66223743772,RLY,,,,,,110,2006-09-08T14:30:00,2007-09-26T13:00:00,1,revise,active
9100LYMPSTN,,,,Lympstone Village Rail Station,,,,,,-,,,,,,,E0045253,Lympstone,,,,,,,1,UKOS,298925,84156,-3.4310066055,50.64829307818,RLY,,,,,,110,2006-09-08T14:30:00,2009-01-19T11:30:00,2,revise,active
9100LYNDHRD,,,,Ashurst New Forest Rail Station,,,,,,-,,,,,,,N0060789,Ashurst,,,,,,,1,UKOS,433392,110147,-1.52663069321,50.88985037948,RLY,,,,,,110,2006-11-17T09:19:00,2007-09-26T13:00:00,1,revise,active
9100LYNDPKH,,,,Ashurst New Forest - Lyndhurst Park Hotel,,,,,,-,,,,,,,N0060789,Ashurst,,,,,,,0,UKOS,433315,110224,-1.52771837755,50.8905472024,BCQ,,,,,,110,2008-11-06T15:16:00,2009-08-21T13:15:00,2,revise,active
9100LYNGRIL,,,,Llwyngwril Rail Station,,,,,,-,,,,,,,E0037617,Llwyngwril,,,,,,,1,UKOS,258920,309720,-4.08767895836,52.66678147205,RLY,,,,,,110,2006-09-08T14:30:00,2007-09-26T13:00:00,1,revise,active
9100LYTHAM,,,,Lytham Rail Station,,,,,,-,,,,,,,E0057506,Lytham,,,,,,,1,UKOS,336510,427420,-2.96403964449,53.73928119615,RLY,,,,,,110,2006-09-08T14:30:00,2008-02-07T10:46:00,2,revise,active
9100LYTNSHR,,,,Leytonstone High Road Rail Station,,,,,,-,,,,,,,E0034875,Leytonstone,London,,,,,,1,UKOS,539310,186875,0.00841647572,51.56355449545,RLY,,,,,,110,2006-09-08T14:30:00,2010-05-14T15:29:00,2,revise,active
9100MACLSFD,,,,Macclesfield Rail Station,,,,,,-,,,,,,,N0076467,Macclesfield,,,,,,,1,UKOS,391960,373600,-2.12198176725,53.25934191572,RLY,,,,,,110,2006-09-08T14:30:00,2011-11-02T15:45:00,2,revise,active
9100MAESTER,,,,Maesteg (Ewenny Road) Rail Station,,,,,,-,,,,,,,E0053962,Maesteg,,,,,,,1,UKOS,285900,190900,-3.64899092504,51.60534202478,RLY,,,,,,110,2006-09-08T14:30:00,2007-09-26T13:00:00,1,revise,active
9100MAESTGW,,,,Maesteg Rail Station,,,,,,-,,,,,,,E0053962,Maesteg,,,,,,,1,UKOS,285520,191420,-3.65464559005,51.60993834921,RLY,,,,,,110,2006-09-08T14:30:00,2007-09-26T13:00:00,1,revise,active
9100MAGHULL,,,,Maghull Rail Station,,,,,,-,,,,,,,E0052689,Maghull,,,Liverpool,,Maghull,,1,UKOS,338360,401490,-2.93085292101,53.50647001156,RLY,,,,,,110,2006-09-08T14:30:00,2007-09-26T13:00:00,1,revise,active
9100MALDENM,,,,Malden Manor Rail Station,,,,,,-,,,,,,,E0034620,Old Malden,London,,,,,,1,UKOS,521090,166510,-0.26127390591,51.38472999813,RLY,,,,,,110,2006-09-08T14:30:00,2010-05-27T17:08:00,3,revise,active
9100MALTON,,,,Malton Rail Station,,,,,,-,,,,,,,E0049417,Malton,,,,,,,1,UKOS,478690,471360,-0.79722203887,54.13207594868,RLY,,,,,,110,2006-09-08T14:30:00,2007-09-26T13:00:00,1,revise,active
9100MANEA,,,,Manea Rail Station,,,,,,-,,,,,,,E0043701,Manea,,,,,,,1,UKOS,547928,291110,0.17769375187,52.49783881647,RLY,,,,,,110,2006-11-17T09:19:00,2007-09-26T13:00:00,1,revise,active
9100MANNGTR,,,,Manningtree Rail Station,,,,,,-,,,,,,,E0046367,Manningtree,,,,,,,1,UKOS,609374,232220,1.04524001421,51.949051519,RLY,,,,,,110,2006-09-08T14:30:00,2007-09-26T13:00:00,1,revise,active
9100MANORS,,,,Manors Rail Station,,,,,,-,,,,,,,N0077851,Manors,Newcastle upon Tyne,,,,,,1,UKOS,425400,564310,-1.60474093682,54.97276496768,RLY,,,,,,110,2006-09-08T14:30:00,2007-09-26T13:00:00,2,revise,active
9100MANRPK,,,,Manor Park Rail Station,,,,,,-,,,,,,,E0034707,Manor Park,London,,,,,,1,UKOS,541973,185716,0.04634162174,51.55247665627,RLY,,,,,,110,2006-09-08T14:30:00,2010-05-14T15:30:00,2,revise,active
9100MARDEN,,,,Marden Rail Station,,,,,,-,,,,,,,E0047217,Marden,,,,,,,1,UKOS,574375,144725,0.49316935061,51.17517582788,RLY,,,,,,110,2006-09-08T14:30:00,2008-07-14T10:53:00,2,revise,active
9100MARGATE,,,,Margate Rail Station,,,,,,-,,,,,,,E0015431,Margate,,,,,,,1,UKOS,634720,170550,1.37200343311,51.38542890892,RLY,,,,,,110,2006-09-08T14:30:00,2007-09-26T13:00:00,1,revise,active
9100MARLOW,,,,Marlow Rail Station,,,,,,-,,,,,,,E0043651,Marlow,,,,,,,1,UKOS,485590,186512,-0.76643069949,51.57099341979,RLY,,,,,,110,2006-09-08T14:30:00,2007-09-26T13:00:00,1,revise,active
9100MARNELV,,,,Marne-la-Vallée Rail Station,,,,,,-,,,,,,,E0015169,Cheriton,Folkestone,,,,,,0,UKOS,637860,136000,1.39413110602,51.07400240478,RLY,,,,,,110,2012-02-03T13:21:00,2012-02-03T13:25:00,1,delete,inactive
9100MARPLE,,,,Marple Rail Station,,,,,,-,,,,,,,E0029038,Marple,,,,,,,1,UKOS,396290,389320,-2.05726330556,53.40069249781,RLY,,,,,,110,2006-09-08T14:30:00,2007-09-26T13:00:00,1,revise,active
9100MARTON,,,,Marton Rail Station,,,,,,-,,,,,,,E0041558,Ormesby,,,,,,,1,UKOS,451950,516860,-1.19848487439,54.5443430961,RLY,,,,,,110,2006-09-08T14:30:00,2010-04-01T15:56:00,2,revise,active
9100MARYLBN,,,,London Marylebone Rail Station,,,,,,-,,,,,,,E0034940,Marylebone,London,,,,,,1,UKOS,527550,182000,-0.16291082676,51.52252388251,RLY,,,,,,110,2006-09-08T14:30:00,2010-06-04T17:56:00,2,revise,active
9100MASH,,,,Mountain Ash Rail Station,,,,,,-,,,,,,,E0054676,Mountain Ash,,,,,,,1,UKOS,304940,198960,-3.37634122427,51.68133054603,RLY,,,,,,110,2006-09-08T14:30:00,2007-09-26T13:00:00,1,revise,active
9100MATLCKB,,,,Matlock Bath Rail Station,,,,,,-,,,,,,,E0045067,Matlock Bath,,,,,,,1,UKOS,429760,358445,-1.55675886104,53.12235418412,RLY,,,,,,110,2006-09-08T14:30:00,2011-11-02T15:58:00,2,revise,active
9100MATLOCK,,,,Matlock Rail Station,,,,,,-,,,,,,,E0055547,Matlock,,,,,,,1,UKOS,429605,360230,-1.55891073425,53.13840760671,RLY,,,,,,110,2006-09-08T14:30:00,2011-11-02T15:59:00,3,revise,active
9100MAXWLPK,,,,Maxwell Park Rail Station,,,,,,-,,,,,,,N0068064,Crossmyloof,Glasgow,,,,,,1,UKOS,256770,662870,-4.28869186193,55.83772893435,RLY,,,,,,110,2006-09-08T14:30:00,2008-02-07T10:52:00,2,revise,active
9100MAYBOLE,,,,Maybole Rail Station,,,,,,-,,,,,,,ES002566,Maybole,,,,,,,1,UKOS,229860,610030,-4.68528873907,55.35473634652,RLY,,,,,,110,2006-09-08T14:30:00,2007-09-26T13:00:00,1,revise,active
9100MAZEH,,,,Maze Hill Rail Station,,,,,,-,,,,,,,E0034328,Greenwich,London,,,,,,1,UKOS,539175,177865,0.00291420855,51.48262465538,RLY,,,,,,110,2006-09-08T14:30:00,2010-05-14T15:12:00,2,revise,active
9100MBRK,,,,Millbrook (Hants) Rail Station,,,,,,-,,,,,,,E0042004,Millbrook,Southampton,,,,,,1,UKOS,439900,112600,-1.43384250246,50.91149602682,RLY,,,,,,110,2006-09-08T14:30:00,2007-09-26T13:00:00,1,revise,active
9100MCHLDVR,,,,Micheldever Rail Station,,,,,,-,,,,,,,N0060875,Micheldever Station,,,,,,,1,UKOS,451772,142833,-1.26067767351,51.18239316309,RLY,,,,,,110,2006-11-17T09:19:00,2014-02-21T12:51:00,2,revise,active
9100MCHYNLT,,,,Machynlleth Rail Station,,,,,,-,,,,,,,E0054629,Machynlleth,,,,,,,1,UKOS,274480,301320,-3.85452744938,52.59513665481,RLY,,,,,,110,2006-09-08T14:30:00,2007-09-26T13:00:00,1,revise,active
9100MCKLFLD,,,,Micklefield Rail Station,,,,,,-,,,,,,,E0052855,Micklefield,Leeds,,,,,,1,UKOS,444450,432712,-1.32679307059,53.78883680612,RLY,,,,,,110,2006-09-08T14:30:00,2010-07-23T14:05:00,2,revise,active
9100MDLSBRO,,,,Middlesbrough Rail Station,,,,,,-,,,,,,,E0039258,Middlesbrough,,,,,,,1,UKOS,449564,520702,-1.23471720364,54.57910596109,RLY,,,,,,110,2006-09-08T14:30:00,2007-09-26T13:00:00,1,revise,active
9100MDNHEAD,,,,Maidenhead Rail Station,,,,,,-,,,,,,,E0055222,Maidenhead,,,,,,,1,UKOS,488725,180745,-0.72266044482,51.51866896977,RLY,,,,,,110,2006-09-08T14:30:00,2007-09-26T13:00:00,1,revise,active
9100MDNNWTN,,,,Maiden Newton Rail Station,,,,,,-,,,,,,,E0045840,Maiden Newton,,,,,,,1,UKOS,359950,97980,-2.56942958377,50.78000622249,RLY,,,,,,110,2006-09-08T14:30:00,2007-09-26T13:00:00,1,revise,active
9100MDWD,,,,Middlewood Rail Station,,,,,,-,,,,,,,N0076700,Middlewood,,,,,,,1,UKOS,394550,384790,-2.08335307052,53.35995877128,RLY,,,,,,110,2006-09-08T14:30:00,2007-09-26T13:00:00,1,revise,active
9100MEADWHL,,,,Meadowhall Rail Station,,,,,,-,,,,,,,E0030375,Meadowhall,Sheffield,,,,,,1,UKOS,439121,391345,-1.41285146834,53.4174662288,RLY,,,,,,110,2006-09-08T14:30:00,2010-09-10T18:11:00,3,revise,active
9100MELDRTH,,,,Meldreth Rail Station,,,,,,-,,,,,,,E0044109,Meldreth,,,,,,,1,UKOS,537730,245500,0.00894129491,52.09071673745,RLY,,,,,,110,2006-09-08T14:30:00,2007-09-26T13:00:00,1,revise,active
9100MELKSHM,,,,Melksham Rail Station,,,,,,-,,,,,,,E0057703,Melksham,,,,,,,1,UKOS,390040,164540,-2.14449697737,51.37982292077,RLY,,,,,,110,2006-09-08T14:30:00,2007-09-26T13:00:00,1,revise,active
9100MELS,,,,Meols Rail Station,,,,,,-,,,,,,,N0065038,Meols,Hoylake,,Southport,,Meols,,1,UKOS,323350,389800,-3.15426918066,53.39943946159,RLY,,,,,,110,2006-09-08T14:30:00,2007-09-26T13:00:00,1,revise,active
9100MELTON,,,,Melton (Suffolk) Rail Station,,,,,,-,,,,,,,E0051649,Melton,,,,,,,1,UKOS,628710,250380,1.33823676896,52.10443905135,RLY,,,,,,110,2006-09-08T14:30:00,2007-09-26T13:00:00,1,revise,active
9100MENHENT,,,,Menheniot Rail Station,,,,,,-,,,,,,,E0044464,Menheniot,,,,,,,1,UKOS,228970,61260,-4.40922302819,50.42622869141,RLY,,,,,,110,2006-09-08T14:30:00,2007-09-26T13:00:00,1,revise,active
9100MENSTON,,,,Menston Rail Station,,,,,,-,,,,,,,E0033164,Menston,Ilkley,,,,,,1,UKOS,417480,444050,-1.73551004176,53.89233887226,RLY,,,,,,110,2006-09-08T14:30:00,2007-09-26T13:00:00,1,revise,active
9100MEOLSCP,,,,Meols Cop Rail Station,,,,,,-,,,,,,,E0029793,Meols Cop,Southport,,Southport,,Meols,,1,UKOS,335592,417083,-2.97580377061,53.64627181393,RLY,,,,,,110,2006-09-08T14:30:00,2008-11-17T16:49:00,2,revise,active
9100MEOPHAM,,,,Meopham Rail Station,,,,,,-,,,,,,,E0047190,Meopham,,,,,,,1,UKOS,564100,167900,0.3569515952,51.38642382662,RLY,,,,,,110,2006-09-08T14:30:00,2007-09-26T13:00:00,1,revise,active
9100MERSTHM,,,,Merstham Rail Station,,,,,,-,,,,,,,E0025555,Merstham,,,,,,,1,UKOS,529155,153291,-0.15022560333,51.26415421219,RLY,,,,,,110,2006-09-08T14:30:00,2007-09-26T13:00:00,1,revise,active
9100MERTHRV,,,,Merthyr Vale Rail Station,,,,,,-,,,,,,,E0054368,Merthyr Vale,,,,,,,1,UKOS,307700,199500,-3.33657558976,51.68664542054,RLY,,,,,,110,2006-09-08T14:30:00,2007-09-26T13:00:00,1,revise,active
9100MERTHYR,,,,Merthyr Tydfil Rail Station,,,,,,-,,,,,,,E0039203,Merthyr Tydfil,,,,,,,1,UKOS,305010,206000,-3.37725039469,51.74462170957,RLY,,,,,,110,2006-09-08T14:30:00,2011-05-18T16:36:00,3,revise,active
9100MEXBRGH,,,,Mexborough Rail Station,,,,,,-,,,,,,,E0030384,Mexborough,,,,,,,1,UKOS,447300,399600,-1.28856130714,53.49099231092,RLY,,,,,,110,2006-09-08T14:30:00,2007-09-26T13:00:00,1,revise,active
9100MFAM,,,,Morfa Mawddach Rail Station,,,,,,-,,,,,,,E0037632,Morfa,,,,,,,1,UKOS,262800,314100,-4.03216950825,52.70712789661,RLY,,,,,,110,2006-09-08T14:30:00,2007-09-26T13:00:00,1,revise,active
9100MFLDTWN,,,,Mansfield Rail Station,,,,,,-,,,,,,,E0056469,Mansfield,,,,,,,1,UKOS,453715,360850,-1.1984340379,53.14210086438,RLY,,,,,,110,2006-09-08T14:30:00,2011-01-24T11:18:00,2,revise,active
9100MFLDWSE,,,,Mansfield Woodhouse Rail Station,,,,,,-,,,,,,,E0057607,Mansfield Woodhouse,,,,,,,1,UKOS,453460,363235,-1.20184847587,53.16356297393,RLY,,,,,,110,2006-09-08T14:30:00,2011-01-24T11:19:00,3,revise,active
9100MGTE,,,,Moorgate Rail Station,,,,,,-,,,,,,,N0065179,Moorgate,City of London,,,,,,1,UKOS,532694,181683,-0.0889289256,51.51849120737,RLY,,,,,,110,2006-09-08T14:30:00,2011-06-24T16:29:00,7,delete,inactive
9100MHERON,,,,Martins Heron Rail Station,,,,,,-,,,,,,,N0060044,Martins Heron,Bracknell,,,,,,1,UKOS,488820,168370,-0.724396598,51.4074116544,RLY,,,,,,110,2006-09-08T14:30:00,2011-01-24T11:19:00,2,revise,active
9100MIDGHAM,,,,Midgham Rail Station,,,,,,-,,,,,,,E0053876,Woolhampton,,,,,,,1,UKOS,457305,166647,-1.17771114696,51.39597490246,RLY,,,,,,110,2006-09-08T14:30:00,2008-11-19T11:28:00,4,revise,active
9100MILKNPK,,,,Milliken Park Rail Station,,,,,,-,,,,,,,N0068154,Millikenpark,Johnstone,,,,,,1,UKOS,241400,662000,-4.5333579554,55.82511172794,RLY,,,,,,110,2006-09-08T14:30:00,2008-02-07T10:55:00,2,revise,active
9100MILNROW,,,,Milnrow Rail Station (closed),,,,,,-,,,,,,,E0029072,Milnrow,Rochdale,,,,,,1,UKOS,392720,412400,-2.1115003362,53.60810640221,RLY,,,,,,110,2006-09-08T14:30:00,2013-01-14T12:10:00,3,revise,inactive
9100MINFFR,,,,Minffordd Ffestiniog Railway Station,,,,,,-,,,,,,,E0037626,Minffordd,,,,,,,1,UKOS,259990,338530,-4.08420923557,52.9258753008,RLY,,,,,,110,2006-09-08T14:30:00,2007-09-26T13:00:00,2,revise,active
9100MINFORD,,,,Minffordd Rail Station,,,,,,-,,,,,,,E0037626,Minffordd,,,,,,,1,UKOS,259940,338560,-4.08496544377,52.92613175451,RLY,,,,,,110,2006-09-08T14:30:00,2007-09-26T13:00:00,2,revise,active
9100MINMARS,,,,Moreton-in-Marsh Rail Station,,,,,,-,,,,,,,E0046510,Moreton-in-Marsh,,,,,,,1,UKOS,420670,232690,-1.70038035916,51.99228061076,RLY,,,,,,110,2006-09-08T14:30:00,2007-09-26T13:00:00,1,revise,active
9100MINSTER,,,,Minster Rail Station,,,,,,-,,,,,,,E0047332,Minster,,,,,,,1,UKOS,631192,164122,1.31721674026,51.32917430422,RLY,,,,,,110,2006-11-17T09:19:00,2007-09-26T13:00:00,1,revise,active
9100MIRFILD,,,,Mirfield Rail Station,,,,,,-,,,,,,,E0052837,Mirfield,,,,,,,1,UKOS,420410,419480,-1.69254502706,53.67140102977,RLY,,,,,,110,2006-09-08T14:30:00,2010-07-23T14:06:00,2,revise,active
9100MISTLEY,,,,Mistley Rail Station,,,,,,-,,,,,,,E0055834,Mistley,Manningtree,,,,,,1,UKOS,611884,231722,1.08140019787,51.94363099055,RLY,,,,,,110,2006-09-08T14:30:00,2007-09-26T13:00:00,1,revise,active
9100MITCHMJ,,,,Mitcham Junction Rail Station,,,,,,-,,,,,,,E0034687,Mitcham,London,,,,,,1,UKOS,528270,167600,-0.1577565672,51.39295013048,RLY,,,,,,110,2006-09-08T14:30:00,2010-05-27T17:10:00,2,revise,active
9100MKIN,,,,Markinch Rail Station,,,,,,-,,,,,,,ES002545,Markinch,,,,,,,1,UKOS,329940,701510,-3.13078686613,56.20101542503,RLY,,,,,,110,2006-09-08T14:30:00,2007-09-26T13:00:00,1,revise,active
9100MKNSCEN,,,,Milton Keynes Central Rail Station,,,,,,-,,,,,,,E0053461,Milton Keynes,,,,,,,1,UKOS,484189,238029,-0.77414601605,52.03428826776,RLY,,,,,,110,2006-09-08T14:30:00,2007-09-26T13:00:00,1,revise,active
9100MKTR,,,,Market Rasen Rail Station,,,,,,-,,,,,,,E0056257,Market Rasen,,,,,,,1,UKOS,510715,388740,-0.33689873895,53.38391267697,RLY,,,,,,110,2006-09-08T14:30:00,2011-05-23T14:51:00,2,revise,active
9100MLAIG,,,,Mallaig Rail Station,,,,,,-,,,,,,,ES002534,Mallaig,,,,,,,1,UKOS,167560,797060,-5.82959654691,57.00598888083,RLY,,,,,,110,2006-09-08T14:30:00,2007-09-26T13:00:00,1,revise,active
9100MLBRKB,,,,Millbrook (Beds) Rail Station,,,,,,-,,,,,,,E0043902,Millbrook,,,,,,,1,UKOS,500707,240510,-0.53270303785,52.05383666604,RLY,,,,,,110,2006-09-08T14:30:00,2007-09-26T13:00:00,1,revise,active
9100MLDSWTH,,,,Mouldsworth Rail Station,,,,,,-,,,,,,,E0044222,Mouldsworth,,,,,,,1,UKOS,351220,370780,-2.7322244346,53.23180564418,RLY,,,,,,110,2006-09-08T14:30:00,2007-09-26T13:00:00,1,revise,active
9100MLDTHRD,,,,Mauldeth Road Rail Station,,,,,,-,,,,,,,E0028653,Burnage,Manchester,,,,,,1,UKOS,386195,392940,-2.20925122444,53.43306110246,RLY,,,,,,110,2006-09-08T14:30:00,2010-05-17T13:54:00,3,revise,active
9100MLFDHVN,,,,Milford Haven Rail Station,,,,,,-,,,,,,,E0055085,Milford Haven,,,,,,,1,UKOS,190026,206183,-5.04096849514,51.71497307927,RLY,,,,,,110,2006-09-08T14:30:00,2007-09-26T13:00:00,1,revise,active
9100MLFORD,,,,Milford (Surrey) Rail Station,,,,,,-,,,,,,,E0025833,Milford,,,,,,,1,UKOS,495406,141335,-0.63694829854,51.16331927052,RLY,,,,,,110,2006-09-08T14:30:00,2007-09-26T13:00:00,1,revise,active
9100MLGV,,,,Milngavie Rail Station,,,,,,-,,,,,,,ES002623,Milngavie,,,,,,,1,UKOS,255535,674455,-4.31458038423,55.941365239,RLY,,,,,,110,2006-09-08T14:30:00,2011-02-14T14:10:00,2,revise,active
9100MLHB,,,,Mill Hill Broadway Rail Station,,,,,,-,,,,,,,E0033976,Mill Hill,London,,,,,,1,UKOS,521320,191925,-0.24923964279,51.61309279045,RLY,,,,,,110,2006-09-08T14:30:00,2010-05-27T17:09:00,2,revise,active
9100MLHL,,,,Mill Hill (Lancs) Rail Station,,,,,,-,,,,,,,E0035235,Mill Hill,Blackburn,,,,,,1,UKOS,367000,426680,-2.5017353241,53.73545796702,RLY,,,,,,110,2006-09-08T14:30:00,2007-09-26T13:00:00,1,revise,active
9100MLLM,,,,Millom Rail Station,,,,,,-,,,,,,,E0055507,Millom,,,,,,,1,UKOS,317200,480200,-3.27108401955,54.21082335328,RLY,,,,,,110,2006-09-08T14:30:00,2007-09-26T13:00:00,1,revise,active
9100MLSECMB,,,,Moulsecoomb Rail Station,,,,,,-,,,,,,,E0035533,Moulsecoomb,Brighton,,,,,,1,UKOS,532530,106930,-0.11884173455,50.84672199138,RLY,,,,,,110,2006-09-08T14:30:00,2007-09-26T13:00:00,1,revise,active
9100MLSHILL,,,,Mills Hill (Manchester) Rail Station,,,,,,-,,,,,,,E0029070,Mills Hill,,,,,,,1,UKOS,388734,406089,-2.17151276876,53.55131017718,RLY,,,,,,110,2006-09-08T14:30:00,2008-12-24T15:27:00,2,revise,active
9100MLTNSDG,,,,Melton Mowbray Rail Station,,,,,,-,,,,,,,E0016796,Melton Mowbray,,,,,,,1,UKOS,475280,318740,-0.88586923069,52.76103094162,RLY,,,,,,110,2006-09-08T14:30:00,2011-02-07T18:14:00,2,revise,active
9100MLVRNLK,,,,Malvern Link Rail Station,,,,,,-,,,,,,,E0027785,Malvern Link,The Malverns,,,,,,1,UKOS,378223,247510,-2.31951154305,52.12546818269,RLY,,,,,,110,2006-09-08T14:30:00,2011-11-02T16:04:00,2,revise,active
9100MMIL,,,,Martin Mill Rail Station,,,,,,-,,,,,,,E0014783,Martin Mill,,,,,,,1,UKOS,634155,146600,1.3482171927,51.1706780015,RLY,,,,,,110,2006-09-08T14:30:00,2008-07-14T10:58:00,2,revise,active
9100MNCRDGT,,,,Deansgate Rail Station,,,,,,-,,,,,,,E0057786,Manchester City Centre,Manchester,,,,,,1,UKOS,383434,397524,-2.25105094652,53.47418376225,RLY,,,,,,110,2006-09-08T14:30:00,2009-05-01T11:47:00,3,revise,active
9100MNCRDLN,,,,Dean Lane Rail Station (closed),,,,,,-,,,,,,,N0074957,Dean Lane,Newton Heath,,,,,,1,UKOS,387850,400840,-2.18464961272,53.50411059995,RLY,,,,,,110,2006-09-08T14:30:00,2013-01-14T12:00:00,4,revise,inactive
9100MNCRIAP,,,,Manchester Airport Rail Station,,,,,,-,,,,,,,N0075057,Manchester Airport,Manchester,,,,,,1,UKOS,381932,385387,-2.27297952138,53.36504152943,RLY,,,,,,110,2006-09-08T14:30:00,2007-09-26T13:00:00,1,revise,active
9100MNCROXR,,,,Manchester Oxford Road Rail Station,,,,,,-,,,,,,,E0057786,Manchester City Centre,Manchester,,,,,,1,UKOS,384035,397505,-2.24199540982,53.47403168107,RLY,,,,,,110,2006-09-08T14:30:00,2009-05-01T11:45:00,3,revise,active
9100MNCRPIC,,,,Manchester Piccadilly Rail Station,,,,,,-,,,,,,,E0057786,Manchester City Centre,Manchester,,,,,,1,UKOS,384772,397873,-2.23090989998,53.47736139295,RLY,,,,,,110,2006-09-08T14:30:00,2014-02-04T13:14:00,5,revise,active
9100MNCRUFG,,,,Manchester United FC Rail Station,,,,,,-,,,,,,,E0029170,Old Trafford,,,,,,,1,UKOS,380800,396200,-2.29065283565,53.46219316565,RLY,,,,,,110,2006-09-08T14:30:00,2007-09-26T13:00:00,1,revise,active
9100MNCRVIC,,,,Manchester Victoria Rail Station,,,,,,-,,,,,,,E0057786,Manchester City Centre,Manchester,,,,,,1,UKOS,384000,399000,-2.24259943794,53.48746819921,RLY,,,,,,110,2006-09-08T14:30:00,2009-05-01T11:47:00,2,revise,active
9100MNKRISB,,,,Monks Risborough Rail Station,,,,,,-,,,,,,,E0000736,Monks Risborough,Princes Risborough,,,,,,1,UKOS,480937,204765,-0.82933364409,51.73576233964,RLY,,,,,,110,2006-09-08T14:30:00,2007-09-26T13:00:00,1,revise,active
9100MNORBER,,,,Manorbier Rail Station,,,,,,-,,,,,,,E0054508,Manorbier,,,,,,,1,UKOS,207000,199400,-4.79183007416,51.66015819031,RLY,,,,,,110,2006-09-08T14:30:00,2007-09-26T13:00:00,1,revise,active
9100MNRD,,,,Manor Road Rail Station,,,,,,-,,,,,,,E0029751,Hoylake,,,Wirral,,Hoylake,,1,UKOS,322200,389300,-3.17143762364,53.39477766321,RLY,,,,,,110,2006-09-08T14:30:00,2007-09-26T13:00:00,1,revise,active
9100MNTVRNN,,,,Mount Vernon Rail Station,,,,,,-,,,,,,,ES002700,Mount Vernon,Glasgow,,,,,,1,UKOS,266485,662835,-4.13366917874,55.84020178002,RLY,,,,,,110,2006-09-08T14:30:00,2011-07-07T15:00:00,2,revise,active
9100MOBERLY,,,,Mobberley Rail Station,,,,,,-,,,,,,,E0044378,Mobberley,,,,,,,0,UKOS,377875,381410,-2.33366543277,53.32913920782,RLY,,,,,,110,2006-09-08T14:30:00,2011-11-02T15:45:00,3,revise,active
9100MOCHARD,,,,Morchard Road Rail Station,,,,,,-,,,,,,,E0007855,Morchard Road,,,,,,,1,UKOS,275000,105100,-3.77636580985,50.83189841843,RLY,,,,,,110,2006-09-08T14:30:00,2007-09-26T13:00:00,1,revise,active
9100MONIFTH,,,,Monifieth Rail Station,,,,,,-,,,,,,,ES002649,Monifieth,,,,,,,1,UKOS,349700,732300,-2.81824747194,56.48011240796,RLY,,,,,,110,2006-09-08T14:30:00,2007-09-26T13:00:00,1,revise,active
9100MONPELR,,,,Montpelier Rail Station,,,,,,-,,,,,,,E0035625,Montpelier,Bristol,,,,,,1,UKOS,359205,174540,-2.58868557875,51.46834920452,RLY,,,,,,110,2006-09-08T14:30:00,2009-01-19T11:15:00,2,revise,active
9100MONTRSE,,,,Montrose Rail Station,,,,,,-,,,,,,,ES002662,Montrose,,,,,,,1,UKOS,371200,758000,-2.47207416681,56.71279831658,RLY,,,,,,110,2006-09-08T14:30:00,2007-09-26T13:00:00,1,revise,active
9100MORAR,,,,Morar Rail Station,,,,,,-,,,,,,,N0067936,Morar,,,,,,,1,UKOS,167800,793000,-5.82191769843,56.9697189042,RLY,,,,,,110,2006-09-08T14:30:00,2008-02-07T11:04:00,2,revise,active
9100MORCAME,,,,Morecambe Rail Station,,,,,,-,,,,,,,E0015996,Morecambe,,,,,,,1,UKOS,343210,464170,-2.86930803801,54.07031898178,RLY,,,,,,110,2006-09-08T14:30:00,2009-01-19T11:30:00,2,revise,active
9100MORDENS,,,,Morden South Rail Station,,,,,,-,,,,,,,N0060477,Morden,London,,,,,,1,UKOS,525360,167880,-0.19946091935,51.39611631236,RLY,,,,,,110,2006-09-08T14:30:00,2010-05-27T17:10:00,2,revise,active
9100MORETON,,,,Moreton (Dorset) Rail Station,,,,,,-,,,,,,,E0045759,Moreton,,,,,,,1,UKOS,377960,89090,-2.31344966512,50.70103073103,RLY,,,,,,110,2006-09-08T14:30:00,2011-01-24T11:19:00,2,revise,active
9100MORFLDS,,,,Moorfields Rail Station,,,,,,-,,,,,,,E0057850,Liverpool,,,Liverpool,,City Centre,,1,UKOS,334340,390650,-2.98918778262,53.40856217035,RLY,,,,,,110,2006-09-08T14:30:00,2007-09-26T13:00:00,1,revise,active
9100MORFNL,,,,Moorfields Rail Station,,,,,,-,,,,,,,E0057850,Liverpool,,,,,,,1,UKOS,334341,390650,-2.9891727421,53.40856229497,RLY,,,,,,110,2006-09-08T14:30:00,2007-11-13T16:00:00,2,revise,active
9100MORTHRP,,,,Moorthorpe Rail Station,,,,,,-,,,,,,,E0033227,Moorthorpe,South Elmsall,,,,,,1,UKOS,446100,411160,-1.30494699382,53.5949961282,RLY,,,,,,110,2006-09-08T14:30:00,2010-07-23T14:06:00,2,revise,active
9100MOSSLEY,,,,Mossley (Manchester) Rail Station,,,,,,-,,,,,,,E0029105,Mossley,,,,,,,1,UKOS,397360,402034,-2.04128191011,53.5149785282,RLY,,,,,,110,2006-09-08T14:30:00,2008-12-24T15:28:00,2,revise,active
9100MOTFONT,,,,Mottisfont & Dunbridge Rail Station,,,,,,-,,,,,,,E0013378,Dunbridge,,,,,,,1,UKOS,431855,126160,-1.54708477155,51.03392603175,RLY,,,,,,110,2006-11-17T09:19:00,2011-05-23T14:48:00,2,revise,active
9100MOTHRWL,,,,Motherwell Rail Station,,,,,,-,,,,,,,ES002695,Motherwell,,,,,,,1,UKOS,275054,657175,-3.99432531695,55.79167414536,RLY,,,,,,110,2006-09-08T14:30:00,2007-09-26T13:00:00,1,revise,active
9100MOTNGHM,,,,Mottingham Rail Station,,,,,,-,,,,,,,E0034124,Mottingham,London,,,,,,1,UKOS,542580,173240,0.05005403153,51.44021818624,RLY,,,,,,110,2006-09-08T14:30:00,2010-05-27T17:11:00,2,revise,active
9100MOTO,,,,Moreton (Merseyside) Rail Station,,,,,,-,,,,,,,E0057862,Moreton,,,Wirral,,Moreton,,1,UKOS,326074,390621,-3.11350197116,53.40720670502,RLY,,,,,,110,2006-09-08T14:30:00,2008-11-12T15:12:00,2,revise,active
9100MOTSPRP,,,,Motspur Park Rail Station,,,,,,-,,,,,,,E0034694,West Barnes,London,,,,,,1,UKOS,522575,167710,-0.23953069632,51.39519641359,RLY,,,,,,110,2006-09-08T14:30:00,2010-06-04T18:00:00,2,revise,active
9100MPRT,,,,Maryport Rail Station,,,,,,-,,,,,,,E0055491,Maryport,,,,,,,1,UKOS,303840,536170,-3.49407438498,54.7113194012,RLY,,,,,,110,2006-09-08T14:30:00,2011-03-07T14:33:00,2,revise,active
9100MRCH,,,,March Rail Station,,,,,,-,,,,,,,E0043702,March,,,,,,,1,UKOS,541857,297838,0.09119783325,52.55989383015,RLY,,,,,,110,2006-11-17T09:19:00,2007-09-26T13:00:00,1,revise,active
9100MRGT,,,,Moorgate Rail Station,,,,,,-,,,,,,,N0065179,Moorgate,City of London,,,,,,1,UKOS,532693,181683,-0.08894332957,51.51849144206,RLY,,,,,,110,2006-09-08T14:30:00,2010-06-04T17:57:00,3,revise,active
9100MRKSTEY,,,,Marks Tey Rail Station,,,,,,-,,,,,,,E0046262,Marks Tey,,,,,,,1,UKOS,591668,223925,0.78332750841,51.88093894522,RLY,,,,,,110,2006-09-08T14:30:00,2007-09-26T13:00:00,1,revise,active
9100MRKTHRB,,,,Market Harborough Rail Station,,,,,,-,,,,,,,E0016684,Market Harborough,,,,,,,1,UKOS,474170,287425,-0.9093321733,52.47972179135,RLY,,,,,,110,2006-09-08T14:30:00,2010-10-13T14:22:00,2,revise,active
9100MRLY,,,,Morley Rail Station,,,,,,-,,,,,,,E0033229,Morley,,,,,,,1,UKOS,427070,428250,-1.59097671114,53.74992356034,RLY,,,,,,110,2006-09-08T14:30:00,2007-09-26T13:00:00,1,revise,active
9100MRPTHRP,,,,Morpeth Rail Station,,,,,,-,,,,,,,E0049949,Morpeth,,,,,,,1,UKOS,420290,585385,-1.68307448768,55.1623761927,RLY,,,,,,110,2006-09-08T14:30:00,2010-12-20T11:20:00,2,revise,active
9100MRRYTON,,,,Merryton Rail Station,,,,,,-,,,,,,,ES002294,Larkhall,,,,,,,1,UKOS,275925,652365,-3.97825350947,55.74870651394,RLY,,,,,,110,2006-09-08T14:30:00,2007-09-26T13:00:00,1,revise,active
9100MRSD,,,,Moorside Rail Station,,,,,,-,,,,,,,E0029089,Moorside,Swinton,,,,,,1,UKOS,376770,402235,-2.3517994151,53.51627407538,RLY,,,,,,110,2006-09-08T14:30:00,2008-12-24T15:27:00,2,revise,active
9100MRSK,,,,Marske Rail Station,,,,,,-,,,,,,,E0041544,Marske,,,,,,,1,UKOS,463500,521800,-1.01890967475,54.58741735667,RLY,,,,,,110,2006-09-08T14:30:00,2009-03-23T11:52:00,2,revise,active
9100MRSN,,,,Marsden Rail Station,,,,,,-,,,,,,,E0033154,Marsden,Huddersfield,,,,,,1,UKOS,404680,411849,-1.93074978354,53.6031861791,RLY,,,,,,110,2006-09-08T14:30:00,2008-05-28T13:34:00,2,revise,active
9100MRSTNGR,,,,Marston Green Rail Station,,,,,,-,,,,,,,E0031766,Marston Green,Solihull,,,,,,1,UKOS,416700,285500,-1.75560688006,52.46718898461,RLY,,,,,,110,2006-09-08T14:30:00,2007-09-26T13:00:00,1,revise,active
9100MRTLKE,,,,Mortlake Rail Station,,,,,,-,,,,,,,E0034767,Mortlake,London,,,,,,1,UKOS,520465,175770,-0.26710557315,51.46808682788,RLY,,,,,,110,2006-09-08T14:30:00,2010-05-27T17:11:00,2,revise,active
9100MRYHILL,,,,Maryhill Rail Station,,,,,,-,,,,,,,ES002551,Maryhill,Glasgow,,,,,,1,UKOS,256237,669560,-4.30074507717,55.89763073991,RLY,,,,,,110,2006-09-08T14:30:00,2010-10-13T14:37:00,3,revise,active
9100MRYLAND,,,,Maryland Rail Station,,,,,,-,,,,,,,N0060321,Stratford,London,,,,,,1,UKOS,539183,184927,0.00581521216,51.54608136286,RLY,,,,,,110,2006-09-08T14:30:00,2009-03-30T13:56:00,2,revise,active
9100MSELBGH,,,,Musselburgh Rail Station,,,,,,-,,,,,,,ES002734,Musselburgh,,,,,,,1,UKOS,333050,671690,-3.07320079768,55.933590872,RLY,,,,,,110,2006-09-08T14:30:00,2007-09-26T13:00:00,1,revise,active
9100MSGT,,,,Moses Gate Rail Station,,,,,,-,,,,,,,E0029094,Moses Gate,Farnworth,,,,,,1,UKOS,373520,406670,-2.4011880513,53.55598206538,RLY,,,,,,110,2006-09-08T14:30:00,2007-09-26T13:00:00,1,revise,active
9100MSLH,,,,Mossley Hill Rail Station,,,,,,-,,,,,,,E0029807,Mossley Hill,Liverpool,,Liverpool,,Mossley Hill,,1,UKOS,339200,387300,-2.91544302228,53.37903763319,RLY,,,,,,110,2006-09-08T14:30:00,2007-09-26T13:00:00,1,revise,active
9100MSSD,,,,Moss Side Rail Station,,,,,,-,,,,,,,E0015847,Moss Side,,,,,,,1,UKOS,337940,430260,-2.94293451675,53.76497617938,RLY,,,,,,110,2006-09-08T14:30:00,2011-02-07T16:32:00,2,revise,active
9100MSSPARK,,,,Mosspark Rail Station,,,,,,-,,,,,,,ES002692,Mosspark,Glasgow,,,,,,1,UKOS,253050,663340,-4.34829254695,55.84082941019,RLY,,,,,,110,2006-09-08T14:30:00,2011-07-07T14:06:00,2,revise,active
9100MSTN,,,,Moston Rail Station,,,,,,-,,,,,,,N0075088,Moston,Manchester,,,,,,0,UKOS,388759,402986,-2.17102283331,53.52341999822,RLY,,,,,,110,2006-09-08T14:30:00,2010-05-17T13:56:00,3,revise,active
9100MSTONEB,,,,Maidstone Barracks Rail Station,,,,,,-,,,,,,,E0056051,Maidstone,,,,,,,1,UKOS,575440,156115,0.51396025465,51.27716948482,RLY,,,,,,110,2006-09-08T14:30:00,2007-09-26T13:00:00,1,revise,active
9100MSTONEE,,,,Maidstone East Rail Station,,,,,,-,,,,,,,E0056051,Maidstone,,,,,,,1,UKOS,575949,156206,0.52129516596,51.27783011415,RLY,,,,,,110,2006-11-17T09:19:00,2007-09-26T13:00:00,1,revise,active
9100MSTONEW,,,,Maidstone West Rail Station,,,,,,-,,,,,,,E0056051,Maidstone,,,,,,,1,UKOS,575592,155374,0.5157735375,51.27046619349,RLY,,,,,,110,2006-11-17T09:19:00,2007-09-26T13:00:00,1,revise,active
9100MTFL,,,,Mount Florida Rail Station,,,,,,-,,,,,,,N0068166,Mount Florida,Glasgow,,,,,,1,UKOS,258455,661570,-4.26113153347,55.82655503238,RLY,,,,,,110,2006-09-08T14:30:00,2011-02-14T14:11:00,2,revise,active
9100MTHRNGH,,,,Metheringham Rail Station,,,,,,-,,,,,,,E0056234,Metheringham,,,,,,,1,UKOS,507700,361400,-0.39145306749,53.13887987498,RLY,,,,,,110,2006-09-08T14:30:00,2007-09-26T13:00:00,1,revise,active
9100MTIMER,,,,Mortimer Rail Station,,,,,,-,,,,,,,E0055207,Mortimer,,,,,,,1,UKOS,467233,164110,-1.03550996916,51.37207866744,RLY,,,,,,110,2006-11-17T09:19:00,2007-09-26T13:00:00,1,revise,active
9100MUIREND,,,,Muirend Rail Station,,,,,,-,,,,,,,N0068167,Muirend,Glasgow,,,,,,1,UKOS,257562,659695,-4.27439172985,55.80945879385,RLY,,,,,,110,2006-09-08T14:30:00,2011-07-07T13:51:00,2,revise,active
9100MUROORD,,,,Muir of Ord Rail Station,,,,,,-,,,,,,,ES002713,Muir of Ord,,,,,,,1,UKOS,252742,850189,-4.4602329673,57.51784758384,RLY,,,,,,110,2006-09-08T14:30:00,2010-02-25T14:36:00,2,revise,active
9100MWRWSTN,,,,Meridian Water Rail Station,,,,,,Meridian Way,,,,,,,E0034318,Upper Edmonton,London,,,,,,0,UKOS,535061,191940,-0.05089766084,51.61010187803,RLY,,,,,,110,2019-05-07T16:06:10,2019-05-07T16:06:10,1,new,active
9100MYTHLMR,,,,Mytholmroyd Rail Station,,,,,,-,,,,,,,E0033244,Mytholmroyd,Hebden Bridge,,,,,,1,UKOS,401323,425845,-1.98142575446,53.72900286331,RLY,,,,,,110,2006-09-08T14:30:00,2008-05-28T13:35:00,2,revise,active
9100NABT,,,,Newton Abbot Rail Station,,,,,,-,,,,,,,E0045505,Newton Abbot,,,,,,,1,UKOS,286752,71200,-3.59916680373,50.52958553738,RLY,,,,,,110,2006-09-08T14:30:00,2007-09-26T13:00:00,1,revise,active
9100NAFERTN,,,,Nafferton Rail Station,,,,,,-,,,,,,,E0053083,Nafferton,,,,,,,1,UKOS,505860,458450,-0.38607599699,54.01122262336,RLY,,,,,,110,2006-09-08T14:30:00,2011-05-23T15:11:00,2,revise,active
9100NAILSEA,,,,Nailsea & Backwell Rail Station,,,,,,-,,,,,,,E0053579,Nailsea,,,,,,,1,UKOS,347900,169200,-2.75063384005,51.41940820481,RLY,,,,,,110,2006-09-08T14:30:00,2007-09-26T13:00:00,1,revise,active
9100NAIRN,,,,Nairn Rail Station,,,,,,-,,,,,,,ES002743,Nairn,,,,,,,1,UKOS,288160,856010,-3.87200004631,57.58024558648,RLY,,,,,,110,2006-09-08T14:30:00,2010-02-25T14:36:00,2,revise,active
9100NANTWCH,,,,Nantwich Rail Station,,,,,,-,,,,,,,E0044325,Nantwich,,,,,,,1,UKOS,365320,351940,-2.51895919262,53.06357184578,RLY,,,,,,110,2006-09-08T14:30:00,2011-11-02T15:46:00,2,revise,active
9100NARBRO,,,,Narborough Rail Station,,,,,,-,,,,,,,E0047599,Narborough,,,,,,,1,UKOS,454090,297350,-1.20334605098,52.57129315451,RLY,,,,,,110,2006-09-08T14:30:00,2007-09-26T13:00:00,1,revise,active
9100NAVGTNR,,,,Navigation Road Rail Station,,,,,,-,,,,,,,N0075095,Navigation Road,Altrincham,,,,,,1,UKOS,377261,388782,-2.34341713394,53.39537592117,RLY,,,,,,110,2006-09-08T14:30:00,2008-12-24T15:28:00,4,revise,active
9100NBARNET,,,,New Barnet Rail Station,,,,,,-,,,,,,,E0033978,New Barnet,London,,,,,,1,UKOS,526500,196000,-0.1729970807,51.64857458093,RLY,,,,,,110,2006-09-08T14:30:00,2007-09-26T13:00:00,1,revise,active
9100NBCKNHM,,,,New Beckenham Rail Station,,,,,,-,,,,,,,E0034125,New Beckenham,London,,,,,,1,UKOS,536720,170470,-0.03527342593,51.41676962115,RLY,,,,,,110,2006-09-08T14:30:00,2007-09-26T13:00:00,1,revise,active
9100NBERWCK,,,,North Berwick Rail Station,,,,,,-,,,,,,,ES002849,North Berwick,,,,,,,1,UKOS,354590,685150,-2.73074161077,56.05703616509,RLY,,,,,,110,2006-09-08T14:30:00,2007-09-26T13:00:00,1,revise,active
9100NBRWGE,,,,Newbridge Rail Station,,,,,,-,,,,,,,E0053986,Newbridge,,,,,,,0,UKOS,321053,196956,-3.14288514679,51.66581544774,RLY,,,,,,110,2008-01-10T13:33:00,2008-01-10T13:50:00,1,revise,active
9100NBTN,,,,New Brighton Rail Station,,,,,,-,,,,,,,E0029811,New Brighton,Wallasey,,Wirral,,New Brighton,,1,UKOS,330480,393914,-3.04796467635,53.43740063626,RLY,,,,,,110,2006-09-08T14:30:00,2008-11-12T15:14:00,2,revise,active
9100NCRAGHA,,,,Newcraighall Rail Station,,,,,,-,,,,,,,N0067202,Newcraighall,Edinburgh,,,,,,1,UKOS,331947,671655,-3.09084339061,55.93312139814,RLY,,,,,,110,2006-09-08T14:30:00,2014-10-22T14:42:00,3,revise,active
9100NDULWCH,,,,North Dulwich Rail Station,,,,,,-,,,,,,,N0060436,Dulwich Village,Dulwich,,,,,,1,UKOS,532950,174570,-0.08791747267,51.45451033042,RLY,,,,,,110,2006-09-08T14:30:00,2007-09-26T13:00:00,1,revise,active
9100NEATH,,,,Neath Rail Station,,,,,,-,,,,,,,E0054428,Neath,,,,,,,1,UKOS,275100,197500,-3.80721896671,51.66236095463,RLY,,,,,,110,2006-09-08T14:30:00,2007-09-26T13:00:00,1,revise,active
9100NEEDHAM,,,,Needham Market Rail Station,,,,,,-,,,,,,,E0051446,Needham Market,,,,,,,1,UKOS,609110,254880,1.05525990527,52.15258957408,RLY,,,,,,110,2006-09-08T14:30:00,2007-09-26T13:00:00,1,revise,active
9100NEILSTN,,,,Neilston Rail Station,,,,,,-,,,,,,,ES002751,Neilston,,,,,,,1,UKOS,247900,657080,-4.42695225333,55.78303770973,RLY,,,,,,110,2006-09-08T14:30:00,2007-09-26T13:00:00,1,revise,active
9100NESTON,,,,Neston Rail Station,,,,,,-,,,,,,,E0001818,Neston,,,,,,,1,UKOS,329235,377737,-3.06307612447,53.2918511335,RLY,,,,,,110,2006-09-08T14:30:00,2011-03-24T16:46:00,2,revise,active
9100NETHRTN,,,,Nethertown Rail Station,,,,,,-,,,,,,,E0005665,Nethertown,,,,,,,1,UKOS,298585,507910,-3.56583766431,54.45641602619,RLY,,,,,,110,2006-09-08T14:30:00,2011-03-07T14:33:00,2,revise,active
9100NETLEY,,,,Netley Rail Station,,,,,,-,,,,,,,E0012880,Netley,,,,,,,1,UKOS,446400,108585,-1.34190280622,50.8749092475,RLY,,,,,,110,2006-09-08T14:30:00,2011-05-23T14:48:00,2,revise,active
9100NEWANG,,,,Newark North Gate Rail Station,,,,,,-,,,,,,,E0050159,Newark,,,,,,,1,UKOS,480488,354510,-0.79985451326,53.08175794912,RLY,,,,,,110,2006-09-08T14:30:00,2011-10-25T12:00:00,2,revise,active
9100NEWBRYR,,,,Newbury Racecourse Rail Station,,,,,,-,,,,,,,E0055208,Newbury,,,,,,,1,UKOS,448252,166830,-1.30779905459,51.39846065246,RLY,,,,,,110,2006-09-08T14:30:00,2007-09-26T13:00:00,1,revise,active
9100NEWBURY,,,,Newbury Rail Station,,,,,,-,,,,,,,E0055208,Newbury,,,,,,,1,UKOS,447205,166730,-1.32286108926,51.39764943456,RLY,,,,,,110,2006-09-08T14:30:00,2007-09-26T13:00:00,1,revise,active
9100NEWCLEE,,,,New Clee Rail Station,,,,,,-,,,,,,,E0039815,East Marsh,Grimsby,,,,,,1,UKOS,528500,410390,-0.06081258567,53.57437901509,RLY,,,,,,110,2006-09-08T14:30:00,2011-05-23T14:54:00,3,revise,active
9100NEWHVNH,,,,Newhaven Harbour Rail Station,,,,,,-,,,,,,,E0046047,Newhaven,,,,,,,1,UKOS,544943,100926,0.05499305371,50.78979170405,RLY,,,,,,110,2006-09-08T14:30:00,2007-09-26T13:00:00,1,revise,active
9100NEWHVNT,,,,Newhaven Town Rail Station,,,,,,-,,,,,,,E0046047,Newhaven,,,,,,,1,UKOS,544924,101489,0.05494556966,50.7948560024,RLY,,,,,,110,2006-09-08T14:30:00,2007-09-26T13:00:00,1,revise,active
9100NEWLANE,,,,New Lane Rail Station,,,,,,-,,,,,,,E0016506,New Lane,,,,,,,1,UKOS,342690,413140,-2.8677159849,53.61166251489,RLY,,,,,,110,2006-09-08T14:30:00,2011-02-07T16:33:00,2,revise,active
9100NEWMLDN,,,,New Malden Rail Station,,,,,,-,,,,,,,E0034617,New Malden,London,,,,,,1,UKOS,521410,168670,-0.25593955245,51.40407461689,RLY,,,,,,110,2006-09-08T14:30:00,2007-09-26T13:00:00,1,revise,active
9100NEWNGTN,,,,Newington Rail Station,,,,,,-,,,,,,,E0047311,Newington,,,,,,,1,UKOS,585914,164965,0.66857061491,51.35334168187,RLY,,,,,,110,2006-09-08T14:30:00,2007-09-26T13:00:00,1,revise,active
9100NEWPRTE,,,,Newport (Essex) Rail Station,,,,,,-,,,,,,,E0046418,Newport,,,,,,,1,UKOS,552231,233584,0.21514056898,51.97986956655,RLY,,,,,,110,2006-09-08T14:30:00,2007-09-26T13:00:00,1,revise,active
9100NEWQUAY,,,,Newquay Rail Station,,,,,,-,,,,,,,E0044645,Newquay,,,,,,,1,UKOS,181590,61770,-5.0756542633,50.41509520552,RLY,,,,,,110,2006-09-08T14:30:00,2007-09-26T13:00:00,1,revise,active
9100NEWSGAT,,,,New Southgate Rail Station,,,,,,-,,,,,,,E0034306,New Southgate,London,,,,,,1,UKOS,528670,192220,-0.14303783149,51.61411356185,RLY,,,,,,110,2006-09-08T14:30:00,2007-09-26T13:00:00,1,revise,active
9100NEWXGEL,,,,New Cross Gate ELL Rail Station,,,,,,-,,,,,,,N0065180,New Cross Gate,London,,,,,,0,UKOS,536189,176950,-0.04041330202,51.47512847719,RLY,,,,,,110,2010-06-07T11:40:00,2010-06-07T11:42:00,1,revise,active
9100NEWXGTE,,,,New Cross Gate Rail Station,,,,,,-,,,,,,,N0065180,New Cross Gate,London,,,,,,1,UKOS,536190,176950,-0.04039891213,51.47512823668,RLY,,,,,,110,2006-09-08T14:30:00,2010-05-27T17:11:00,3,revise,active
9100NHEY,,,,New Hey Rail Station (closed),,,,,,-,,,,,,,E0029132,Newhey,Rochdale,,,,,,1,UKOS,393785,411617,-2.09538848345,53.60108256334,RLY,,,,,,110,2006-09-08T14:30:00,2013-01-14T12:10:00,4,revise,inactive
9100NHOL,,,,New Holland Rail Station,,,,,,-,,,,,,,E0053535,New Holland,,,,,,,1,UKOS,508350,424080,-0.36021336375,53.70192124849,RLY,,,,,,110,2006-09-08T14:30:00,2007-09-26T13:00:00,1,revise,active
9100NINIANP,,,,Ninian Park Rail Station,,,,,,-,,,,,,,E0053999,Canton,Cardiff,,,,,,1,UKOS,316640,175980,-3.20169377666,51.47661626859,RLY,,,,,,110,2006-09-08T14:30:00,2011-03-24T16:42:00,3,revise,active
9100NITSH,,,,Nitshill Rail Station,,,,,,-,,,,,,,N0068177,Nitshill,Glasgow,,,,,,1,UKOS,252210,660150,-4.35995867425,55.81193517622,RLY,,,,,,110,2006-09-08T14:30:00,2007-09-26T13:00:00,1,revise,active
9100NLANRST,,,,North Llanrwst Rail Station,,,,,,-,,,,,,,E0054176,Llanrwst,,,,,,,1,UKOS,279520,362260,-3.80272737021,53.1438218977,RLY,,,,,,110,2006-09-08T14:30:00,2007-09-26T13:00:00,1,revise,active
9100NLRTN,,,,Northallerton Rail Station,,,,,,-,,,,,,,E0049049,Northallerton,,,,,,,1,UKOS,436430,493200,-1.4412729874,54.33307201361,RLY,,,,,,110,2006-09-08T14:30:00,2007-09-26T13:00:00,1,revise,active
9100NLSN,,,,Nelson Rail Station,,,,,,-,,,,,,,E0016082,Nelson,,,,,,,1,UKOS,386030,437660,-2.21375929722,53.83500634801,RLY,,,,,,110,2006-09-08T14:30:00,2007-09-26T13:00:00,1,revise,active
9100NMBRLPK,,,,Northumberland Park Rail Station,,,,,,-,,,,,,,N0061137,Northumberland Park,London,,,,,,1,UKOS,534875,191030,-0.05393184293,51.60196906501,RLY,,,,,,110,2006-09-08T14:30:00,2012-01-06T16:52:00,4,revise,active
9100NMILTON,,,,New Milton Rail Station,,,,,,-,,,,,,,E0013234,New Milton,,,,,,,1,UKOS,424234,95184,-1.65781264824,50.75575287076,RLY,,,,,,110,2006-11-17T09:19:00,2007-09-26T13:00:00,1,revise,active
9100NMPTN,,,,Northampton Rail Station,,,,,,-,,,,,,,E0057589,Northampton,,,,,,,1,UKOS,474759,260486,-0.90665302241,52.23750044165,RLY,,,,,,110,2006-09-08T14:30:00,2007-09-26T13:00:00,1,revise,active
9100NNTN,,,,Nuneaton Rail Station,,,,,,-,,,,,,,E0026040,Nuneaton,,,,,,,1,UKOS,436470,292190,-1.46387517652,52.52637056847,RLY,,,,,,110,2006-09-08T14:30:00,2007-09-26T13:00:00,1,revise,active
9100NORBURY,,,,Norbury Rail Station,,,,,,-,,,,,,,E0034222,Norbury,London,,,,,,1,UKOS,530710,169720,-0.12192604338,51.4114457976,RLY,,,,,,110,2006-09-08T14:30:00,2007-09-26T13:00:00,1,revise,active
9100NORMNTN,,,,Normanton Rail Station,,,,,,-,,,,,,,E0052881,Normanton,,,,,,,1,UKOS,438165,422830,-1.42340130968,53.70051892356,RLY,,,,,,110,2006-09-08T14:30:00,2010-07-23T14:07:00,2,revise,active
9100NORWDJ,,,,Norwood Junction Rail Station,,,,,,-,,,,,,,E0034236,South Norwood,London,,,,,,1,UKOS,534000,168200,-0.07522149976,51.39701904924,RLY,,,,,,110,2006-09-08T14:30:00,2008-07-04T18:06:00,2,revise,active
9100NPUD,,,,New Pudsey Rail Station,,,,,,-,,,,,,,E0033421,Pudsey,,,,,,,1,UKOS,421120,434290,-1.68079230061,53.80448387493,RLY,,,,,,110,2006-09-08T14:30:00,2007-09-26T13:00:00,1,revise,active
9100NQNSFRY,,,,North Queensferry Rail Station,,,,,,-,,,,,,,ES002878,North Queensferry,,,,,,,1,UKOS,313150,680830,-3.39458458427,56.0125006427,RLY,,,,,,110,2006-09-08T14:30:00,2007-09-26T13:00:00,1,revise,active
9100NRBERTH,,,,Narberth Rail Station,,,,,,-,,,,,,,E0054516,Narberth,,,,,,,1,UKOS,212050,214710,-4.72717510325,51.79936861559,RLY,,,,,,110,2006-09-08T14:30:00,2007-09-26T13:00:00,1,revise,active
9100NRBITON,,,,Norbiton Rail Station,,,,,,-,,,,,,,E0034618,Norbiton,London,,,,,,1,UKOS,519435,169545,-0.28402495282,51.41235765572,RLY,,,,,,110,2006-09-08T14:30:00,2010-05-27T17:13:00,2,revise,active
9100NRCH,,,,Norwich Rail Station,,,,,,-,,,,,,,E0057571,Norwich,,,,,,,1,UKOS,623900,308400,1.30682020524,52.62715355494,RLY,,,,,,110,2006-09-08T14:30:00,2007-09-26T13:00:00,1,revise,active
9100NRMNSBY,,,,Normans Bay Rail Station,,,,,,-,,,,,,,E0010658,Normans Bay,,,,,,,1,UKOS,568385,105672,0.3894616692,50.82610388025,RLY,,,,,,110,2006-09-08T14:30:00,2007-09-26T13:00:00,1,revise,active
9100NRTF,,,,Northfield Rail Station,,,,,,-,,,,,,,E0031824,Northfield,Birmingham,,,,,,1,UKOS,402420,278910,-1.96585143369,52.40819177754,RLY,,,,,,110,2006-09-08T14:30:00,2007-09-26T13:00:00,1,revise,active
9100NRTHCA,,,,Northfleet - Coopers Arms,,,,,,-,,,,,,,E0057488,Northfleet,Gravesend,,,,,,0,UKOS,561780,174465,0.32663325335,51.44607050891,BCQ,,,,,,110,2008-11-06T15:31:00,2009-08-21T13:15:00,2,revise,active
9100NRTHFLT,,,,Northfleet Rail Station,,,,,,-,,,,,,,E0057488,Northfleet,Gravesend,,,,,,1,UKOS,561621,174435,0.3243335694,51.44584634433,RLY,,,,,,110,2006-09-08T14:30:00,2007-09-26T13:00:00,1,revise,active
9100NSHEEN,,,,North Sheen Rail Station,,,,,,-,,,,,,,E0034769,North Sheen,London,,,,,,1,UKOS,519030,175410,-0.28787581322,51.46515468734,RLY,,,,,,110,2006-09-08T14:30:00,2010-05-27T17:13:00,2,revise,active
9100NSTCYRE,,,,Newton St Cyres Rail Station,,,,,,-,,,,,,,E0045321,Newton St Cyres,,,,,,,1,UKOS,288040,98910,-3.58938898152,50.77892792741,RLY,,,,,,110,2006-09-08T14:30:00,2007-09-26T13:00:00,1,revise,active
9100NTHCAMP,,,,North Camp Rail Station,,,,,,-,,,,,,,E0025346,Ash Vale,,,,,,,1,UKOS,488600,153725,-0.73119864698,51.27579486189,RLY,,,,,,110,2006-09-08T14:30:00,2007-09-26T13:00:00,1,revise,active
9100NTHOLTP,,,,Northolt Park Rail Station,,,,,,-,,,,,,,E0034270,Northolt,London,,,,,,1,UKOS,513827,185570,-0.35946586526,51.55753967771,RLY,,,,,,110,2006-09-08T14:30:00,2010-05-27T17:13:00,2,revise,active
9100NTHRFLD,,,,Netherfield Rail Station,,,,,,-,,,,,,,E0020560,Netherfield,,,,,,,1,UKOS,461905,340845,-1.07984962747,52.9614108037,RLY,,,,,,110,2006-09-08T14:30:00,2010-05-05T16:52:00,2,revise,active
9100NTHWICH,,,,Northwich Rail Station,,,,,,-,,,,,,,E0055427,Northwich,,,,,,,1,UKOS,366950,373943,-2.49691696778,53.26145120702,RLY,,,,,,110,2006-09-08T14:30:00,2007-09-26T13:00:00,1,revise,active
9100NTNB,,,,Norton Bridge Rail Station,,,,,,-,,,,,,,E0024213,Norton Bridge,,,,,,,1,UKOS,387270,329930,-2.19054374113,52.86669870041,RLY,,,,,,110,2006-09-08T14:30:00,2007-09-26T13:00:00,1,revise,active
9100NTNBSD,,,,Norton Bridge Station Drive,,,,,,-,,,,,,,E0024213,Norton Bridge,,,,,,,1,UKOS,387174,329942,-2.19197025879,52.86680427249,BCQ,,,,,,110,2006-09-08T14:30:00,2009-08-21T13:15:00,3,revise,active
9100NTNG,,,,Nottingham Rail Station,,,,,,-,,,,,,,E0057221,Nottingham,,,,,,,1,UKOS,457455,339195,-1.14638172642,52.94707438908,RLY,,,,,,110,2006-09-08T14:30:00,2011-12-08T14:44:00,4,revise,active
9100NTRD,,,,North Road Rail Station,,,,,,-,,,,,,,E0054904,Darlington,,,,,,,1,UKOS,428960,515750,-1.55394966313,54.53619962387,RLY,,,,,,110,2006-09-08T14:30:00,2007-09-26T13:00:00,1,revise,active
9100NUNHEAD,,,,Nunhead Rail Station,,,,,,-,,,,,,,E0034800,Nunhead,London,,,,,,1,UKOS,535390,176005,-0.05227261097,51.46682801517,RLY,,,,,,110,2006-09-08T14:30:00,2010-05-27T17:14:00,2,revise,active
9100NUNTHRP,,,,Nunthorpe Rail Station,,,,,,-,,,,,,,N0070284,Nunthorpe,,,,,,,1,UKOS,453850,515050,-1.1694487981,54.52788055239,RLY,,,,,,110,2006-09-08T14:30:00,2007-09-26T13:00:00,1,revise,active
9100NUTBBUS,,,,Nutbourne - Barleycorn,,,,,,-,,,,,,,E0026544,Nutbourne,,,,,,,0,UKOS,478765,105425,-0.88266368262,50.84300029295,BCQ,,,,,,110,2008-11-06T15:32:00,2009-08-21T13:15:00,2,revise,active
9100NUTBORN,,,,Nutbourne Rail Station,,,,,,-,,,,,,,E0026544,Nutbourne,,,,,,,1,UKOS,478740,105766,-0.88294549027,50.84606954263,RLY,,,,,,110,2006-11-17T09:19:00,2007-09-26T13:00:00,1,revise,active
9100NUTFBUS,,,,Nutfield Memorial Hall,,,,,,-,,,,,,,E0051805,Nutfield,,,,,,,0,UKOS,530600,150505,-0.13054216317,51.23878734258,BCQ,,,,,,110,2009-05-29T16:47:00,2009-05-29T16:48:00,1,revise,active
9100NUTFILD,,,,Nutfield Rail Station,,,,,,-,,,,,,,E0051805,Nutfield,,,,,,,1,UKOS,530495,149170,-0.13253124432,51.22681357406,RLY,,,,,,110,2006-09-08T14:30:00,2011-03-24T16:38:00,2,revise,active
9100NWALSHM,,,,North Walsham Rail Station,,,,,,-,,,,,,,E0048693,North Walsham,,,,,,,1,UKOS,628160,329740,1.38445447396,52.81688598294,RLY,,,,,,110,2006-09-08T14:30:00,2007-09-26T13:00:00,1,revise,active
9100NWCMNCK,,,,New Cumnock Rail Station,,,,,,-,,,,,,,ES002769,New Cumnock,,,,,,,1,UKOS,261887,614180,-4.18261280737,55.40205141677,RLY,,,,,,110,2006-09-08T14:30:00,2015-06-23T12:27:00,2,revise,active
9100NWCOURT,,,,Newcourt Rail Station,,,,,,-,,,,,,,E0007686,Countess Wear,Exeter,,Countess Wear,,,,0,UKOS,296097,90524,-3.47278419609,50.70504186187,RLY,,,,,,110,2015-03-26T09:59:00,2015-03-26T10:13:00,1,revise,active
9100NWCRELL,,,,New Cross ELL Rail Station,,,,,,-,,,,,,,E0034671,New Cross,London,,,,,,0,UKOS,536739,177100,-0.03244088789,51.47634386259,RLY,,,,,,110,2010-06-07T11:40:00,2010-06-07T11:41:00,1,revise,active
9100NWCROSS,,,,New Cross Rail Station,,,,,,-,,,,,,,E0034671,New Cross,London,,,,,,1,UKOS,536740,177100,-0.03242649769,51.47634362111,RLY,,,,,,110,2006-09-08T14:30:00,2010-05-27T17:12:00,2,revise,active
9100NWCSTLE,,,,Newcastle Rail Station,,,,,,-,,,,,,,E0057900,Newcastle upon Tyne,,,,,,,1,UKOS,424600,563820,-1.61727980875,54.968401771,RLY,,,,,,110,2006-09-08T14:30:00,2010-05-05T16:52:00,2,revise,active
9100NWELTHM,,,,New Eltham Rail Station,,,,,,-,,,,,,,E0034332,New Eltham,London,,,,,,1,UKOS,544010,173040,0.07053325309,51.43805962704,RLY,,,,,,110,2006-09-08T14:30:00,2010-05-27T17:12:00,2,revise,active
9100NWEMBLY,,,,North Wembley Rail Station,,,,,,-,,,,,,,N0065181,North Wembley,London,,,,,,1,UKOS,517660,186220,-0.30398404325,51.56259584339,RLY,,,,,,110,2006-09-08T14:30:00,2014-06-06T14:39:00,2,revise,active
9100NWHYTHE,,,,New Hythe Rail Station,,,,,,-,,,,,,,E0015546,New Hythe,,,,,,,1,UKOS,571190,159960,0.45492960418,51.31300293914,RLY,,,,,,110,2006-09-08T14:30:00,2007-09-26T13:00:00,1,revise,active
9100NWMILSC,,,,New Mills Central Rail Station,,,,,,-,,,,,,,E0045136,New Mills,,,,,,,1,UKOS,399720,385330,-2.0056711314,53.36484176219,RLY,,,,,,110,2006-09-08T14:30:00,2007-09-26T13:00:00,1,revise,active
9100NWMILSN,,,,New Mills Newtown Rail Station,,,,,,-,,,,,,,E0045136,New Mills,,,,,,,1,UKOS,399530,384750,-2.00852525845,53.35962819024,RLY,,,,,,110,2006-09-08T14:30:00,2007-09-26T13:00:00,1,revise,active
9100NWMKET,,,,Newmarket Rail Station,,,,,,-,,,,,,,E0024784,Newmarket,,,,,,,1,UKOS,564400,262700,0.40620835146,52.23794416784,RLY,,,,,,110,2006-09-08T14:30:00,2007-09-26T13:00:00,1,revise,active
9100NWOLWCH,,,,North Woolwich Rail Station,,,,,,-,,,,,,,E0034711,North Woolwich,London,,,,,,1,UKOS,543280,179810,0.06277989677,51.49907767651,RLY,,,,,,110,2006-09-08T14:30:00,2007-09-26T13:00:00,2,delete,inactive
9100NWPTRTG,,,,Newport (S Wales) Rail Station,,,,,,-,,,,,,,E0039779,Newport,,,,,,,1,UKOS,330780,188245,-3.00054347097,51.58878898755,RLY,,,,,,110,2006-09-08T14:30:00,2014-07-11T11:49:00,3,revise,active
9100NWRKCAS,,,,Newark Castle Rail Station,,,,,,-,,,,,,,E0050159,Newark,,,,,,,1,UKOS,479600,354300,-0.81316015689,53.08000355387,RLY,,,,,,110,2006-09-08T14:30:00,2007-09-26T13:00:00,1,revise,active
9100NWSTEAD,,,,Newstead Rail Station,,,,,,-,,,,,,,E0050102,Newstead,,,,,,,1,UKOS,452240,352810,-1.22178763243,53.06998228279,RLY,,,,,,110,2006-09-08T14:30:00,2011-01-24T11:20:00,2,revise,active
9100NWTA,,,,Newton Aycliffe Rail Station,,,,,,-,,,,,,,E0010208,Newton Aycliffe,,,,,,,1,UKOS,426600,524360,-1.58964517257,54.61370278651,RLY,,,,,,110,2006-09-08T14:30:00,2007-09-26T13:00:00,1,revise,active
9100NWTGRNG,,,,Newtongrange Rail Station,,,,,,-,,,,,,,ES002829,Newtongrange,,,Newtongrange,,,,0,UKOS,333175,664275,-3.06936579673,55.86699745934,RLY,,,,,,110,2015-03-26T10:04:00,2015-03-26T10:17:00,1,revise,active
9100NWTH,,,,Newton for Hyde Rail Station,,,,,,-,,,,,,,E0028879,Hyde,,,,,,,1,UKOS,395639,395516,-2.06714238169,53.45638016895,RLY,,,,,,110,2006-09-08T14:30:00,2008-12-24T15:29:00,2,revise,active
9100NWTL,,,,Newton (S Lanarks) Rail Station,,,,,,-,,,,,,,N0068176,Newton,,,,,,,1,UKOS,266450,660450,-4.13305476009,55.81877790871,RLY,,,,,,110,2006-09-08T14:30:00,2007-09-26T13:00:00,1,revise,active
9100NWTM,,,,Newtonmore Rail Station,,,,,,-,,,,,,,N0067947,Newtonmore,,,,,,,1,UKOS,271580,798450,-4.11910883922,57.05914559683,RLY,,,,,,110,2006-09-08T14:30:00,2007-09-26T13:00:00,1,revise,active
9100NWTNLW,,,,Newton-le-Willows Rail Station,,,,,,-,,,,,,,E0029817,Newton le Willows,,,Knowsley,,Newton-Le-Willows,,1,UKOS,359350,395320,-2.6135980844,53.45306051839,RLY,,,,,,110,2006-09-08T14:30:00,2007-09-26T13:00:00,1,revise,active
9100NWTOA,,,,Newton-on-Ayr Rail Station,,,,,,-,,,,,,,N0072969,Newton-On-Ayr,Ayr,,,,,,1,UKOS,234130,623160,-4.62582629366,55.47405332131,RLY,,,,,,110,2006-09-08T14:30:00,2008-02-07T11:07:00,2,revise,active
9100NWTP,,,,Newtown (Powys) Rail Station,,,,,,-,,,,,,,E0055113,Newtown,,,,,,,1,UKOS,311100,291300,-3.31139173413,52.51231385488,RLY,,,,,,110,2006-09-08T14:30:00,2007-09-26T13:00:00,1,revise,active
9100OAKHAM,,,,Oakham Rail Station,,,,,,-,,,,,,,E0053664,Oakham,,,,,,,1,UKOS,485690,309030,-0.7341711259,52.67221481681,RLY,,,,,,110,2006-09-08T14:30:00,2007-09-26T13:00:00,1,revise,active
9100OAKNGTS,,,,Oakengates Rail Station,,,,,,-,,,,,,,E0053787,Oakengates,Telford,,,,,,1,UKOS,369670,310730,-2.45019431771,52.69339786131,RLY,,,,,,110,2006-09-08T14:30:00,2007-09-26T13:00:00,1,revise,active
9100OBAN,,,,Oban Rail Station,,,,,,-,,,,,,,ES002899,Oban,,,,,,,1,UKOS,185795,729888,-5.47393155152,56.41248650849,RLY,,,,,,110,2006-09-08T14:30:00,2007-09-26T13:00:00,1,revise,active
9100OCKENDN,,,,Ockendon Rail Station,,,,,,-,,,,,,,E0042674,South Ockendon,,,,,,,1,UKOS,559003,182828,0.29046917422,51.52199211024,RLY,,,,,,110,2006-11-17T09:19:00,2007-09-26T13:00:00,1,revise,active
9100OCKLYAC,,,,Ockley Rail Station,,,,,,-,,,,,,,E0051788,Ockley,,,,,,,1,UKOS,516477,140455,-0.33601363197,51.15151195783,RLY,,,,,,110,2006-09-08T14:30:00,2007-09-26T13:00:00,1,revise,active
9100OKHMPTN,,,,Okehampton Rail Station,,,,,,-,,,,,,,E0045621,Okehampton,,,,,,,1,UKOS,259220,94430,-3.99621489375,50.73238044875,RLY,,,,,,110,2006-09-08T14:30:00,2010-10-05T14:57:00,3,revise,active
9100OKLGHPK,,,,Oakleigh Park Rail Station,,,,,,-,,,,,,,E0033981,Oakleigh Park,London,,,,,,1,UKOS,527000,194800,-0.16620932906,51.6376780151,RLY,,,,,,110,2006-09-08T14:30:00,2007-09-26T13:00:00,1,revise,active
9100OLDFLBR,,,,Oldfield Park - Lower Bristol Road,,,,,,-,,,,,,,E0035068,Oldfield Park,Bath,,,,,,0,UKOS,373667,164829,-2.3797684813,51.38189470508,BCQ,,,,,,110,2008-11-06T15:34:00,2016-02-15T15:52:00,3,revise,active
9100OLDFLDP,,,,Oldfield Park Rail Station,,,,,,-,,,,,,,E0035068,Oldfield Park,Bath,,,,,,1,UKOS,373614,164533,-2.38050793982,51.37923076401,RLY,,,,,,110,2006-09-08T14:30:00,2009-06-18T15:39:00,2,revise,active
9100OLDHAMM,,,,Oldham Mumps Rail Station (closed),,,,,,-,,,,,,,N0075108,Oldham Mumps,Oldham,,,,,,1,UKOS,393330,404940,-2.10211895416,53.54106210472,RLY,,,,,,110,2006-09-08T14:30:00,2013-05-15T09:43:00,3,revise,inactive
9100OLDHAMW,,,,Oldham Werneth Rail Station (closed),,,,,,-,,,,,,,E0057798,Oldham,,,,,,,1,UKOS,391530,404680,-2.12927321877,53.53869880483,RLY,,,,,,110,2006-09-08T14:30:00,2013-05-15T09:44:00,3,revise,inactive
9100OLDROAN,,,,Old Roan Rail Station,,,,,,-,,,,,,,E0029833,Old Roan,Aintree,,Liverpool,,Old Roan,,1,UKOS,336990,399330,-2.95107150899,53.48689507047,RLY,,,,,,110,2006-09-08T14:30:00,2007-09-26T13:00:00,1,revise,active
9100OLDST,,,,Old Street Rail Station,,,,,,-,,,,,,,N0077704,Old Street,London,,,,,,1,UKOS,532700,182500,-0.08853508781,51.52583170664,RLY,,,,,,110,2006-09-08T14:30:00,2008-07-04T18:06:00,2,revise,active
9100OLHL,,,,Old Hill Rail Station,,,,,,-,,,,,,,E0031840,Old Hill,,,,,,,1,UKOS,396280,285890,-2.05619065901,52.4709334976,RLY,,,,,,110,2006-09-08T14:30:00,2007-09-26T13:00:00,1,revise,active
9100OLTON,,,,Olton Rail Station,,,,,,-,,,,,,,E0031846,Olton,,,,,,,1,UKOS,413400,282300,-1.80430937035,52.43851142341,RLY,,,,,,110,2006-09-08T14:30:00,2007-09-26T13:00:00,1,revise,active
9100OPOL,,,,Overpool Rail Station,,,,,,-,,,,,,,E0001822,Overpool,Ellesmere Port,,,,,,1,UKOS,338490,376740,-2.92406060411,53.28404743498,RLY,,,,,,110,2006-09-08T14:30:00,2011-03-24T16:46:00,2,revise,active
9100OREE,,,,Ore Rail Station,,,,,,-,,,,,,,E0010522,Ore,Hastings,,,,,,1,UKOS,582458,110693,0.59156798676,50.86694855462,RLY,,,,,,110,2006-09-08T14:30:00,2007-09-26T13:00:00,1,revise,active
9100ORELPKH,,,,Orrell Park Rail Station,,,,,,-,,,,,,,E0029839,Orrell Park,Walton,,Sefton,,Orrell Park,,1,UKOS,336140,396560,-2.96331546828,53.46189796864,RLY,,,,,,110,2006-09-08T14:30:00,2007-09-26T13:00:00,1,revise,active
9100ORMSKRK,,,,Ormskirk Rail Station,,,,,,-,,,,,,,E0016508,Ormskirk,,,,,,,1,UKOS,341740,408435,-2.88119295403,53.56927273711,RLY,,,,,,110,2006-09-08T14:30:00,2011-02-07T16:33:00,2,revise,active
9100ORPNGTN,,,,Orpington Rail Station,,,,,,-,,,,,,,E0034128,Orpington,London,,,,,,1,UKOS,545505,165875,0.08909054702,51.37329598213,RLY,,,,,,110,2006-09-08T14:30:00,2010-05-27T17:15:00,2,revise,active
9100ORRELL,,,,Orrell Rail Station,,,,,,-,,,,,,,E0029177,Orrell,,,,,,,1,UKOS,353111,403973,-2.70883730291,53.53031174453,RLY,,,,,,110,2006-09-08T14:30:00,2008-12-24T15:29:00,2,revise,active
9100OTFORD,,,,Otford Rail Station,,,,,,-,,,,,,,E0047250,Otford,,,,,,,1,UKOS,553200,159407,0.19677880807,51.31315822273,RLY,,,,,,110,2006-09-08T14:30:00,2007-09-26T13:00:00,1,revise,active
9100OULTNBN,,,,Oulton Broad North Rail Station,,,,,,-,,,,,,,E0025252,Oulton Broad,Lowestoft,,,,,,1,UKOS,652420,293140,1.71571086533,52.4777605936,RLY,,,,,,110,2006-09-08T14:30:00,2007-09-26T13:00:00,1,revise,active
9100OULTNBS,,,,Oulton Broad South Rail Station,,,,,,-,,,,,,,E0025252,Oulton Broad,Lowestoft,,,,,,1,UKOS,651920,292205,1.70765867432,52.46960337513,RLY,,,,,,110,2006-09-08T14:30:00,2011-08-22T14:02:00,2,revise,active
9100OUTWOOD,,,,Outwood Rail Station,,,,,,-,,,,,,,E0033353,Outwood,Wakefield,,,,,,1,UKOS,432410,424430,-1.51040024805,53.71528696584,RLY,,,,,,110,2006-09-08T14:30:00,2010-07-23T14:07:00,2,revise,active
9100OVTN,,,,Overton Rail Station,,,,,,-,,,,,,,E0046728,Overton,,,,,,,1,UKOS,451790,150830,-1.25926757016,51.25429374676,RLY,,,,,,110,2006-11-17T09:19:00,2011-05-23T14:49:00,2,revise,active
9100OXENHLM,,,,Oxenholme Lake District Rail Station,,,,,,-,,,,,,,E0006382,Oxenholme,,,,,,,1,UKOS,353125,490165,-2.72187011204,54.30492682015,RLY,,,,,,110,2006-09-08T14:30:00,2011-03-07T14:34:00,2,revise,active
9100OXFD,,,,Oxford Rail Station,,,,,,-,,,,,,,E0056504,Oxford,,,,,,,1,UKOS,450477,206341,-1.27015339841,51.7534959565,RLY,,,,,,110,2006-09-08T14:30:00,2007-09-26T13:00:00,1,revise,active
9100OXFPWAY,,,,Oxford Parkway Rail Station,,,,,,-,,,,,,,N0080793,Oxford Parkway,Water Eaton,,Water Eaton,,,,0,UKOS,450122,211963,-1.27448586064,51.80407130425,RLY,,,,,,110,2015-03-26T09:59:00,2015-10-14T12:02:00,2,revise,active
9100OXSHOTT,,,,Oxshott Rail Station,,,,,,-,,,,,,,E0025306,Oxshott,,,,,,,1,UKOS,514172,160973,-0.36241924332,51.33639582016,RLY,,,,,,110,2006-09-08T14:30:00,2007-09-26T13:00:00,1,revise,active
9100OXTED,,,,Oxted Rail Station,,,,,,-,,,,,,,E0051806,Oxted,,,,,,,1,UKOS,539317,152862,-0.0048334968,51.25790823207,RLY,,,,,,110,2006-09-08T14:30:00,2007-09-26T13:00:00,1,revise,active
9100OXTEDBY,,,,Oxted Rail Station,,,,,,-,,,,,,,E0051806,Oxted,,,,,,,1,UKOS,539318,152862,-0.00481917513,51.25790798793,RLY,,,,,,110,2006-09-08T14:30:00,2009-04-14T16:43:00,4,revise,active
9100PADGATE,,,,Padgate Rail Station,,,,,,-,,,,,,,E0043041,Padgate,Warrington,,,,,,1,UKOS,363080,390030,-2.55681065071,53.4057889109,RLY,,,,,,110,2006-09-08T14:30:00,2007-09-26T13:00:00,1,revise,active
9100PADTON,,,,London Paddington Rail Station,,,,,,-,,,,,,,E0034942,Paddington,London,,,,,,1,UKOS,526648,181251,-0.17617389915,51.51599550289,RLY,,,,,,110,2006-09-08T14:30:00,2012-01-31T16:29:00,2,revise,active
9100PAIGNTN,,,,Paignton Rail Station,,,,,,-,,,,,,,E0042725,Paignton,Torbay,,,,,,1,UKOS,288960,60600,-3.56487571746,50.43471865814,RLY,,,,,,110,2006-09-08T14:30:00,2010-10-05T15:01:00,2,revise,active
9100PALMRSG,,,,Palmers Green Rail Station,,,,,,-,,,,,,,N0065115,Palmers Green,London,,,,,,1,UKOS,530915,192745,-0.11043656146,51.6183143123,RLY,,,,,,110,2006-09-08T14:30:00,2010-05-27T17:15:00,2,revise,active
9100PANGBRN,,,,Pangbourne Rail Station,,,,,,-,,,,,,,E0053855,Pangbourne,,,,,,,1,UKOS,463251,176664,-1.09047032092,51.4854014227,RLY,,,,,,110,2006-09-08T14:30:00,2007-09-26T13:00:00,1,revise,active
9100PANNAL,,,,Pannal Rail Station,,,,,,-,,,,,,,E0056346,Pannal,,,,,,,1,UKOS,430710,451460,-1.53346695743,53.9583242098,RLY,,,,,,110,2006-09-08T14:30:00,2007-09-26T13:00:00,1,revise,active
9100PARBOLD,,,,Parbold Rail Station,,,,,,-,,,,,,,E0047555,Parbold,,,,,,,1,UKOS,349080,410740,-2.77074825005,53.59075411024,RLY,,,,,,110,2006-09-08T14:30:00,2011-02-07T16:34:00,2,revise,active
9100PARISND,,,,Paris Nord Rail Station,,,,,,-,,,,,,,E0015169,Cheriton,Folkestone,,,,,,0,UKOS,637840,136000,1.39384613745,51.07401068693,RLY,,,,,,110,2012-02-03T09:59:00,2012-02-03T13:24:00,1,delete,inactive
9100PARR,,,,Par Rail Station,,,,,,-,,,,,,,E0004624,Par,St Blazey,,,,,,1,UKOS,207700,54100,-4.70467534805,50.35532659322,RLY,,,,,,110,2006-09-08T14:30:00,2007-09-26T13:00:00,1,revise,active
9100PARSNST,,,,Parson Street Rail Station,,,,,,-,,,,,,,E0035570,Bedminster,Bristol,,,,,,1,UKOS,357849,170655,-2.60774156658,51.43331938237,RLY,,,,,,110,2006-09-08T14:30:00,2009-01-12T18:23:00,3,revise,active
9100PARTON,,,,Parton Rail Station,,,,,,-,,,,,,,E0044781,Parton,,,,,,,1,UKOS,297900,520610,-3.58080025624,54.57036867531,RLY,,,,,,110,2006-09-08T14:30:00,2011-03-07T14:34:00,2,revise,active
9100PATCHWY,,,,Patchway Rail Station,,,,,,-,,,,,,,E0041896,Patchway,,,,,,,1,UKOS,361060,180930,-2.56268928862,51.52593298506,RLY,,,,,,110,2006-09-08T14:30:00,2014-05-06T14:56:00,3,revise,active
9100PATERTN,,,,Patterton Rail Station,,,,,,-,,,,,,,ES002826,Newton Mearns,,,,,,,1,UKOS,253675,657725,-4.33529838968,55.79061093801,RLY,,,,,,110,2006-09-08T14:30:00,2011-07-07T14:07:00,2,revise,active
9100PBRO,,,,Peterborough Rail Station,,,,,,-,,,,,,,E0055098,Peterborough,,,,,,,1,UKOS,518700,298900,-0.24983689726,52.57497531607,RLY,,,,,,110,2006-09-08T14:30:00,2007-09-26T13:00:00,1,revise,active
9100PBRT,,,,Pemberton Rail Station,,,,,,-,,,,,,,E0029197,Pemberton,Wigan,,,,,,1,UKOS,355662,403959,-2.6703539267,53.53040792279,RLY,,,,,,110,2006-09-08T14:30:00,2008-12-24T15:30:00,2,revise,active
9100PCHESTR,,,,Portchester Rail Station,,,,,,-,,,,,,,E0012922,Portchester,,,,,,,1,UKOS,461749,105835,-1.12423986778,50.84874977636,RLY,,,,,,110,2006-11-17T09:19:00,2007-09-26T13:00:00,1,revise,active
9100PCKHMQD,,,,Queens Road Peckham Rail Station,,,,,,-,,,,,,,N0060435,Peckham,London,,,,,,1,UKOS,535020,176745,-0.05731349083,51.47356622232,RLY,,,,,,110,2006-09-08T14:30:00,2010-05-27T17:17:00,2,revise,active
9100PCKHMRY,,,,Peckham Rye Rail Station,,,,,,-,,,,,,,N0060435,Peckham,London,,,,,,1,UKOS,534190,176330,-0.06941433121,51.47003415173,RLY,,,,,,110,2006-09-08T14:30:00,2007-09-26T13:00:00,1,revise,active
9100PEARTRE,,,,Peartree Rail Station,,,,,,-,,,,,,,E0036830,Pear Tree,Derby,,,,,,1,UKOS,435535,333413,-1.47321386252,52.89699504519,RLY,,,,,,110,2006-09-08T14:30:00,2009-01-19T11:30:00,2,revise,active
9100PEGSWD,,,,Pegswood Rail Station,,,,,,-,,,,,,,E0049951,Pegswood,,,,,,,1,UKOS,422760,587150,-1.64416577816,55.17812915628,RLY,,,,,,110,2006-09-08T14:30:00,2010-05-05T16:53:00,2,revise,active
9100PEMBRKD,,,,Pembroke Dock Rail Station,,,,,,-,,,,,,,E0055088,Pembroke,,,,,,,1,UKOS,197040,203550,-4.9380475556,51.69391311621,RLY,,,,,,110,2006-09-08T14:30:00,2007-09-26T13:00:00,1,revise,active
9100PEMBROK,,,,Pembroke Rail Station,,,,,,-,,,,,,,E0055088,Pembroke,,,,,,,1,UKOS,199160,201130,-4.9060230344,51.67294522942,RLY,,,,,,110,2006-09-08T14:30:00,2007-09-26T13:00:00,1,revise,active
9100PENARTH,,,,Penarth Rail Station,,,,,,-,,,,,,,E0054764,Penarth,,,,,,,1,UKOS,318460,171420,-3.17444075133,51.4358891543,RLY,,,,,,110,2006-09-08T14:30:00,2007-09-26T13:00:00,1,revise,active
9100PENCOED,,,,Pencoed Rail Station,,,,,,-,,,,,,,E0053966,Pencoed,,,,,,,1,UKOS,296000,181700,-3.50047901065,51.52460791221,RLY,,,,,,110,2006-09-08T14:30:00,2007-09-26T13:00:00,1,revise,active
9100PENEW,,,,Penge West Rail Station,,,,,,-,,,,,,,N0065189,Penge & Sydenham,London,,,,,,1,UKOS,534940,170510,-0.06083982696,51.41755516358,RLY,,,,,,110,2006-09-08T14:30:00,2007-09-26T13:00:00,1,revise,active
9100PENGAM,,,,Pengam Rail Station,,,,,,-,,,,,,,E0053987,Pengam,,,,,,,1,UKOS,315030,197570,-3.23009978215,51.67045504773,RLY,,,,,,110,2006-09-08T14:30:00,2007-09-26T13:00:00,1,revise,active
9100PENHELG,,,,Penhelig Rail Station,,,,,,-,,,,,,,E0037672,Penhelyg,Aberdovey,,,,,,1,UKOS,262100,296150,-4.03502521328,52.545686448,RLY,,,,,,110,2006-09-08T14:30:00,2007-09-26T13:00:00,1,revise,active
9100PENISTN,,,,Penistone Rail Station,,,,,,-,,,,,,,E0052711,Penistone,,,,,,,1,UKOS,425105,403275,-1.62278070263,53.52554614867,RLY,,,,,,110,2006-09-08T14:30:00,2010-12-20T11:13:00,2,revise,active
9100PENMERE,,,,Penmere Rail Station,,,,,,-,,,,,,,N0060971,Penmere,Falmouth,,,,,,1,UKOS,179835,32360,-5.08319260325,50.15033092991,RLY,,,,,,110,2006-09-08T14:30:00,2011-09-30T10:52:00,2,revise,active
9100PENYCHN,,,,Penychain Rail Station,,,,,,-,,,,,,,E0054317,Pwllheli,,,,,,,1,UKOS,242800,336500,-4.33872152373,52.90288333146,RLY,,,,,,110,2006-09-08T14:30:00,2007-09-26T13:00:00,1,revise,active
9100PENZNCE,,,,Penzance Rail Station,,,,,,-,,,,,,,E0044623,Penzance,,,,,,,1,UKOS,147588,30599,-5.53256527555,50.12167398129,RLY,,,,,,110,2006-09-08T14:30:00,2011-09-30T10:57:00,2,revise,active
9100PERANWL,,,,Perranwell Rail Station,,,,,,-,,,,,,,E0002917,Perranwell Station,,,,,,,1,UKOS,178080,39810,-5.11206922796,50.2165793578,RLY,,,,,,110,2006-09-08T14:30:00,2011-09-30T10:57:00,2,revise,active
9100PERSHOR,,,,Pershore Rail Station,,,,,,-,,,,,,,E0052633,Pershore,,,,,,,1,UKOS,395200,248030,-2.07153678369,52.13055492991,RLY,,,,,,110,2006-09-08T14:30:00,2011-11-02T16:31:00,2,revise,active
9100PERTH,,,,Perth Rail Station,,,,,,-,,,,,,,ES003005,Perth,,,,,,,1,UKOS,311220,723133,-3.43969790303,56.39209411274,RLY,,,,,,110,2006-09-08T14:30:00,2008-10-17T14:43:00,2,revise,active
9100PETSWD,,,,Petts Wood Rail Station,,,,,,-,,,,,,,E0034134,Petts Wood,London,,,,,,1,UKOS,544440,167550,0.07448093018,51.38861879473,RLY,,,,,,110,2006-09-08T14:30:00,2007-09-26T13:00:00,1,revise,active
9100PEWSEY,,,,Pewsey Rail Station,,,,,,-,,,,,,,E0052261,Pewsey,,,,,,,1,UKOS,416070,160370,-1.77067520033,51.34219310363,RLY,,,,,,110,2006-09-08T14:30:00,2007-09-26T13:00:00,1,revise,active
9100PHBR,,,,Portsmouth Harbour Rail Station,,,,,,-,,,,,,,E0057225,Portsmouth,,,,,,,1,UKOS,462973,100090,-1.10784017919,50.79696235778,RLY,,,,,,110,2006-11-17T09:19:00,2007-09-26T13:00:00,1,revise,active
9100PHLD,,,,Priesthill & Darnley Rail Station,,,,,,-,,,,,,,N0076057,Darnley,Glasgow,,,,,,1,UKOS,253280,660140,-4.34289463468,55.81217172266,RLY,,,,,,110,2006-09-08T14:30:00,2007-09-26T13:00:00,1,revise,active
9100PILNING,,,,Pilning Rail Station,,,,,,-,,,,,,,E0041900,Pilning,,,,,,,1,UKOS,356620,184380,-2.62711164167,51.55662692121,RLY,,,,,,110,2006-09-08T14:30:00,2007-09-26T13:00:00,1,revise,active
9100PINHOE,,,,Pinhoe Rail Station,,,,,,-,,,,,,,E0007714,Pinhoe,Exeter,,,,,,1,UKOS,296413,94160,-3.46933293098,50.73778489347,RLY,,,,,,110,2006-09-08T14:30:00,2010-07-05T19:20:00,2,revise,active
9100PITSEA,,,,Pitsea Rail Station,,,,,,-,,,,,,,E0010992,Pitsea,Basildon,,,,,,1,UKOS,573828,187585,0.50629313905,51.5603592233,RLY,,,,,,110,2006-09-08T14:30:00,2007-09-26T13:00:00,1,revise,active
9100PKHMRYC,,,,Peckham Rye Rail Station,,,,,,-,,,,,,,N0060435,Peckham,London,,,,,,1,UKOS,534191,176330,-0.06939994267,51.4700339148,RLY,,,,,,110,2006-09-08T14:30:00,2009-04-14T16:43:00,4,revise,active
9100PKST,,,,Park Street Rail Station,,,,,,-,,,,,,,E0014199,Park Street,,,,,,,1,UKOS,514733,204274,-0.34027649124,51.72545822566,RLY,,,,,,110,2006-09-08T14:30:00,2007-09-26T13:00:00,1,revise,active
9100PKWD,,,,Paddock Wood Rail Station,,,,,,-,,,,,,,E0047373,Paddock Wood,,,,,,,1,UKOS,567079,145272,0.38914870228,51.18226680266,RLY,,,,,,110,2006-09-08T14:30:00,2007-09-26T13:00:00,1,revise,active
9100PLKLHDE,,,,Pollokshields East Rail Station,,,,,,-,,,,,,,ES003044,Pollokshields,Glasgow,,,,,,1,UKOS,258040,663200,-4.26860283641,55.84106706348,RLY,,,,,,110,2006-09-08T14:30:00,2007-09-26T13:00:00,1,revise,active
9100PLKLHDW,,,,Pollokshields West Rail Station,,,,,,-,,,,,,,ES003044,Pollokshields,Glasgow,,,,,,1,UKOS,257580,662840,-4.27575340451,55.83769943484,RLY,,,,,,110,2006-09-08T14:30:00,2007-09-26T13:00:00,1,revise,active
9100PLKSHWE,,,,Pollokshaws East Rail Station,,,,,,-,,,,,,,ES003043,Pollokshaws,Glasgow,,,,,,1,UKOS,256835,661410,-4.28688514637,55.82464070135,RLY,,,,,,110,2006-09-08T14:30:00,2011-07-07T13:52:00,2,revise,active
9100PLKSHWW,,,,Pollokshaws West Rail Station,,,,,,-,,,,,,,ES003043,Pollokshaws,Glasgow,,,,,,1,UKOS,255910,661350,-4.30160557189,55.82382675481,RLY,,,,,,110,2006-09-08T14:30:00,2007-09-26T13:00:00,1,revise,active
9100PLMPTON,,,,Plumpton Rail Station,,,,,,-,,,,,,,E0010560,Plumpton Green,Plumpton,,,,,,1,UKOS,536420,116148,-0.06018103066,50.92866319831,RLY,,,,,,110,2006-11-29T00:00:00,2007-09-26T13:00:00,1,revise,active
9100PLMS,,,,Plumstead Rail Station,,,,,,-,,,,,,,E0034334,Plumstead,London,,,,,,1,UKOS,544800,178820,0.08425652445,51.48979503647,RLY,,,,,,110,2006-09-08T14:30:00,2007-09-26T13:00:00,1,revise,active
9100PLOCKTN,,,,Plockton Rail Station,,,,,,-,,,,,,,N0067958,Plockton,,,,,,,1,UKOS,179450,832950,-5.66599886107,57.33356474738,RLY,,,,,,110,2006-09-08T14:30:00,2007-09-26T13:00:00,1,revise,active
9100PLSNGTN,,,,Pleasington Rail Station,,,,,,-,,,,,,,E0052950,Pleasington,,,,,,,1,UKOS,364200,426200,-2.54412357936,53.7309585987,RLY,,,,,,110,2006-09-08T14:30:00,2007-09-26T13:00:00,1,revise,active
9100PLTH,,,,Portlethen Rail Station,,,,,,-,,,,,,,ES003062,Portlethen,,,,,,,1,UKOS,392420,796710,-2.12661129783,57.0613758982,RLY,,,,,,110,2006-09-08T14:30:00,2007-09-26T13:00:00,1,revise,active
9100PLTNLFY,,,,Poulton-le-Fylde Rail Station,,,,,,-,,,,,,,E0016583,Poulton-le-Fylde,,,,,,,1,UKOS,334926,439587,-2.99062442246,53.84842578979,RLY,,,,,,110,2006-09-08T14:30:00,2009-10-15T16:30:00,2,revise,active
9100PLUCKLY,,,,Pluckley Rail Station,,,,,,-,,,,,,,E0047103,Pluckley,,,,,,,1,UKOS,592221,143279,0.74739597705,51.15647301958,RLY,,,,,,110,2006-09-08T14:30:00,2007-09-26T13:00:00,1,revise,active
9100PLUMLEY,,,,Plumley Rail Station,,,,,,-,,,,,,,E0044387,Plumley,,,,,,,1,UKOS,372112,375381,-2.4196617352,53.27467423712,RLY,,,,,,110,2006-09-08T14:30:00,2007-09-26T13:00:00,1,revise,active
9100PLYMTH,,,,Plymouth Rail Station,,,,,,-,,,,,,,N0073197,Plymouth,,,,,,,1,UKOS,247700,55300,-4.14332046265,50.37782733194,RLY,,,,,,110,2006-09-08T14:30:00,2011-02-07T16:06:00,2,revise,active
9100PMBRYBP,,,,Pembrey & Burry Port Rail Station,,,,,,-,,,,,,,E0036129,Pembrey,,,,,,,1,UKOS,244700,200700,-4.24784113372,51.68352753837,RLY,,,,,,110,2006-09-08T14:30:00,2007-09-26T13:00:00,1,revise,active
9100PNALLY,,,,Penally Rail Station,,,,,,-,,,,,,,E0054524,Penally,,,,,,,1,UKOS,211820,199080,-4.72205505699,51.65891943634,RLY,,,,,,110,2006-09-08T14:30:00,2007-09-26T13:00:00,1,revise,active
9100PNDRSEN,,,,Ponders End Rail Station,,,,,,-,,,,,,,E0034310,Ponders End,London,,,,,,1,UKOS,536060,195545,-0.03508038479,51.64225603706,RLY,,,,,,110,2006-09-08T14:30:00,2010-05-27T17:16:00,2,revise,active
9100PNGEE,,,,Penge East Rail Station,,,,,,-,,,,,,,N0065189,Penge & Sydenham,London,,,,,,1,UKOS,535395,170720,-0.05422045358,51.41933392231,RLY,,,,,,110,2006-09-08T14:30:00,2010-05-27T17:16:00,2,revise,active
9100PNKRDG,,,,Penkridge Rail Station,,,,,,-,,,,,,,E0051195,Penkridge,,,,,,,1,UKOS,392040,313990,-2.11929359212,52.72349946972,RLY,,,,,,110,2006-09-08T14:30:00,2007-09-26T13:00:00,1,revise,active
9100PNMNMWR,,,,Penmaenmawr Rail Station,,,,,,-,,,,,,,E0054182,Penmaenmawr,,,,,,,1,UKOS,271821,376557,-3.92351083801,53.27046542874,RLY,,,,,,110,2006-09-08T14:30:00,2007-09-26T13:00:00,1,revise,active
9100PNRHCBR,,,,Penrhiwceiber Rail Station,,,,,,-,,,,,,,E0054679,Penrhiwceiber,,,,,,,1,UKOS,306050,197670,-3.35994369051,51.66992219588,RLY,,,,,,110,2006-09-08T14:30:00,2007-09-26T13:00:00,1,revise,active
9100PNSHBUS,,,,Penshurst - Little Brown Jug PH,,,,,,-,,,,,,,E0047251,Penshurst,,,,,,,0,UKOS,551955,146505,0.17345423923,51.19756278238,BCQ,,,,,,110,2008-11-06T15:34:00,2009-08-21T13:15:00,2,revise,active
9100PNSHRST,,,,Penshurst Rail Station,,,,,,-,,,,,,,E0047251,Penshurst,,,,,,,1,UKOS,551957,146480,0.17347226859,51.19733761452,RLY,,,,,,110,2006-09-08T14:30:00,2007-09-26T13:00:00,1,revise,active
9100PNTADLS,,,,Pontarddulais Rail Station,,,,,,-,,,,,,,N0061353,Glanffrwd,,,,,,,1,UKOS,258790,204080,-4.04554335566,51.71762083173,RLY,,,,,,110,2006-09-08T14:30:00,2007-09-26T13:00:00,1,revise,active
9100PNTH,,,,Penrith North Lakes Rail Station,,,,,,-,,,,,,,E0055513,Penrith,,,,,,,1,UKOS,351145,529900,-2.75888068898,54.66180520707,RLY,,,,,,110,2006-09-08T14:30:00,2011-03-07T14:35:00,2,revise,active
9100PNTLTYN,,,,Pontlottyn Rail Station,,,,,,-,,,,,,,E0035768,Pontlottyn,,,,,,,1,UKOS,311800,206100,-3.27895585893,51.74663193594,RLY,,,,,,110,2006-09-08T14:30:00,2007-09-26T13:00:00,1,revise,active
9100PNTRBCH,,,,Pentre-Bach Rail Station,,,,,,-,,,,,,,N0071275,Pentrebach,,,,,,,1,UKOS,306000,203800,-3.36232056492,51.72501404502,RLY,,,,,,110,2006-09-08T14:30:00,2007-09-26T13:00:00,1,revise,active
9100PNTYFYN,,,,Pantyffynnon Rail Station,,,,,,-,,,,,,,E0036122,Pantyffynnon,Ammanford,,,,,,1,UKOS,262300,210800,-3.99742943826,51.77887755607,RLY,,,,,,110,2006-09-08T14:30:00,2007-09-26T13:00:00,1,revise,active
9100PNYF,,,,Penyffordd Rail Station,,,,,,-,,,,,,,E0054251,Penyffordd,,,,,,,1,UKOS,329540,361180,-3.0548382262,53.1430890633,RLY,,,,,,110,2006-09-08T14:30:00,2007-09-26T13:00:00,1,revise,active
9100PNYPANT,,,,Pont-y-Pant Rail Station,,,,,,-,,,,,,,E0036630,Pont-y-Pant,,,,,,,1,UKOS,275280,353610,-3.86272058653,53.06513187317,RLY,,,,,,110,2006-09-08T14:30:00,2007-09-26T13:00:00,1,revise,active
9100POKSDWN,,,,Pokesdown Rail Station,,,,,,-,,,,,,,E0035383,Pokesdown,Bournemouth,,,,,,1,UKOS,412440,92400,-1.82510204878,50.73108781649,RLY,,,,,,110,2006-09-08T14:30:00,2007-09-26T13:00:00,1,revise,active
9100POLGATE,,,,Polegate Rail Station,,,,,,-,,,,,,,E0046129,Polegate,,,,,,,1,UKOS,558238,104813,0.24514013218,50.82124535438,RLY,,,,,,110,2006-09-08T14:30:00,2010-07-23T13:47:00,2,revise,active
9100POLMONT,,,,Polmont Rail Station,,,,,,-,,,,,,,ES003047,Polmont,,,,,,,1,UKOS,293100,678190,-3.71497293123,55.98473703934,RLY,,,,,,110,2006-09-08T14:30:00,2007-09-26T13:00:00,1,revise,active
9100POLSBDG,,,,Polsloe Bridge Rail Station,,,,,,-,,,,,,,E0007715,Polsloe Bridge,Exeter,,,,,,1,UKOS,294097,93483,-3.5019471574,50.73128079331,RLY,,,,,,110,2006-09-08T14:30:00,2009-01-19T11:31:00,2,revise,active
9100PONTYPL,,,,Pontypool & New Inn Rail Station,,,,,,-,,,,,,,E0057271,Pontypool,,,,,,,1,UKOS,330000,200400,-3.01423630149,51.69796390733,RLY,,,,,,110,2006-09-08T14:30:00,2007-09-26T13:00:00,1,revise,active
9100PONYCLN,,,,Pontyclun Rail Station,,,,,,-,,,,,,,E0041686,Pontyclun,,,,,,,1,UKOS,303460,181459,-3.39291781927,51.52376766919,RLY,,,,,,110,2006-09-08T14:30:00,2007-09-26T13:00:00,1,revise,active
9100POOLE,,,,Poole Rail Station,,,,,,-,,,,,,,E0057224,Poole,,,,,,,1,UKOS,401274,91089,-1.98331750258,50.71942804247,RLY,,,,,,110,2006-09-08T14:30:00,2007-09-26T13:00:00,1,revise,active
9100POPLTON,,,,Poppleton Rail Station,,,,,,-,,,,,,,E0043611,Poppleton,York,,,,,,1,UKOS,455940,453650,-1.14859660402,53.9758978522,RLY,,,,,,110,2006-09-08T14:30:00,2009-10-15T16:37:00,2,revise,active
9100PORH,,,,Porth Rail Station,,,,,,-,,,,,,,E0054683,Porth,,,,,,,1,UKOS,302660,191350,-3.4071883218,51.61253690985,RLY,,,,,,110,2006-09-08T14:30:00,2007-09-26T13:00:00,1,revise,active
9100POSILPK,,,,Possilpark & Parkhouse Rail Station,,,,,,-,,,,,,,N0076070,Possil,Glasgow,,,,,,1,UKOS,258850,668640,-4.25851266807,55.89014455614,RLY,,,,,,110,2006-09-08T14:30:00,2011-07-07T15:00:00,4,revise,active
9100POTRSBR,,,,Potters Bar Rail Station,,,,,,-,,,,,,,E0014030,Potters Bar,,,,,,,1,UKOS,525010,201359,-0.19260545914,51.69706737121,RLY,,,,,,110,2006-09-08T14:30:00,2009-10-26T14:49:00,2,revise,active
9100POYNTON,,,,Poynton Rail Station,,,,,,-,,,,,,,E0057334,Poynton,,,,,,,0,UKOS,391150,383730,-2.13441012212,53.35038413597,RLY,,,,,,110,2006-09-08T14:30:00,2010-01-18T14:25:00,2,revise,active
9100PPAN,,,,Prestonpans Rail Station,,,,,,-,,,,,,,ES003084,Prestonpans,,,,,,,1,UKOS,339230,673770,-2.97476785123,55.95309850012,RLY,,,,,,110,2006-09-08T14:30:00,2007-09-26T13:00:00,1,revise,active
9100PREES,,,,Prees Rail Station,,,,,,-,,,,,,,E0050639,Prees,,,,,,,1,UKOS,353705,333763,-2.68966271628,52.89930472634,RLY,,,,,,110,2006-09-08T14:30:00,2011-09-30T11:02:00,2,revise,active
9100PRESCOT,,,,Prescot Rail Station,,,,,,-,,,,,,,E0052682,Prescot,,,Knowsley,,Prescot,,1,UKOS,346990,392160,-2.79917121477,53.42355847466,RLY,,,,,,110,2006-09-08T14:30:00,2007-09-26T13:00:00,1,revise,active
9100PRHN,,,,Penrhyndeudraeth Rail Station,,,,,,-,,,,,,,E0054313,Penrhyndeudraeth,,,,,,,1,UKOS,261320,338820,-4.06456249741,52.92882581014,RLY,,,,,,110,2006-09-08T14:30:00,2007-09-26T13:00:00,1,revise,active
9100PRINRIS,,,,Princes Risborough Rail Station,,,,,,-,,,,,,,E0043654,Princes Risborough,,,,,,,1,UKOS,479964,202758,-0.84388102288,51.71786030998,RLY,,,,,,110,2006-09-08T14:30:00,2007-09-26T13:00:00,1,revise,active
9100PRITLWL,,,,Prittlewell Rail Station,,,,,,-,,,,,,,E0042045,Prittlewell,Southend-on-Sea,,,,,,1,UKOS,588033,187015,0.71067614041,51.55068732035,RLY,,,,,,110,2006-09-08T14:30:00,2007-09-26T13:00:00,1,revise,active
9100PRKSTON,,,,Harwich International Rail Station,,,,,,-,,,,,,,N0077992,Harwich International Port,,,,,,,1,UKOS,623803,232649,1.25512449178,51.9472895019,RLY,,,,,,110,2006-09-08T14:30:00,2008-09-15T15:10:00,2,revise,active
9100PRSP,,,,Preston Park Rail Station,,,,,,-,,,,,,,E0057155,Brighton,,,,,,,1,UKOS,529975,106779,-0.15516756945,50.84594397294,RLY,,,,,,110,2006-09-08T14:30:00,2008-08-04T11:59:00,5,revise,active
9100PRSPBUS,,,,Preston Park - London Road,,,,,,-,,,,,,,E0057155,Brighton,,,,,,,0,UKOS,530230,106775,-0.15154891004,50.84585073,BCQ,,,,,,110,2008-11-06T15:36:00,2009-08-21T13:15:00,2,revise,active
9100PRST,,,,Preston Rail Station,,,,,,-,,,,,,,E0057520,Preston,,,,,,,1,UKOS,353409,429177,-2.70812786878,53.75685936622,RLY,,,,,,110,2006-09-08T14:30:00,2007-09-26T13:00:00,1,revise,active
9100PRTHHBR,,,,Porthmadog Harbour Ffestiniog Railway Station,,,,,,-,,,,,,,E0054316,Porthmadog,,,,,,,1,UKOS,257120,338410,-4.12681818026,52.92404097848,RLY,,,,,,110,2006-09-08T14:30:00,2007-09-26T13:00:00,2,revise,active
9100PRTHMDG,,,,Porthmadog Rail Station,,,,,,-,,,,,,,E0054316,Porthmadog,,,,,,,1,UKOS,256630,339190,-4.13444633758,52.93091708471,RLY,,,,,,110,2006-09-08T14:30:00,2007-09-26T13:00:00,2,revise,active
9100PRTSMTA,,,,Portsmouth Arms Rail Station,,,,,,-,,,,,,,N0078168,Kingford,,,,,,,1,UKOS,263100,119320,-3.95057946827,50.9570020795,RLY,,,,,,110,2006-09-08T14:30:00,2007-09-26T13:00:00,2,revise,active
9100PRUDHOE,,,,Prudhoe Rail Station,,,,,,-,,,,,,,E0050001,Prudhoe,,,,,,,1,UKOS,408750,563475,-1.86486554784,54.96582807481,RLY,,,,,,110,2006-09-08T14:30:00,2010-05-05T16:53:00,2,revise,active
9100PRYBR,,,,Perry Barr Rail Station,,,,,,-,,,,,,,E0031874,Perry Barr,Birmingham,,,,,,1,UKOS,406750,290960,-1.90196003454,52.51648555837,RLY,,,,,,110,2006-09-08T14:30:00,2007-09-26T13:00:00,1,revise,active
9100PRYN,,,,Penryn Rail Station,,,,,,-,,,,,,,E0044498,Penryn,,,,,,,1,UKOS,177900,34710,-5.11160741001,50.17071276666,RLY,,,,,,110,2006-09-08T14:30:00,2011-09-30T10:58:00,2,revise,active
9100PSBY,,,,Prestbury Rail Station,,,,,,-,,,,,,,E0044390,Prestbury,,,,,,,1,UKOS,390400,377390,-2.14548249893,53.29338287721,RLY,,,,,,110,2006-09-08T14:30:00,2007-09-26T13:00:00,1,revise,active
9100PSEA,,,,Portsmouth & Southsea Rail Station,,,,,,-,,,,,,,E0057225,Portsmouth,,,,,,,1,UKOS,464164,100275,-1.09091100881,50.79849536053,RLY,,,,,,110,2006-11-17T09:19:00,2007-09-26T13:00:00,1,revise,active
9100PSLDAWH,,,,Portslade Rail Station,,,,,,-,,,,,,,E0057157,Portslade,Hove,,,,,,1,UKOS,526471,105551,-0.20533641991,50.83568251454,RLY,,,,,,110,2006-09-08T14:30:00,2007-09-26T13:00:00,1,revise,active
9100PSLT,,,,Port Sunlight Rail Station,,,,,,-,,,,,,,E0029855,Port Sunlight,,,Wirral,,Port Sunlight,,1,UKOS,333660,384060,-2.99802912874,53.34925120099,RLY,,,,,,110,2006-09-08T14:30:00,2007-09-26T13:00:00,1,revise,active
9100PSLYCAN,,,,Paisley Canal Rail Station,,,,,,-,,,,,,,ES002954,Paisley,,,,,,,1,UKOS,248300,663420,-4.42411738368,55.84007706237,RLY,,,,,,110,2006-09-08T14:30:00,2011-08-22T14:06:00,2,revise,active
9100PSLYGST,,,,Paisley Gilmour Street Rail Station,,,,,,-,,,,,,,ES002954,Paisley,,,,,,,1,UKOS,248304,664230,-4.42450637875,55.84734957485,RLY,,,,,,110,2006-09-08T14:30:00,2007-09-26T13:00:00,1,revise,active
9100PSLYSTJ,,,,Paisley St James Rail Station,,,,,,-,,,,,,,ES002954,Paisley,,,,,,,1,UKOS,247200,664800,-4.44244294386,55.85211776119,RLY,,,,,,110,2006-09-08T14:30:00,2007-09-26T13:00:00,1,revise,active
9100PSRN,,,,Pensarn (Gwynedd) Rail Station,,,,,,-,,,,,,,N0071238,Pen-Sarn,,,,,,,1,UKOS,257800,328000,-4.11215971635,52.83070621031,RLY,,,,,,110,2006-09-08T14:30:00,2010-07-05T19:17:00,3,revise,active
9100PSTA,,,,Prestatyn Rail Station,,,,,,-,,,,,,,E0054218,Prestatyn,,,,,,,1,UKOS,306400,383100,-3.40713173759,53.33649760564,RLY,,,,,,110,2006-09-08T14:30:00,2007-09-26T13:00:00,1,revise,active
9100PSTONE,,,,Parkstone (Dorset) Rail Station,,,,,,-,,,,,,,E0040701,Parkstone,Poole,,,,,,1,UKOS,403770,91485,-1.94795647998,50.72297879921,RLY,,,,,,110,2006-09-08T14:30:00,2011-01-24T11:20:00,2,revise,active
9100PTALBOT,,,,Port Talbot Parkway Rail Station,,,,,,-,,,,,,,N0078801,Port Talbot,,,,,,,1,UKOS,276700,189600,-3.78131427074,51.59171799928,RLY,,,,,,110,2006-09-08T14:30:00,2011-06-30T14:51:00,2,revise,active
9100PTCK,,,,Partick Rail Station,,,,,,-,,,,,,,ES002978,Partick,Glasgow,,,,,,1,UKOS,255630,666490,-4.30880630356,55.86988799269,RLY,,,,,,110,2006-09-08T14:30:00,2007-09-26T13:00:00,1,revise,active
9100PTFTBHL,,,,Pontefract Baghill Rail Station,,,,,,-,,,,,,,E0033397,Pontefract,,,,,,,1,UKOS,446100,421940,-1.30335277828,53.69188164743,RLY,,,,,,110,2006-09-08T14:30:00,2007-09-26T13:00:00,1,revise,active
9100PTFTMHL,,,,Pontefract Monkhill Rail Station,,,,,,-,,,,,,,E0033397,Pontefract,,,,,,,1,UKOS,446070,422730,-1.30368993226,53.69898436955,RLY,,,,,,110,2006-09-08T14:30:00,2010-07-23T14:08:00,2,revise,active
9100PTFTTSF,,,,Pontefract Tanshelf Rail Station,,,,,,-,,,,,,,E0033397,Pontefract,,,,,,,1,UKOS,445070,422180,-1.318914751,53.69412829842,RLY,,,,,,110,2006-09-08T14:30:00,2007-09-26T13:00:00,1,revise,active
9100PTGLSGW,,,,Port Glasgow Rail Station,,,,,,-,,,,,,,ES003052,Port Glasgow,,,,,,,1,UKOS,232070,674430,-4.68982570776,55.93351495589,RLY,,,,,,110,2006-09-08T14:30:00,2007-09-26T13:00:00,1,revise,active
9100PTLCHRY,,,,Pitlochry Rail Station,,,,,,-,,,,,,,ES003027,Pitlochry,,,,,,,1,UKOS,293830,758100,-3.735570259,56.70250105736,RLY,,,,,,110,2006-09-08T14:30:00,2007-09-26T13:00:00,1,revise,active
9100PTRCRFT,,,,Patricroft Rail Station,,,,,,-,,,,,,,E0029193,Patricroft,Eccles,,,,,,1,UKOS,376325,398733,-2.3582446404,53.48477735199,RLY,,,,,,110,2006-09-08T14:30:00,2008-12-24T15:30:00,2,revise,active
9100PTRSFLD,,,,Petersfield Rail Station,,,,,,-,,,,,,,E0046774,Petersfield,,,,,,,1,UKOS,474387,123571,-0.94113669019,51.00672632102,RLY,,,,,,110,2006-11-17T09:19:00,2007-09-26T13:00:00,1,revise,active
9100PTYPRID,,,,Pontypridd Rail Station,,,,,,-,,,,,,,E0054682,Pontypridd,,,,,,,1,UKOS,307190,189800,-3.34137470984,51.59937017229,RLY,,,,,,110,2006-09-08T14:30:00,2007-09-26T13:00:00,1,revise,active
9100PULBRO,,,,Pulborough Rail Station,,,,,,-,,,,,,,E0052167,Pulborough,,,,,,,1,UKOS,504285,118595,-0.51655772831,50.95735889379,RLY,,,,,,110,2006-09-08T14:30:00,2007-09-26T13:00:00,1,revise,active
9100PURFLET,,,,Purfleet Rail Station,,,,,,-,,,,,,,N0060757,Purfleet,,,,,,,1,UKOS,555417,178156,0.23676701853,51.4810133792,RLY,,,,,,110,2006-09-08T14:30:00,2007-09-26T13:00:00,1,revise,active
9100PURLEY,,,,Purley Rail Station,,,,,,-,,,,,,,E0034228,Purley,London,,,,,,1,UKOS,531470,161520,-0.11403537395,51.33757870749,RLY,,,,,,110,2006-09-08T14:30:00,2010-05-27T17:17:00,2,revise,active
9100PURLEYO,,,,Purley Oaks Rail Station,,,,,,-,,,,,,,E0034228,Purley,London,,,,,,1,UKOS,532500,162600,-0.09885607101,51.34704550755,RLY,,,,,,110,2006-09-08T14:30:00,2007-09-26T13:00:00,1,revise,active
9100PUTNEY,,,,Putney Rail Station,,,,,,-,,,,,,,E0034898,Putney,London,,,,,,1,UKOS,524000,175100,-0.21647453579,51.46130262948,RLY,,,,,,110,2006-09-08T14:30:00,2007-09-26T13:00:00,1,revise,active
9100PVNSYAW,,,,Pevensey & Westham Rail Station,,,,,,-,,,,,,,E0046136,Westham,Pevensey,,,,,,1,UKOS,563868,104381,0.32480749955,50.81579922031,RLY,,,,,,110,2006-09-08T14:30:00,2008-08-04T11:13:00,2,revise,active
9100PVNSYBY,,,,Pevensey Bay Rail Station,,,,,,-,,,,,,,E0010892,Pevensey Bay,Pevensey,,,,,,1,UKOS,565137,104606,0.34290666276,50.81746069847,RLY,,,,,,110,2006-09-08T14:30:00,2007-09-26T13:00:00,1,revise,active
9100PWCK,,,,Prestwick Rail Station,,,,,,-,,,,,,,ES003088,Prestwick,,,,,,,1,UKOS,234920,626210,-4.61515630563,55.50169765319,RLY,,,,,,110,2006-09-08T14:30:00,2007-09-26T13:00:00,1,revise,active
9100PWCKAPT,,,,Prestwick Intl Airport Rail Station,,,,,,-,,,,,,,ES003088,Prestwick,,,,,,,1,UKOS,235013,627024,-4.61417005661,55.50903557273,RLY,,,,,,110,2006-09-08T14:30:00,2007-09-26T13:00:00,1,revise,active
9100PWLHELI,,,,Pwllheli Rail Station,,,,,,-,,,,,,,E0054317,Pwllheli,,,,,,,1,UKOS,237500,335000,-4.41669751279,52.88783440984,RLY,,,,,,110,2006-09-08T14:30:00,2007-09-26T13:00:00,1,revise,active
9100PWTH,,,,Polesworth Rail Station,,,,,,-,,,,,,,E0056770,Polesworth,,,,,,,1,UKOS,426460,303190,-1.61054009121,52.62583218062,RLY,,,,,,110,2006-09-08T14:30:00,2010-11-08T15:12:00,2,revise,active
9100PYBONT,,,,Pen-y-Bont Rail Station,,,,,,-,,,,,,,E0054642,Penybont,,,,,,,1,UKOS,309900,264800,-3.32193104536,52.27394302452,RLY,,,,,,110,2006-09-08T14:30:00,2007-09-26T13:00:00,1,revise,active
9100PYECRNR,,,,Pye Corner Rail Station,,,,,,-,,,,,,,E0039788,Pye Corner,Newport,,,,,,0,UKOS,327951,187471,-3.04121211895,51.58147562023,RLY,,,,,,110,2016-01-22T11:29:00,2016-01-22T11:31:00,1,revise,active
9100PYLE,,,,Pyle Rail Station,,,,,,-,,,,,,,E0035495,Pyle,,,,,,,1,UKOS,282297,182125,-3.698052219,51.52573530739,RLY,,,,,,110,2006-09-08T14:30:00,2007-09-26T13:00:00,1,revise,active
9100QNTRLDW,,,,Quintrell Downs Rail Station,,,,,,-,,,,,,,E0004667,Quintrell Downs,,,,,,,1,UKOS,184890,60405,-5.02849134407,50.40405475749,RLY,,,,,,110,2006-09-08T14:30:00,2011-09-30T10:58:00,3,revise,active
9100QPRK,,,,Queens Park (London) Rail Station,,,,,,-,,,,,,,N0065191,Queens Park,London,,,,,,1,UKOS,524600,183200,-0.20498477692,51.5339661708,RLY,,,,,,110,2006-09-08T14:30:00,2014-06-06T14:40:00,2,revise,active
9100QTRDBAT,,,,Queenstown Road (Battersea) Rail Station,,,,,,-,,,,,,,E0034886,Battersea,London,,,,,,1,UKOS,528810,176740,-0.14667813927,51.47496787553,RLY,,,,,,110,2006-09-08T14:30:00,2010-08-02T15:05:00,3,revise,active
9100QUAKRSY,,,,Quakers Yard Rail Station,,,,,,-,,,,,,,E0039224,Quakers Yard,,,,,,,1,UKOS,308600,196600,-3.3228004364,51.66072532418,RLY,,,,,,110,2006-09-08T14:30:00,2007-09-26T13:00:00,1,revise,active
9100QUENBRO,,,,Queenborough Rail Station,,,,,,-,,,,,,,E0047316,Queenborough,,,,,,,1,UKOS,591300,172100,0.7496662007,51.41563694833,RLY,,,,,,110,2006-09-08T14:30:00,2007-09-26T13:00:00,1,revise,active
9100QUNPARK,,,,Queens Park (Glasgow) Rail Station,,,,,,-,,,,,,,ES003096,Queens Park,Glasgow,,,,,,1,UKOS,258135,662555,-4.26674995821,55.83530428597,RLY,,,,,,110,2006-09-08T14:30:00,2011-07-07T13:51:00,4,revise,active
9100RADLETT,,,,Radlett Rail Station,,,,,,-,,,,,,,E0014032,Radlett,,,,,,,1,UKOS,516427,199832,-0.31724370109,51.68518798397,RLY,,,,,,110,2006-09-08T14:30:00,2007-09-26T13:00:00,1,revise,active
9100RADNOT,,,,Radcliffe (Notts) Rail Station,,,,,,-,,,,,,,E0050223,Radcliffe on Trent,,,,,,,1,UKOS,464780,339478,-1.0373279401,52.94878536482,RLY,,,,,,110,2006-09-08T14:30:00,2011-01-24T11:20:00,2,revise,active
9100RADYR,,,,Radyr Rail Station,,,,,,-,,,,,,,E0035854,Radyr,Cardiff,,,,,,1,UKOS,313475,180450,-3.24835281841,51.51632271675,RLY,,,,,,110,2006-09-08T14:30:00,2011-03-24T16:43:00,2,revise,active
9100RAINHMK,,,,Rainham (Kent) Rail Station,,,,,,-,,,,,,,E0039141,Rainham,,,,,,,1,UKOS,581878,166263,0.61133719474,51.3663059396,RLY,,,,,,110,2006-09-08T14:30:00,2007-09-26T13:00:00,1,revise,active
9100RAMSGTE,,,,Ramsgate Rail Station,,,,,,-,,,,,,,E0015445,Ramsgate,,,,,,,1,UKOS,637348,165700,1.4064671553,51.34080451766,RLY,,,,,,110,2006-11-17T09:19:00,2010-10-13T14:38:00,2,revise,active
9100RANNOCH,,,,Rannoch Rail Station,,,,,,-,,,,,,,N0073316,Rannoch,,,,,,,1,UKOS,242260,757890,-4.57686961119,56.6860458578,RLY,,,,,,110,2006-09-08T14:30:00,2007-09-26T13:00:00,1,revise,active
9100RAUCEBY,,,,Rauceby Rail Station,,,,,,-,,,,,,,E0048076,South Rauceby,,,,,,,1,UKOS,503710,344210,-0.45660612722,52.98520453691,RLY,,,,,,110,2006-09-08T14:30:00,2008-10-28T09:06:00,2,revise,active
9100RAWCLIF,,,,Rawcliffe Rail Station,,,,,,-,,,,,,,E0053098,Rawcliffe,,,,,,,1,UKOS,468720,421900,-0.96086312528,53.68904131969,RLY,,,,,,110,2006-09-08T14:30:00,2007-09-26T13:00:00,1,revise,active
9100RAYLEGH,,,,Rayleigh Rail Station,,,,,,-,,,,,,,E0057397,Rayleigh,,,,,,,1,UKOS,580207,191029,0.59998347987,51.58929327233,RLY,,,,,,110,2006-09-08T14:30:00,2008-10-17T14:45:00,2,revise,active
9100RAYNSPK,,,,Raynes Park Rail Station,,,,,,-,,,,,,,E0034690,Raynes Park,London,,,,,,1,UKOS,523190,169280,-0.2301507749,51.4091734404,RLY,,,,,,110,2006-09-08T14:30:00,2010-05-27T17:18:00,2,revise,active
9100RBRN,,,,Ravensbourne Rail Station,,,,,,-,,,,,,,N0075219,Bromley Park,Bromley,,,,,,1,UKOS,538655,170235,-0.00755674292,51.41418835715,RLY,,,,,,110,2006-09-08T14:30:00,2010-05-10T19:43:00,3,revise,active
9100RBRTSBD,,,,Robertsbridge Rail Station,,,,,,-,,,,,,,E0010669,Robertsbridge,,,,,,,1,UKOS,573380,123515,0.46878255182,50.98493334546,RLY,,,,,,110,2006-09-08T14:30:00,2007-09-26T13:00:00,1,revise,active
9100RBRYSTN,,,,Robroyston Railway Station,,,,,,Bogside Road,,,,,,,N0068199,Robroyston,Glasgow,,,,,,0,UKOS,264291,668204,-4.17136594603,55.88779459765,RLY,,,,,,110,2019-12-10T09:16:00,2019-12-10T09:16:00,1,new,active
9100RCHDALE,,,,Rochdale Rail Station,,,,,,-,,,,,,,E0057799,Rochdale,,,,,,,1,UKOS,389940,412650,-2.15352414654,53.61030684375,RLY,,,,,,110,2006-09-08T14:30:00,2007-09-26T13:00:00,1,revise,active
9100RCHE,,,,Roche Rail Station,,,,,,-,,,,,,,E0044646,Roche,,,,,,,1,UKOS,199040,61460,-4.83019761442,50.41854214282,RLY,,,,,,110,2006-09-08T14:30:00,2011-09-30T10:58:00,2,revise,active
9100RCHT,,,,Rochester Rail Station,,,,,,-,,,,,,,N0072095,Rochester,,,,,,,1,UKOS,574517,168605,0.50685493421,51.38965200015,RLY,,,,,,110,2006-09-08T14:30:00,2016-09-27T00:00:00,2,revise,active
9100RCKMNSW,,,,Rickmansworth Rail Station,,,,,,-,,,,,,,E0014280,Rickmansworth,,,,,,,1,UKOS,505745,194597,-0.4732824467,51.64024677445,RLY,,,,,,110,2006-09-08T14:30:00,2007-09-26T13:00:00,1,revise,active
9100RCTRYRD,,,,Rectory Road Rail Station,,,,,,-,,,,,,,E0034369,Stoke Newington,London,,,,,,1,UKOS,534010,186170,-0.06826687685,51.55850232927,RLY,,,,,,110,2006-09-08T14:30:00,2010-05-27T17:18:00,2,revise,active
9100RDHAMN,,,,Reedham (Norfolk) Rail Station,,,,,,-,,,,,,,E0048483,Reedham,,,,,,,1,UKOS,641350,302250,1.55965140119,52.56450373443,RLY,,,,,,110,2006-09-08T14:30:00,2007-09-26T13:00:00,1,revise,active
9100RDIT,,,,Redditch Rail Station,,,,,,-,,,,,,,E0057709,Redditch,,,,,,,1,UKOS,403810,267575,-1.94554298886,52.3062809044,RLY,,,,,,110,2006-09-08T14:30:00,2012-03-13T12:52:00,2,revise,active
9100RDLEY,,,,Radley Rail Station,,,,,,-,,,,,,,E0050464,Radley,,,,,,,1,UKOS,452603,198878,-1.24048200823,51.68620591543,RLY,,,,,,110,2006-09-08T14:30:00,2007-09-26T13:00:00,1,revise,active
9100RDLSDWN,,,,Riddlesdown Rail Station,,,,,,-,,,,,,,E0034228,Purley,London,,,,,,1,UKOS,532505,160980,-0.09938662481,51.33248579407,RLY,,,,,,110,2006-09-08T14:30:00,2010-05-27T17:20:00,2,revise,active
9100RDNG4AB,,,,Reading Rail Station,,,,,,-,,,,,,,N0071726,Reading,,,,,,,1,UKOS,471528,173813,-0.97186318217,51.45878614285,RLY,,,,,,110,2006-09-08T14:30:00,2009-04-14T16:39:00,3,revise,active
9100RDNGBUS,,,,Reading Rail Station - buses,,,,,,-,,,,,,,N0071726,Reading,,,,,,,0,UKOS,471543,173742,-0.97166166045,51.45814595469,BCQ,,,,,,110,2012-10-05T13:50:00,2013-04-04T14:57:00,3,revise,active
9100RDNGSTN,,,,Reading Rail Station,,,,,,-,,,,,,,N0071726,Reading,,,,,,,1,UKOS,471529,173813,-0.97184879131,51.45878601669,RLY,,,,,,110,2006-09-08T14:30:00,2007-11-13T16:00:00,2,revise,active
9100REDBDGE,,,,Redbridge (Hants) Rail Station,,,,,,-,,,,,,,E0042016,Redbridge,Southampton,,,,,,1,UKOS,437340,113520,-1.47015976133,50.91993944461,RLY,,,,,,110,2006-09-08T14:30:00,2010-12-23T14:11:00,2,revise,active
9100REDCARC,,,,Redcar Central Rail Station,,,,,,-,,,,,,,E0041561,Redcar,,,,,,,1,UKOS,460100,524960,-1.07086756207,54.61622658986,RLY,,,,,,110,2006-09-08T14:30:00,2007-09-26T13:00:00,1,revise,active
9100REDCARE,,,,Redcar East Rail Station,,,,,,-,,,,,,,E0041561,Redcar,,,,,,,1,UKOS,461310,524200,-1.0522921733,54.60925244142,RLY,,,,,,110,2006-09-08T14:30:00,2007-09-26T13:00:00,1,revise,active
9100REDCBSC,,,,British Steel Redcar Rail Station,,,,,,-,,,,,,,E0041561,Redcar,,,,,,,1,UKOS,457410,524220,-1.11266116496,54.60988955175,RLY,,,,,,110,2006-09-08T14:30:00,2007-09-26T13:00:00,1,revise,active
9100REDGWST,,,,Reading West Rail Station,,,,,,-,,,,,,,N0071726,Reading,,,,,,,1,UKOS,470264,173430,-0.99012928003,51.45550097681,RLY,,,,,,110,2006-09-08T14:30:00,2011-02-07T16:38:00,2,revise,active
9100REDHILL,,,,Redhill Rail Station,,,,,,-,,,,,,,E0025563,Redhill,,,,,,,1,UKOS,528128,150600,-0.1658998783,51.2402011257,RLY,,,,,,110,2006-09-08T14:30:00,2007-09-26T13:00:00,1,revise,active
9100REDISHN,,,,Reddish North Rail Station,,,,,,-,,,,,,,E0029156,North Reddish,Reddish,,,,,,1,UKOS,389720,394750,-2.15625496601,53.44941148806,RLY,,,,,,110,2006-11-29T00:00:00,2007-09-26T13:00:00,1,revise,active
9100REDISHS,,,,Reddish South Rail Station,,,,,,-,,,,,,,E0029245,South Reddish,Reddish,,,,,,1,UKOS,389550,393250,-2.15876432556,53.43592542169,RLY,,,,,,110,2006-09-08T14:30:00,2008-12-24T15:30:00,2,revise,active
9100REDLAND,,,,Redland Rail Station,,,,,,-,,,,,,,E0035635,Redland,Bristol,,,,,,1,UKOS,358480,174550,-2.5991234231,51.46838623363,RLY,,,,,,110,2006-09-08T14:30:00,2007-09-26T13:00:00,1,revise,active
9100REDRUTH,,,,Redruth Rail Station,,,,,,-,,,,,,,E0044542,Redruth,,,,,,,1,UKOS,170040,42009,-5.22591532376,50.23325331529,RLY,,,,,,110,2006-09-08T14:30:00,2007-09-26T13:00:00,1,revise,active
9100REEDHMS,,,,Reedham (Surrey) Rail Station,,,,,,-,,,,,,,E0034228,Purley,London,,,,,,1,UKOS,530835,160785,-0.12341575326,51.3311196932,RLY,,,,,,110,2006-09-08T14:30:00,2009-12-10T14:22:00,3,revise,active
9100REIGATE,,,,Reigate Rail Station,,,,,,-,,,,,,,E0025564,Reigate,,,,,,,1,UKOS,525476,150730,-0.20382505851,51.24195838766,RLY,,,,,,110,2006-09-08T14:30:00,2007-09-26T13:00:00,1,revise,active
9100RENTON,,,,Renton Rail Station,,,,,,-,,,,,,,ES003134,Renton,,,,,,,1,UKOS,238700,678290,-4.58612570833,55.97043117831,RLY,,,,,,110,2006-09-08T14:30:00,2007-09-26T13:00:00,1,revise,active
9100RGHTNRD,,,,Roughton Road Rail Station,,,,,,-,,,,,,,E0048645,Cromer,,,,,,,1,UKOS,621940,340720,1.29979422452,52.91801973398,RLY,,,,,,110,2006-09-08T14:30:00,2009-03-06T16:59:00,2,revise,active
9100RGLS,,,,Ravenglass Rail Station,,,,,,-,,,,,,,E0005682,Ravenglass,,,,,,,1,UKOS,308540,496490,-3.40881368272,54.35570723393,RLY,,,,,,110,2006-09-08T14:30:00,2011-03-07T14:35:00,2,revise,active
9100RHIL,,,,Rainhill Rail Station,,,,,,-,,,,,,,E0052697,Rainhill,,,St. Helens,,Rainhill,,1,UKOS,349160,391420,-2.76640023607,53.41712164479,RLY,,,,,,110,2006-09-08T14:30:00,2007-09-26T13:00:00,1,revise,active
9100RHIWBNA,,,,Rhiwbina Rail Station,,,,,,-,,,,,,,E0054019,Rhiwbina,Cardiff,,,,,,1,UKOS,315870,180950,-3.2139651199,51.52117967128,RLY,,,,,,110,2006-09-08T14:30:00,2007-09-26T13:00:00,1,revise,active
9100RHOOSE,,,,Rhoose Rail Station,,,,,,-,,,,,,,E0054768,Rhoose,,,,,,,1,UKOS,306200,166200,-3.34938388029,51.3870663865,RLY,,,,,,110,2006-09-08T14:30:00,2007-09-26T13:00:00,1,revise,active
9100RHOSNGR,,,,Rhosneigr Rail Station,,,,,,-,,,,,,,E0038779,Rhosneigr,,,,,,,1,UKOS,232800,373800,-4.50664188013,53.2348376564,RLY,,,,,,110,2006-09-08T14:30:00,2007-09-26T13:00:00,1,revise,active
9100RHYL,,,,Rhyl Rail Station,,,,,,-,,,,,,,E0054220,Rhyl,,,,,,,1,UKOS,300900,381200,-3.48910526345,53.31842234441,RLY,,,,,,110,2006-09-08T14:30:00,2007-09-26T13:00:00,1,revise,active
9100RHYMNEY,,,,Rhymney Rail Station,,,,,,-,,,,,,,E0053991,Rhymney,,,,,,,1,UKOS,311110,207470,-3.28929833943,51.75883740042,RLY,,,,,,110,2006-09-08T14:30:00,2007-09-26T13:00:00,1,revise,active
9100RIBLHED,,,,Ribblehead Rail Station,,,,,,-,,,,,,,E0018440,Chapel-le-Dale,,,,,,,1,UKOS,376560,478960,-2.36085578685,54.20584476619,RLY,,,,,,110,2006-09-08T14:30:00,2007-09-26T13:00:00,1,revise,active
9100RICELA,,,,Rice Lane Rail Station,,,,,,-,,,,,,,E0029839,Orrell Park,Walton,,Liverpool,,Walton,,1,UKOS,336200,396100,-2.9623183852,53.45777114192,RLY,,,,,,110,2006-09-08T14:30:00,2008-02-07T11:19:00,2,revise,active
9100RICHMND,,,,Richmond (London) Rail Station,,,,,,-,,,,,,,E0034774,Richmond,London,,,,,,1,UKOS,518085,175155,-0.30155834819,51.46306062315,RLY,,,,,,110,2006-09-08T14:30:00,2010-05-27T17:19:00,3,revise,active
9100RICHNLL,,,,Richmond NLL Rail Station,,,,,,-,,,,,,,E0034774,Richmond,London,,,,,,1,UKOS,518095,175165,-0.30141112933,51.46314841448,RLY,,,,,,110,2006-09-08T14:30:00,2010-05-27T17:19:00,7,revise,active
9100RIDGMNT,,,,Ridgmont Rail Station,,,,,,-,,,,,,,E0043910,Ridgmont,,,,,,,1,UKOS,496525,237375,-0.59455694955,52.02640284634,RLY,,,,,,110,2006-09-08T14:30:00,2007-09-26T13:00:00,1,revise,active
9100RIDNGML,,,,Riding Mill Rail Station,,,,,,-,,,,,,,E0020212,Riding Mill,,,,,,,1,UKOS,401920,561565,-1.97155498582,54.94873591698,RLY,,,,,,110,2006-09-08T14:30:00,2010-12-20T11:21:00,2,revise,active
9100RISCA,,,,Risca & Pontymister Rail Station,,,,,,-,,,,,,,E0035769,Pontymister,,,,,,,0,UKOS,324458,190233,-3.09220929186,51.60584705043,RLY,,,,,,110,2008-01-10T13:35:00,2008-04-18T11:46:00,2,revise,active
9100RISHTON,,,,Rishton Rail Station,,,,,,-,,,,,,,E0015920,Rishton,,,,,,,1,UKOS,372400,429800,-2.42015767014,53.76381477062,RLY,,,,,,110,2006-09-08T14:30:00,2011-02-07T16:34:00,2,revise,active
9100RMSWILP,,,,Ramsgreave & Wilpshire Rail Station,,,,,,-,,,,,,,E0047531,Wilpshire,,,,,,,1,UKOS,368590,431600,-2.47813524356,53.77977599361,RLY,,,,,,110,2006-09-08T14:30:00,2011-02-07T16:35:00,2,revise,active
9100RNFD,,,,Rainford Rail Station,,,,,,-,,,,,,,E0052696,Rainford,,,St. Helens,,Rainford,,1,UKOS,347750,402560,-2.78946905426,53.51710547926,RLY,,,,,,110,2006-09-08T14:30:00,2007-09-26T13:00:00,1,revise,active
9100RNHAME,,,,Rainham (London) Rail Station,,,,,,-,,,,,,,E0034469,Rainham,London,,,,,,1,UKOS,552095,182030,0.19063351677,51.51672311682,RLY,,,,,,110,2006-09-08T14:30:00,2010-05-27T17:17:00,2,revise,active
9100ROBY,,,,Roby Rail Station,,,,,,-,,,,,,,E0029867,Roby,Huyton,,Knowsley,,Roby,,1,UKOS,343200,390700,-2.85593353755,53.41004137491,RLY,,,,,,110,2006-09-08T14:30:00,2007-09-26T13:00:00,1,revise,active
9100ROCHFD,,,,Rochford Rail Station,,,,,,-,,,,,,,E0057398,Rochford,,,,,,,1,UKOS,587325,190445,0.70230335294,51.58172869681,RLY,,,,,,110,2006-09-08T14:30:00,2007-09-26T13:00:00,1,revise,active
9100ROCKFRY,,,,Rock Ferry Rail Station,,,,,,-,,,,,,,E0029868,Rock Ferry,Birkenhead,,Wirral,,Rock Ferry,,1,UKOS,332845,386675,-3.01082627118,53.37264974405,RLY,,,,,,110,2006-09-08T14:30:00,2009-11-27T15:28:00,3,revise,active
9100ROGART,,,,Rogart Rail Station,,,,,,-,,,,,,,ES003162,Rogart,,,,,,,1,UKOS,272500,901980,-4.15818494724,57.98871247371,RLY,,,,,,110,2006-09-08T14:30:00,2007-09-26T13:00:00,1,revise,active
9100ROGRSTN,,,,Rogerstone Rail Station,,,,,,-,,,,,,,E0054462,Rogerstone,,,,,,,0,UKOS,326214,189069,-3.06661248891,51.59561618022,RLY,,,,,,110,2008-01-10T13:37:00,2008-01-10T13:55:00,1,revise,active
9100ROHL,,,,Rose Hill Marple Rail Station,,,,,,-,,,,,,,N0075134,Rose Hill,Marple,,,,,,1,UKOS,395009,388824,-2.07652149838,53.39622334133,RLY,,,,,,110,2006-09-08T14:30:00,2008-12-24T15:31:00,3,revise,active
9100ROLSTN,,,,Rolleston Rail Station,,,,,,-,,,,,,,E0050169,Rolleston,,,,,,,1,UKOS,473830,352570,-0.8996746998,53.0652828965,RLY,,,,,,110,2006-09-08T14:30:00,2011-01-24T11:20:00,2,revise,active
9100ROMANBG,,,,Roman Bridge Rail Station,,,,,,-,,,,,,,E0054163,Dolwyddelan,,,,,,,1,UKOS,271270,351410,-3.9216479488,53.0444153394,RLY,,,,,,110,2006-09-08T14:30:00,2007-09-26T13:00:00,1,revise,active
9100ROMFORD,,,,Romford Rail Station,,,,,,-,,,,,,,E0034470,Romford,London,,,,,,1,UKOS,551389,188476,0.18323743946,51.57482905726,RLY,,,,,,110,2006-09-08T14:30:00,2007-09-26T13:00:00,1,revise,active
9100ROMILEY,,,,Romiley Rail Station,,,,,,-,,,,,,,E0029261,Romiley,,,,,,,1,UKOS,394160,390804,-2.0893264826,53.41401175337,RLY,,,,,,110,2006-09-08T14:30:00,2008-12-24T15:31:00,2,revise,active
9100ROMSEY,,,,Romsey Rail Station,,,,,,-,,,,,,,E0046889,Romsey,,,,,,,1,UKOS,435669,121581,-1.49314348189,50.99252896737,RLY,,,,,,110,2006-09-08T14:30:00,2007-09-26T13:00:00,1,revise,active
9100ROOSE,,,,Roose Rail Station,,,,,,-,,,,,,,E0005193,Roose,,,,,,,1,UKOS,322010,469470,-3.19456868821,54.11516500958,RLY,,,,,,110,2006-09-08T14:30:00,2007-09-26T13:00:00,1,revise,active
9100ROSG,,,,Rose Grove Rail Station,,,,,,-,,,,,,,E0015758,Rose Grove,Burnley,,,,,,1,UKOS,381465,432245,-2.28279636854,53.78619349001,RLY,,,,,,110,2006-09-08T14:30:00,2011-02-07T16:35:00,2,revise,active
9100ROSYTH,,,,Rosyth Rail Station,,,,,,-,,,,,,,ES003200,Rosyth,,,,,,,1,UKOS,311186,684546,-3.4273060896,56.0455170078,RLY,,,,,,110,2006-09-08T14:30:00,2007-10-11T13:00:00,2,revise,active
9100ROTHCEN,,,,Rotherham Central Rail Station,,,,,,-,,,,,,,N0077772,Rotherham,,,,,,,1,UKOS,442590,393020,-1.36043453053,53.43225319174,RLY,,,,,,110,2006-09-08T14:30:00,2014-02-05T16:34:00,2,revise,active
9100ROWLEYR,,,,Rowley Regis Rail Station,,,,,,-,,,,,,,E0031920,Rowley Regis,Oldbury,,,,,,1,UKOS,398000,286600,-2.03087492352,52.47732574583,RLY,,,,,,110,2006-09-08T14:30:00,2007-09-26T13:00:00,1,revise,active
9100ROYBDGE,,,,Roy Bridge Rail Station,,,,,,-,,,,,,,N0067976,Roybridge,,,,,,,1,UKOS,227250,781030,-4.83724209448,56.8883640681,RLY,,,,,,110,2006-09-08T14:30:00,2007-09-26T13:00:00,1,revise,active
9100ROYDON,,,,Roydon Rail Station,,,,,,-,,,,,,,E0046293,Roydon,,,,,,,1,UKOS,540582,210496,0.036251791,51.77548673873,RLY,,,,,,110,2006-09-08T14:30:00,2007-09-26T13:00:00,1,revise,active
9100ROYSTON,,,,Royston Rail Station,,,,,,-,,,,,,,E0047044,Royston,,,,,,,1,UKOS,535387,241247,-0.0269213961,52.05308008139,RLY,,,,,,110,2006-09-08T14:30:00,2007-09-26T13:00:00,1,revise,active
9100RSKNGTN,,,,Ruskington Rail Station,,,,,,-,,,,,,,E0056236,Ruskington,,,,,,,1,UKOS,508660,350580,-0.38076210582,53.0414629136,RLY,,,,,,110,2006-09-08T14:30:00,2007-09-26T13:00:00,1,revise,active
9100RTFD,,,,Retford Rail Station,,,,,,-,,,,,,,E0020454,Retford,,,,,,,1,UKOS,470191,380318,-0.94788397913,53.31515394743,RLY,,,,,,110,2006-09-08T14:30:00,2007-09-26T13:00:00,1,revise,active
9100RTFDLL,,,,Retford Low Level Rail Station,,,,,,-,,,,,,,E0020454,Retford,,,,,,,1,UKOS,470400,380200,-0.94477359026,53.31406576539,RLY,,,,,,110,2006-09-08T14:30:00,2009-04-14T16:23:00,3,revise,active
9100RTHERHI,,,,Rotherhithe Rail Station,,,,,,-,,,,,,,E0034802,Rotherhithe,London,,,,,,0,UKOS,535305,179785,-0.05204849616,51.50081650932,RLY,,,,,,110,2010-04-12T17:35:00,2010-04-12T17:37:00,1,revise,active
9100RTHERI,,,,Rotherhithe Rail Station,,,,,,-,,,,,,,E0034802,Rotherhithe,London,,,,,,0,UKOS,535305,179785,-0.05204849616,51.50081650932,RLY,,,,,,110,2010-02-01T15:57:00,2010-04-12T17:35:00,3,delete,inactive
9100RTHGLEN,,,,Rutherglen Rail Station,,,,,,-,,,,,,,ES003941,Rutherglen,,,,,,,1,UKOS,261540,661920,-4.21210411512,55.83059246416,RLY,,,,,,110,2006-09-08T14:30:00,2007-09-26T13:00:00,1,revise,active
9100RTHP,,,,Ravensthorpe Rail Station,,,,,,-,,,,,,,E0033442,Ravensthorpe,Dewsbury,,,,,,1,UKOS,422850,419950,-1.6555788333,53.67552495783,RLY,,,,,,110,2006-09-08T14:30:00,2007-09-26T13:00:00,1,revise,active
9100RUABON,,,,Ruabon Rail Station,,,,,,-,,,,,,,E0054809,Ruabon,,,,,,,1,UKOS,330070,343820,-3.04313857607,52.98713481838,RLY,,,,,,110,2006-09-08T14:30:00,2009-01-12T18:38:00,2,revise,active
9100RUFDORD,,,,Rufford Rail Station,,,,,,-,,,,,,,E0047556,Rufford,,,,,,,1,UKOS,346680,415630,-2.80784121349,53.63446310272,RLY,,,,,,110,2006-09-08T14:30:00,2011-02-07T16:36:00,2,revise,active
9100RUGBY,,,,Rugby Rail Station,,,,,,-,,,,,,,E0056779,Rugby,,,,,,,1,UKOS,451117,275937,-1.25048437165,52.37909446318,RLY,,,,,,110,2006-11-17T09:19:00,2007-09-26T13:00:00,1,revise,active
9100RUGL,,,,Rugeley Trent Valley Rail Station,,,,,,-,,,,,,,E0051103,Rugeley,,,,,,,1,UKOS,404830,319120,-1.92985136833,52.76965554459,RLY,,,,,,110,2006-09-08T14:30:00,2010-11-08T15:12:00,2,revise,active
9100RUGLTWN,,,,Rugeley Town Rail Station,,,,,,-,,,,,,,E0051103,Rugeley,,,,,,,1,UKOS,404360,317420,-1.93683954868,52.75437725732,RLY,,,,,,110,2006-09-08T14:30:00,2007-09-26T13:00:00,1,revise,active
9100RUNCORN,,,,Runcorn Rail Station,,,,,,-,,,,,,,E0037841,Runcorn,,,,,,,1,UKOS,350874,382676,-2.73925114117,53.33869472748,RLY,,,,,,110,2006-09-08T14:30:00,2007-09-26T13:00:00,1,revise,active
9100RUNCRNE,,,,Runcorn East Rail Station,,,,,,-,,,,,,,E0037835,Norton,Runcorn,,,,,,1,UKOS,355760,381390,-2.66569743193,53.32756824498,RLY,,,,,,110,2006-09-08T14:30:00,2011-03-24T16:47:00,3,revise,active
9100RUSWARP,,,,Ruswarp Rail Station,,,,,,-,,,,,,,E0019141,Ruswarp,,,,,,,1,UKOS,489030,509180,-0.62777165095,54.47019073478,RLY,,,,,,110,2006-09-08T14:30:00,2007-09-26T13:00:00,1,revise,active
9100RWLNDSC,,,,Rowlands Castle Rail Station,,,,,,-,,,,,,,E0046776,Rowlands Castle,,,,,,,1,UKOS,473421,110816,-0.95747066297,50.89217230854,RLY,,,,,,110,2006-11-17T09:19:00,2007-09-26T13:00:00,1,revise,active
9100RYDE,,,,Ryde Esplanade Rail Station,,,,,,-,,,,,,,E0038957,Ryde,,,,,,,1,UKOS,459405,92920,-1.1596160794,50.73286839293,RLY,,,,,,110,2006-09-08T14:30:00,2011-11-02T16:01:00,2,revise,active
9100RYDP,,,,Ryde Pier Head Rail Station,,,,,,-,,,,,,,E0038957,Ryde,,,,,,,1,UKOS,459361,93622,-1.16012662289,50.73918504181,RLY,,,,,,110,2006-09-08T14:30:00,2007-09-26T13:00:00,1,revise,active
9100RYDRBRW,,,,Ryder Brow Rail Station,,,,,,-,,,,,,,E0029286,Ryder Brow,Gorton,,,,,,1,UKOS,388604,395550,-2.17308800532,53.45657904111,RLY,,,,,,110,2006-09-08T14:30:00,2008-12-24T15:31:00,2,revise,active
9100RYDS,,,,Ryde St Johns Road Rail Station,,,,,,-,,,,,,,E0038957,Ryde,,,,,,,1,UKOS,459631,91977,-1.15656632404,50.72436612225,RLY,,,,,,110,2006-09-08T14:30:00,2007-09-26T13:00:00,1,revise,active
9100RYEE,,,,Rye Rail Station,,,,,,-,,,,,,,E0046088,Rye,,,,,,,1,UKOS,591895,120543,0.73069519512,50.95237016554,RLY,,,,,,110,2006-09-08T14:30:00,2007-09-26T13:00:00,1,revise,active
9100RYEHOUS,,,,Rye House Rail Station,,,,,,-,,,,,,,E0013717,Rye Park,Hoddesdon,,,,,,1,UKOS,538488,209762,0.00562825292,51.76941291159,RLY,,,,,,110,2006-09-08T14:30:00,2007-09-26T13:00:00,1,revise,active
9100SABR,,,,Sandal & Agbrigg Rail Station,,,,,,-,,,,,,,E0033489,Sandal,Wakefield,,,,,,1,UKOS,434365,418635,-1.48141937718,53.66307832262,RLY,,,,,,110,2006-09-08T14:30:00,2010-07-23T14:09:00,2,revise,active
9100SACTON,,,,South Acton Rail Station,,,,,,-,,,,,,,E0034559,South Acton,Acton,,,,,,1,UKOS,520170,179280,-0.27015719083,51.4996952271,RLY,,,,,,110,2006-09-08T14:30:00,2007-09-26T13:00:00,1,revise,active
9100SADWRD,,,,St Andrews Road Rail Station,,,,,,-,,,,,,,E0035565,Avonmouth,Bristol,,,,,,1,UKOS,351776,179546,-2.69631299553,51.51277135076,RLY,,,,,,110,2006-09-08T14:30:00,2009-01-19T11:31:00,2,revise,active
9100SAIR,,,,Saltaire Rail Station,,,,,,-,,,,,,,E0033487,Saltaire,Shipley,,,,,,1,UKOS,413885,438047,-1.79048041033,53.83849307578,RLY,,,,,,110,2006-09-08T14:30:00,2010-07-23T14:09:00,2,revise,active
9100SALFDS,,,,Salfords (Surrey) Rail Station,,,,,,-,,,,,,,E0025565,Salfords,,,,,,,1,UKOS,528473,146330,-0.16248910108,51.20174799747,RLY,,,,,,110,2006-09-08T14:30:00,2007-09-26T13:00:00,1,revise,active
9100SALHOUS,,,,Salhouse Rail Station,,,,,,-,,,,,,,E0048486,Salhouse,,,,,,,1,UKOS,629370,314050,1.39141561621,52.67557502918,RLY,,,,,,110,2006-09-08T14:30:00,2007-09-26T13:00:00,1,revise,active
9100SALWICK,,,,Salwick Rail Station,,,,,,-,,,,,,,E0015859,Salwick,,,,,,,1,UKOS,346260,432000,-2.81703846886,53.78154017335,RLY,,,,,,110,2006-09-08T14:30:00,2011-02-07T16:37:00,2,revise,active
9100SAMPCRT,,,,Sampford Courtenay Rail Station,,,,,,-,,,,,,,N0074305,Belstone Corner,,,,,,,0,UKOS,262670,98535,-3.94889104657,50.77010034353,RLY,,,,,,110,2009-06-17T13:57:00,2010-10-05T14:53:00,2,revise,active
9100SANDH,,,,Sandhills Rail Station,,,,,,-,,,,,,,E0057850,Liverpool,,,Sefton,,Bootle,,1,UKOS,334220,393030,-2.99149025289,53.42993669093,RLY,,,,,,110,2006-09-08T14:30:00,2007-09-26T13:00:00,1,revise,active
9100SANKEY,,,,Sankey for Penketh Rail Station,,,,,,-,,,,,,,E0043048,Sankey Bridges,Warrington,,,,,,1,UKOS,356840,388600,-2.65046958471,53.39246139349,RLY,,,,,,110,2006-09-08T14:30:00,2007-09-26T13:00:00,1,revise,active
9100SANQHAR,,,,Sanquhar Rail Station,,,,,,-,,,,,,,ES003253,Sanquhar,,,,,,,1,UKOS,278130,610150,-3.92451931692,55.37016764173,RLY,,,,,,110,2006-09-08T14:30:00,2007-09-26T13:00:00,1,revise,active
9100SARN,,,,Sarn Rail Station,,,,,,-,,,,,,,E0035497,Sarn,,,,,,,1,UKOS,289830,183400,-3.58991174683,51.53871629117,RLY,,,,,,110,2006-09-08T14:30:00,2007-09-26T13:00:00,1,revise,active
9100SASH,,,,Saltash Rail Station,,,,,,-,,,,,,,E0044470,Saltash,,,,,,,1,UKOS,243120,58720,-4.20911259141,50.40735665835,RLY,,,,,,110,2006-09-08T14:30:00,2007-09-26T13:00:00,1,revise,active
9100SAXILBY,,,,Saxilby Rail Station,,,,,,-,,,,,,,E0056260,Saxilby,,,,,,,1,UKOS,489200,375300,-0.66403949235,53.26720447595,RLY,,,,,,110,2006-09-08T14:30:00,2007-09-26T13:00:00,1,revise,active
9100SBCH,,,,Sandbach Rail Station,,,,,,-,,,,,,,E0044274,Sandbach,,,,,,,0,UKOS,373780,361520,-2.39350545056,53.15016831727,RLY,,,,,,110,2006-09-08T14:30:00,2010-01-12T16:55:00,2,revise,active
9100SBDGWTH,,,,Sawbridgeworth Rail Station,,,,,,-,,,,,,,E0046998,Sawbridgeworth,,,,,,,1,UKOS,549019,215064,0.16041110454,51.81434785238,RLY,,,,,,110,2006-09-08T14:30:00,2007-09-26T13:00:00,1,revise,active
9100SBOUBUS,,,,Southbourne Post Office,,,,,,-,,,,,,,E0052133,Southbourne,,,,,,,0,UKOS,476905,105628,-0.90903366545,50.84507529203,BCQ,,,,,,110,2008-11-06T15:37:00,2009-08-21T13:15:00,2,revise,active
9100SBOURNE,,,,Southbourne Rail Station,,,,,,-,,,,,,,E0052133,Southbourne,,,,,,,1,UKOS,476965,105985,-0.9081066981,50.84827705495,RLY,,,,,,110,2006-11-17T09:19:00,2007-09-26T13:00:00,1,revise,active
9100SBRMNDS,,,,South Bermondsey Rail Station,,,,,,-,,,,,,,E0034789,Bermondsey,London,,,,,,1,UKOS,535160,178370,-0.05467765562,51.48813557675,RLY,,,,,,110,2006-09-08T14:30:00,2007-09-26T13:00:00,1,revise,active
9100SBRN,,,,Saltburn Rail Station,,,,,,-,,,,,,,E0041562,Saltburn,,,,,,,1,UKOS,466400,521400,-0.97413289196,54.58345132348,RLY,,,,,,110,2006-09-08T14:30:00,2009-03-23T11:51:00,2,revise,active
9100SBROUGH,,,,Stallingborough Rail Station,,,,,,-,,,,,,,E0053495,Stallingborough,,,,,,,1,UKOS,520330,411590,-0.18366671907,53.58709516863,RLY,,,,,,110,2006-09-08T14:30:00,2007-09-26T13:00:00,1,revise,active
9100SBURY,,,,Southbury Rail Station,,,,,,-,,,,,,,N0060495,Enfield,London,,,,,,1,UKOS,534840,196230,-0.0524368308,51.6487050407,RLY,,,,,,110,2006-09-08T14:30:00,2010-05-10T19:50:00,2,revise,active
9100SBYD,,,,Stalybridge Rail Station,,,,,,-,,,,,,,E0029366,Stalybridge,,,,,,,1,UKOS,395934,398653,-2.06274152699,53.48457934203,RLY,,,,,,110,2006-09-08T14:30:00,2008-12-24T15:33:00,2,revise,active
9100SCARBRO,,,,Scarborough Rail Station,,,,,,-,,,,,,,E0057580,Scarborough,,,,,,,1,UKOS,503900,488300,-0.40570298296,54.27979186041,RLY,,,,,,110,2006-09-08T14:30:00,2007-09-26T13:00:00,1,revise,active
9100SCNTHRP,,,,Scunthorpe Rail Station,,,,,,-,,,,,,,E0055067,Scunthorpe,,,,,,,1,UKOS,489400,410800,-0.65098036175,53.58617534477,RLY,,,,,,110,2006-09-08T14:30:00,2007-09-26T13:00:00,1,revise,active
9100SCROYDN,,,,South Croydon Rail Station,,,,,,-,,,,,,,E0034235,South Croydon,Croydon,,,,,,1,UKOS,532830,164380,-0.09345650791,51.36296488695,RLY,,,,,,110,2006-09-08T14:30:00,2007-09-26T13:00:00,1,revise,active
9100SCSCLDR,,,,Scotscalder Rail Station,,,,,,-,,,,,,,ES001701,Halkirk,,,,,,,1,UKOS,309600,956020,-3.55204979895,58.48299100064,RLY,,,,,,110,2006-09-08T14:30:00,2007-09-26T13:00:00,1,revise,active
9100SCTSTNH,,,,Scotstounhill Rail Station,,,,,,-,,,,,,,ES003272,Scotstoun,Glasgow,,,,,,1,UKOS,252930,668280,-4.35288778883,55.88514072054,RLY,,,,,,110,2006-09-08T14:30:00,2007-09-26T13:00:00,1,revise,active
9100SDAL,,,,Silverdale Rail Station,,,,,,-,,,,,,,E0047449,Silverdale,,,,,,,1,UKOS,347620,475200,-2.80384241832,54.16990921698,RLY,,,,,,110,2006-09-08T14:30:00,2007-09-26T13:00:00,1,revise,active
9100SDBRYHH,,,,Sudbury Hill Harrow Rail Station,,,,,,-,,,,,,,N0061161,Sudbury Hill,London,,,,,,1,UKOS,515465,185710,-0.33580281227,51.55846537542,RLY,,,,,,110,2006-09-08T14:30:00,2010-05-27T17:28:00,3,revise,active
9100SDBRYHR,,,,Sudbury & Harrow Road Rail Station,,,,,,-,,,,,,,E0034061,Sudbury,London,,,,,,1,UKOS,516885,185290,-0.31546813559,51.55439847004,RLY,,,,,,110,2006-09-08T14:30:00,2010-05-27T17:27:00,2,revise,active
9100SDLG,,,,Sandling Rail Station,,,,,,-,,,,,,,E0015230,Sandling,,,,,,,1,UKOS,614806,136811,1.06604289146,51.09037075198,RLY,,,,,,110,2006-09-08T14:30:00,2007-09-26T13:00:00,1,revise,active
9100SDON,,,,Swindon Rail Station,,,,,,-,,,,,,,E0042483,Swindon,,,,,,,1,UKOS,414964,185199,-1.78551115789,51.56547233339,RLY,,,,,,110,2006-11-17T09:19:00,2007-09-26T13:00:00,1,revise,active
9100SDPLACE,,,,Sandplace Rail Station,,,,,,-,,,,,,,E0002657,Sandplace,,,,,,,1,UKOS,224900,57000,-4.46447994914,50.38675317748,RLY,,,,,,110,2006-09-08T14:30:00,2007-09-26T13:00:00,1,revise,active
9100SDRSFOT,,,,Saundersfoot Rail Station,,,,,,-,,,,,,,E0055090,Saundersfoot,,,,,,,1,UKOS,212460,206090,-4.71658250405,51.72209071518,RLY,,,,,,110,2006-09-08T14:30:00,2007-09-26T13:00:00,1,revise,active
9100SDSD,,,,Sanderstead Rail Station,,,,,,-,,,,,,,E0034231,Sanderstead,London,,,,,,1,UKOS,532857,162747,-0.09367822582,51.34828329012,RLY,,,,,,110,2006-09-08T14:30:00,2007-09-26T13:00:00,1,revise,active
9100SEABURN,,,,Seaburn Rail Station,,,,,,-,,,,,,,E0031152,Seaburn,,,,,,,1,UKOS,439400,559600,-1.38669331084,54.92953544873,RLY,,,,,,110,2006-09-08T14:30:00,2007-09-26T13:00:00,1,revise,active
9100SEAFORD,,,,Seaford Rail Station,,,,,,-,,,,,,,E0010562,Seaford,,,,,,,1,UKOS,548178,99131,0.10013375343,50.77284370969,RLY,,,,,,110,2006-09-08T14:30:00,2007-09-26T13:00:00,1,revise,active
9100SEAHAM,,,,Seaham Rail Station,,,,,,-,,,,,,,E0045957,Seaham,,,,,,,1,UKOS,442080,549555,-1.34633708067,54.83905560445,RLY,,,,,,110,2006-09-08T14:30:00,2011-01-24T11:21:00,2,revise,active
9100SEAMER,,,,Seamer Rail Station,,,,,,-,,,,,,,E0049509,Seamer,,,,,,,1,UKOS,503260,483940,-0.41702976384,54.24075188956,RLY,,,,,,110,2006-09-08T14:30:00,2007-09-26T13:00:00,1,revise,active
9100SEASCAL,,,,Seascale Rail Station,,,,,,-,,,,,,,E0055508,Seascale,,,,,,,1,UKOS,303715,501060,-3.4845108079,54.3958750815,RLY,,,,,,110,2006-09-08T14:30:00,2011-03-07T14:36:00,2,revise,active
9100SEERGRN,,,,Seer Green Rail Station,,,,,,-,,,,,,,E0044068,Seer Green,,,,,,,1,UKOS,496500,191030,-0.60781846278,51.60984476167,RLY,,,,,,110,2006-11-17T09:19:00,2010-12-20T11:04:00,2,revise,active
9100SELAFLD,,,,Sellafield Rail Station,,,,,,-,,,,,,,E0005699,Sellafield,,,,,,,1,UKOS,302080,503400,-3.51045647943,54.4165852611,RLY,,,,,,110,2006-09-08T14:30:00,2007-09-26T13:00:00,1,revise,active
9100SELBY,,,,Selby Rail Station,,,,,,-,,,,,,,E0057582,Selby,,,,,,,1,UKOS,461786,432235,-1.06378590029,53.78278496381,RLY,,,,,,110,2006-09-08T14:30:00,2011-02-28T15:07:00,2,revise,active
9100SELHRST,,,,Selhurst Rail Station,,,,,,-,,,,,,,E0034232,Selhurst,Croydon,,,,,,1,UKOS,533105,167610,-0.08829989751,51.3919274416,RLY,,,,,,110,2006-09-08T14:30:00,2010-05-27T17:21:00,3,revise,active
9100SELLING,,,,Selling Rail Station,,,,,,-,,,,,,,E0047318,Selling,,,,,,,1,UKOS,605210,157242,0.94087040453,51.2773550679,RLY,,,,,,110,2006-09-08T14:30:00,2007-09-26T13:00:00,1,revise,active
9100SELMSAL,,,,South Elmsall Rail Station,,,,,,-,,,,,,,E0052887,South Elmsall,,,,,,,1,UKOS,447430,411130,-1.28485824285,53.59460814519,RLY,,,,,,110,2006-09-08T14:30:00,2007-09-26T13:00:00,1,revise,active
9100SELYOAK,,,,Selly Oak Rail Station,,,,,,-,,,,,,,E0031943,Selly Oak,Birmingham,,,,,,1,UKOS,404460,282670,-1.93581421427,52.44198191533,RLY,,,,,,110,2006-09-08T14:30:00,2007-09-26T13:00:00,1,revise,active
9100SEMILLS,,,,Sea Mills Rail Station,,,,,,-,,,,,,,E0035641,Sea Mills,Bristol,,,,,,1,UKOS,354961,175871,-2.64994930846,51.47999337485,RLY,,,,,,110,2006-09-08T14:30:00,2009-01-12T18:27:00,2,revise,active
9100SESABUS,,,,Southease - Piddinghoe Road,,,,,,-,,,,,,,E0046055,Southease,,,,,,,0,UKOS,542202,105283,0.01781804182,50.8296261509,RLY,,,,,,110,2008-07-07T16:32:00,2017-09-24T00:00:00,3,revise,active
9100SESARDM,,,,Southease Rail Station,,,,,,-,,,,,,,E0046055,Southease,,,,,,,1,UKOS,543100,105490,0.03064133065,50.83126532926,RLY,,,,,,110,2006-09-08T14:30:00,2010-12-03T17:36:00,2,revise,active
9100SETNCRW,,,,Seaton Carew Rail Station,,,,,,-,,,,,,,E0037883,Seaton Carew,,,,,,,1,UKOS,451680,529540,-1.20042921305,54.65831156198,RLY,,,,,,110,2006-09-08T14:30:00,2007-09-26T13:00:00,1,revise,active
9100SETTLE,,,,Settle Rail Station,,,,,,-,,,,,,,E0048926,Settle,,,,,,,1,UKOS,381726,463478,-2.28071401529,54.0669141517,RLY,,,,,,110,2006-09-08T14:30:00,2007-09-26T13:00:00,1,revise,active
9100SEVNSIS,,,,Seven Sisters Rail Station,,,,,,-,,,,,,,N0065198,Seven Sisters,London,,,,,,1,UKOS,533455,188800,-0.07527001795,51.58226770743,RLY,,,,,,110,2006-09-08T14:30:00,2010-05-27T17:21:00,2,revise,active
9100SEVTNLJ,,,,Severn Tunnel Junction Rail Station,,,,,,-,,,,,,,E0054378,Caldicot,,,,,,,1,UKOS,346200,187600,-2.77789143612,51.58467671176,RLY,,,,,,110,2006-09-08T14:30:00,2007-09-26T13:00:00,1,revise,active
9100SEVTROG,,,,Severn Tunnel Junction - Rogiet Pool,,,,,,-,,,,,,,E0054403,Rogiet,,,,,,,0,UKOS,345790,187983,-2.78386765303,51.58808069189,BCQ,,,,,,110,2009-11-27T15:25:00,2009-11-27T15:26:00,1,revise,active
9100SFRTHAL,,,,Seaforth & Litherland Rail Station,,,,,,-,,,,,,,E0029876,Seaforth,Litherland,,Sefton,,Seaforth,,1,UKOS,333338,397085,-3.00562324392,53.46626843365,RLY,,,,,,110,2006-09-08T14:30:00,2008-11-17T16:56:00,2,revise,active
9100SGFORD,,,,South Greenford Rail Station,,,,,,-,,,,,,,E0034263,Greenford,London,,,,,,1,UKOS,515465,182960,-0.33670432658,51.53374947852,RLY,,,,,,110,2006-09-08T14:30:00,2010-05-14T15:11:00,2,revise,active
9100SGRLOAF,,,,Sugar Loaf Rail Station,,,,,,-,,,,,,,N0071383,Tirabad,,,,,,,1,UKOS,284500,244000,-3.68694880931,52.08226993095,RLY,,,,,,110,2006-09-08T14:30:00,2007-09-26T13:00:00,1,revise,active
9100SHADWEL,,,,Shadwell Rail Station,,,,,,-,,,,,,,E0034857,Shadwell,London,,,,,,0,UKOS,534935,180940,-0.05693429082,51.51128403229,RLY,,,,,,110,2010-02-01T15:58:00,2010-02-01T16:09:00,1,revise,active
9100SHALFD,,,,Shalford (Surrey) Rail Station,,,,,,-,,,,,,,E0051768,Shalford,,,,,,,1,UKOS,500200,147100,-0.56680370104,51.21432297321,RLY,,,,,,110,2006-09-08T14:30:00,2007-09-26T13:00:00,1,revise,active
9100SHAMPTN,,,,Shirehampton Rail Station,,,,,,-,,,,,,,E0035642,Shirehampton,Bristol,,,,,,1,UKOS,352929,176374,-2.67927499077,51.48434990845,RLY,,,,,,110,2006-09-08T14:30:00,2009-01-13T09:40:00,2,revise,active
9100SHANKLN,,,,Shanklin Rail Station,,,,,,-,,,,,,,E0053419,Shanklin,,,,,,,1,UKOS,458100,81900,-1.17983408672,50.6339104624,RLY,,,,,,110,2006-09-08T14:30:00,2007-09-26T13:00:00,1,revise,active
9100SHAWFD,,,,Shawford Rail Station,,,,,,-,,,,,,,E0013653,Shawford,Winchester,,,,,,1,UKOS,447245,124965,-1.3277737718,51.02212498649,RLY,,,,,,110,2006-11-17T09:19:00,2011-05-23T14:49:00,2,revise,active
9100SHBN,,,,Sherburn-in-Elmet Rail Station,,,,,,-,,,,,,,E0049576,Sherburn in Elmet,,,,,,,1,UKOS,450640,433700,-1.23268439004,53.79715210498,RLY,,,,,,110,2006-09-08T14:30:00,2007-09-26T13:00:00,1,revise,active
9100SHBRYNS,,,,Shoeburyness Rail Station,,,,,,-,,,,,,,E0042047,Shoeburyness,Southend-on-Sea,,,,,,1,UKOS,593986,185044,0.79534477028,51.53097282177,RLY,,,,,,110,2006-09-08T14:30:00,2007-09-26T13:00:00,1,revise,active
9100SHCRPTN,,,,Shaw & Crompton Rail Station (closed),,,,,,-,,,,,,,E0029308,Shaw,,,,,,,1,UKOS,394166,408916,-2.08957966227,53.57680973813,RLY,,,,,,110,2006-09-08T14:30:00,2013-01-14T12:11:00,4,revise,inactive
9100SHDN,,,,Shildon Rail Station,,,,,,-,,,,,,,E0045976,Shildon,,,,,,,1,UKOS,423560,525730,-1.63660537995,54.6261646125,RLY,,,,,,110,2006-09-08T14:30:00,2011-01-24T11:21:00,2,revise,active
9100SHEFFLD,,,,Sheffield Rail Station,,,,,,-,,,,,,,N0077767,Sheffield,,,,,,,1,UKOS,435880,386953,-1.46211083296,53.3782198729,RLY,,,,,,110,2006-09-08T14:30:00,2013-01-03T09:32:00,2,revise,active
9100SHELFD,,,,Shelford (Cambs) Rail Station,,,,,,-,,,,,,,E0043834,Great Shelford,,,,,,,1,UKOS,546516,252219,0.13998100109,52.14882780995,RLY,,,,,,110,2006-11-17T09:19:00,2007-09-26T13:00:00,1,revise,active
9100SHENFLD,,,,Shenfield Rail Station,,,,,,-,,,,,,,E0011132,Shenfield,Brentwood,,,,,,1,UKOS,561349,195022,0.32985131889,51.63087734724,RLY,,,,,,110,2006-09-08T14:30:00,2007-09-26T13:00:00,1,revise,active
9100SHEPRTN,,,,Shepperton Rail Station,,,,,,-,,,,,,,E0025646,Shepperton,,,,,,,1,UKOS,508153,167563,-0.44678582905,51.39680477705,RLY,,,,,,110,2006-09-08T14:30:00,2007-09-26T13:00:00,1,revise,active
9100SHERBRN,,,,Sherborne Rail Station,,,,,,-,,,,,,,E0045872,Sherborne,,,,,,,1,UKOS,364050,116190,-2.5130732852,50.94402169786,RLY,,,,,,110,2006-09-08T14:30:00,2007-09-26T13:00:00,1,revise,active
9100SHIFNAL,,,,Shifnal Rail Station,,,,,,-,,,,,,,E0056556,Shifnal,,,,,,,1,UKOS,374950,307660,-2.37183973353,52.66607129292,RLY,,,,,,110,2006-09-08T14:30:00,2007-09-26T13:00:00,1,revise,active
9100SHILDMR,,,,Shieldmuir Rail Station,,,,,,-,,,,,,,ES003883,Wishaw,,,,,,,1,UKOS,277350,655530,-3.95698985374,55.77749081609,RLY,,,,,,110,2006-09-08T14:30:00,2007-09-26T13:00:00,1,revise,active
9100SHIRLEY,,,,Shirley Rail Station,,,,,,-,,,,,,,E0031954,Shirley,Solihull,,,,,,1,UKOS,410630,278390,-1.84517960348,52.40342077547,RLY,,,,,,110,2006-09-08T14:30:00,2007-09-26T13:00:00,1,revise,active
9100SHLIER,,,,St Helier (London) Rail Station,,,,,,-,,,,,,,N0061139,Morden Park,London,,,,,,1,UKOS,525425,167190,-0.19877067013,51.38990080477,RLY,,,,,,110,2006-09-08T14:30:00,2010-05-27T17:24:00,2,revise,active
9100SHMPSTD,,,,South Hampstead Rail Station,,,,,,-,,,,,,,E0034184,South Hampstead,London,,,,,,1,UKOS,526390,184075,-0.17887769152,51.54143216781,RLY,,,,,,110,2006-09-08T14:30:00,2010-05-27T17:23:00,2,revise,active
9100SHNS,,,,Shenstone Rail Station,,,,,,-,,,,,,,E0051155,Shenstone,,,,,,,1,UKOS,410640,304635,-1.84420159399,52.63935948926,RLY,,,,,,110,2006-09-08T14:30:00,2010-11-08T15:12:00,2,revise,active
9100SHOLING,,,,Sholing Rail Station,,,,,,-,,,,,,,E0042023,Sholing,Southampton,,,,,,1,UKOS,444760,111000,-1.36491493968,50.89675361626,RLY,,,,,,110,2006-09-08T14:30:00,2010-10-06T15:23:00,2,revise,active
9100SHOTTHL,,,,Shotton High Level Rail Station,,,,,,-,,,,,,,E0054255,Shotton,Connahs Quay,,,,,,1,UKOS,330800,369000,-3.03769979607,53.21353606361,RLY,,,,,,110,2006-09-08T14:30:00,2007-09-26T13:00:00,1,revise,active
9100SHOTTON,,,,Shotton Rail Station,,,,,,-,,,,,,,E0054255,Shotton,Connahs Quay,,,,,,1,UKOS,330750,368890,-3.03842447822,53.21254093111,RLY,,,,,,110,2006-09-08T14:30:00,2007-09-26T13:00:00,1,revise,active
9100SHPDSB,,,,Shepherds Bush Rail Station,,,,,,-,,,,,,,E0034390,Shepherds Bush,London,,,,,,0,UKOS,523799,179989,-0.21765403836,51.50528471056,RLY,,,,,,110,2008-07-31T15:58:00,2008-07-31T15:59:00,1,revise,active
9100SHPE,,,,Stanhope Rail Station,,,,,,-,,,,,,,E0046032,Stanhope,,,,,,,0,UKOS,399888,538705,-2.00326128502,54.74331041754,RLY,,,,,,110,2010-06-04T14:39:00,2011-01-24T11:21:00,2,revise,active
9100SHPLAKE,,,,Shiplake Rail Station,,,,,,-,,,,,,,E0050388,Shiplake,,,,,,,1,UKOS,477640,179762,-0.88260210924,51.51146226493,RLY,,,,,,110,2006-09-08T14:30:00,2010-11-08T15:13:00,2,revise,active
9100SHPRTH,,,,Shepreth Rail Station,,,,,,-,,,,,,,E0044120,Shepreth,,,,,,,1,UKOS,539190,248150,0.03131926594,52.11416176375,RLY,,,,,,110,2006-09-08T14:30:00,2007-09-26T13:00:00,1,revise,active
9100SHPY,,,,Shipley Rail Station,,,,,,-,,,,,,,E0033556,Shipley,,,,,,,1,UKOS,415005,437445,-1.77348970942,53.83305151438,RLY,,,,,,110,2006-09-08T14:30:00,2010-07-23T14:09:00,2,revise,active
9100SHRBROK,,,,Shirebrook Rail Station,,,,,,-,,,,,,,E0044989,Shirebrook,,,,,,,1,UKOS,453370,367760,-1.20244052935,53.20424274599,RLY,,,,,,110,2006-09-08T14:30:00,2007-09-26T13:00:00,1,revise,active
9100SHRDHST,,,,Shoreditch High Street Rail Station,,,,,,-,,,,,,,E0034364,Shoreditch,London,,,,,,0,UKOS,533629,182251,-0.07524610125,51.52337524885,RLY,,,,,,110,2010-02-01T15:59:00,2010-02-01T16:10:00,1,revise,active
9100SHRGHAM,,,,Sheringham Rail Station,,,,,,-,,,,,,,E0048708,Sheringham,,,,,,,1,UKOS,615810,343050,1.21032031522,52.94142721241,RLY,,,,,,110,2006-09-08T14:30:00,2008-09-25T15:46:00,2,revise,active
9100SHRHMBS,,,,Shoreham-by-Sea (Sussex) Rail Station,,,,,,-,,,,,,,E0026317,Shoreham-by-Sea,,,,,,,1,UKOS,521800,105300,-0.27172042417,50.83442737029,RLY,,,,,,110,2006-09-08T14:30:00,2007-09-26T13:00:00,1,revise,active
9100SHRKSKS,,,,Shireoaks Rail Station,,,,,,-,,,,,,,E0050068,Shireoaks,,,,,,,1,UKOS,455515,381195,-1.16799090157,53.32477489393,RLY,,,,,,110,2006-09-08T14:30:00,2011-01-24T11:21:00,2,revise,active
9100SHRMKT,,,,Shoreham (Kent) Rail Station,,,,,,-,,,,,,,E0047256,Shoreham,,,,,,,1,UKOS,552587,161510,0.18888974054,51.33221861253,RLY,,,,,,110,2006-09-08T14:30:00,2007-09-26T13:00:00,1,revise,active
9100SHRNSOS,,,,Sheerness-on-Sea Rail Station,,,,,,-,,,,,,,E0015366,Sheerness,,,,,,,1,UKOS,591810,174950,0.75853318132,51.44106105778,RLY,,,,,,110,2006-09-08T14:30:00,2007-09-26T13:00:00,1,revise,active
9100SHRTLND,,,,Shortlands Rail Station,,,,,,-,,,,,,,E0034142,Shortlands,Bromley,,,,,,1,UKOS,539330,169320,0.00178410685,51.4058007425,RLY,,,,,,110,2006-09-08T14:30:00,2010-05-27T17:22:00,2,revise,active
9100SHRWBY,,,,Shrewsbury Rail Station,,,,,,-,,,,,,,E0021804,Shrewsbury,,,,,,,1,UKOS,349445,312960,-2.74976116738,52.71192844169,RLY,,,,,,110,2006-09-08T14:30:00,2010-02-16T14:07:00,3,revise,active
9100SHTLSTN,,,,Shettleston Rail Station,,,,,,-,,,,,,,ES003301,Shettleston,Glasgow,,,,,,1,UKOS,264880,664370,-4.16004362664,55.85353681053,RLY,,,,,,110,2006-09-08T14:30:00,2007-09-26T13:00:00,1,revise,active
9100SHTT,,,,Shotts Rail Station,,,,,,-,,,,,,,ES003307,Shotts,,,,,,,1,UKOS,287420,659840,-3.79831915182,55.81864747349,RLY,,,,,,110,2006-09-08T14:30:00,2007-09-26T13:00:00,1,revise,active
9100SHVN,,,,Stonehaven Rail Station,,,,,,-,,,,,,,ES003493,Stonehaven,,,,,,,1,UKOS,386400,786200,-2.22529705069,56.96682338528,RLY,,,,,,110,2006-09-08T14:30:00,2007-09-26T13:00:00,1,revise,active
9100SHWFAIR,,,,Shawfair Rail Station,,,,,,-,,,,,,,ES002825,Newton Village,,,Edinburgh,,,,0,UKOS,331959,669960,-3.09022368414,55.91789664757,RLY,,,,,,110,2015-03-26T10:05:00,2018-05-18T09:32:54,4,revise,active
9100SHWLNDS,,,,Shawlands Rail Station,,,,,,-,,,,,,,ES003296,Shawlands,Glasgow,,,,,,1,UKOS,256510,661930,-4.29234308935,55.82921260303,RLY,,,,,,110,2006-09-08T14:30:00,2007-09-26T13:00:00,1,revise,active
9100SIDCUP,,,,Sidcup Rail Station,,,,,,-,,,,,,,E0034030,Sidcup,London,,,,,,1,UKOS,546335,172640,0.10379465578,51.43387014582,RLY,,,,,,110,2006-09-08T14:30:00,2010-05-27T17:22:00,2,revise,active
9100SILCRFT,,,,Silecroft Rail Station,,,,,,-,,,,,,,E0005700,Silecroft,,,,,,,1,UKOS,313100,481960,-3.33444147982,54.22595717811,RLY,,,,,,110,2006-09-08T14:30:00,2011-03-07T14:36:00,2,revise,active
9100SILEBY,,,,Sileby Rail Station,,,,,,-,,,,,,,E0047629,Sileby,,,,,,,1,UKOS,460197,315255,-1.10998863756,52.73159406795,RLY,,,,,,110,2006-09-08T14:30:00,2009-01-19T11:32:00,2,revise,active
9100SINGER,,,,Singer Rail Station,,,,,,-,,,,,,,ES000746,Clydebank,,,,,,,1,UKOS,249728,670900,-4.40548605311,55.90767164718,RLY,,,,,,110,2006-09-08T14:30:00,2007-09-26T13:00:00,1,revise,active
9100SIVRST,,,,Silver Street Rail Station,,,,,,-,,,,,,,E0034293,Edmonton,London,,,,,,1,UKOS,533916,192420,-0.06723991626,51.61468848802,RLY,,,,,,110,2006-09-08T14:30:00,2010-05-10T19:50:00,2,revise,active
9100SKEGNES,,,,Skegness Rail Station,,,,,,-,,,,,,,E0057556,Skegness,,,,,,,1,UKOS,556230,363215,0.33434722275,53.14317934771,RLY,,,,,,110,2006-09-08T14:30:00,2011-05-23T14:52:00,2,revise,active
9100SKENTON,,,,South Kenton Rail Station,,,,,,-,,,,,,,N0077718,South Kenton,Preston,,,,,,1,UKOS,517330,187060,-0.30846236931,51.57021397238,RLY,,,,,,110,2006-09-08T14:30:00,2007-09-26T13:00:00,1,revise,active
9100SKEWEN,,,,Skewen Rail Station,,,,,,-,,,,,,,E0039726,Skewen,,,,,,,1,UKOS,272380,197460,-3.84650869754,51.66138987911,RLY,,,,,,110,2006-09-08T14:30:00,2007-09-26T13:00:00,1,revise,active
9100SKPT,,,,Skipton Rail Station,,,,,,-,,,,,,,E0056332,Skipton,,,,,,,1,UKOS,398400,451400,-2.02587206385,53.95868683184,RLY,,,,,,110,2006-09-08T14:30:00,2007-09-26T13:00:00,1,revise,active
9100SKSCMN,,,,Silkstone Common Rail Station,,,,,,-,,,,,,,E0030527,Silkstone Common,,,,,,,1,UKOS,429030,404340,-1.56347853949,53.534917177,RLY,,,,,,110,2006-09-08T14:30:00,2007-09-26T13:00:00,1,revise,active
9100SLADEGN,,,,Slade Green Rail Station,,,,,,-,,,,,,,E0034031,Slade Green,London,,,,,,1,UKOS,552248,176588,0.19049143204,51.46778615322,RLY,,,,,,110,2006-09-08T14:30:00,2007-09-26T13:00:00,1,revise,active
9100SLATEFD,,,,Slateford Rail Station,,,,,,-,,,,,,,N0078277,Slateford,Edinburgh,,,,,,1,UKOS,322400,671100,-3.24345652961,55.9266882388,RLY,,,,,,110,2006-09-08T14:30:00,2008-02-07T11:22:00,2,revise,active
9100SLCT,,,,Saltcoats Rail Station,,,,,,-,,,,,,,ES003231,Saltcoats,,,,,,,1,UKOS,224830,641330,-4.78429036459,55.63388224016,RLY,,,,,,110,2006-09-08T14:30:00,2007-09-26T13:00:00,1,revise,active
9100SLEFD,,,,Sleaford Rail Station,,,,,,-,,,,,,,E0056238,Sleaford,,,,,,,1,UKOS,506790,345420,-0.41034691104,52.99547308036,RLY,,,,,,110,2006-09-08T14:30:00,2007-09-26T13:00:00,1,revise,active
9100SLEGHTS,,,,Sleights Rail Station,,,,,,-,,,,,,,E0056364,Sleights,,,,,,,1,UKOS,486800,508120,-0.66248076241,54.46105276976,RLY,,,,,,110,2006-09-08T14:30:00,2007-09-26T13:00:00,1,revise,active
9100SLEHOPE,,,,Stanford-le-Hope Rail Station,,,,,,-,,,,,,,E0042676,Stanford le Hope,,,,,,,1,UKOS,568227,182276,0.42303584636,51.51436360562,RLY,,,,,,110,2006-09-08T14:30:00,2007-09-26T13:00:00,1,revise,active
9100SLFDCT,,,,Salford Crescent Rail Station,,,,,,-,,,,,,,N0076110,Salford,,,,,,,1,UKOS,381800,398910,-2.27574930092,53.48658728469,RLY,,,,,,110,2006-09-08T14:30:00,2014-01-28T12:26:00,2,revise,active
9100SLFDORD,,,,Salford Central Rail Station,,,,,,-,,,,,,,N0076110,Salford,,,,,,,1,UKOS,383186,398515,-2.25484069149,53.4830832998,RLY,,,,,,110,2006-09-08T14:30:00,2014-01-28T12:25:00,3,revise,active
9100SLOUGH,,,,Slough Rail Station,,,,,,-,,,,,,,E0057240,Slough,,,,,,,1,UKOS,497839,180157,-0.59151035755,51.51188041072,RLY,,,,,,110,2006-09-08T14:30:00,2007-09-26T13:00:00,1,revise,active
9100SLSBRY,,,,Salisbury Rail Station,,,,,,-,,,,,,,E0056881,Salisbury,,,,,,,1,UKOS,413662,130153,-1.80638673642,51.07054839622,RLY,,,,,,110,2006-11-17T09:19:00,2007-09-26T13:00:00,1,revise,active
9100SLTHWTE,,,,Slaithwaite Rail Station,,,,,,-,,,,,,,E0033571,Slaithwaite,Huddersfield,,,,,,1,UKOS,407930,414150,-1.88157868142,53.62382967082,RLY,,,,,,110,2006-09-08T14:30:00,2007-09-26T13:00:00,1,revise,active
9100SLTMRSH,,,,Saltmarshe Rail Station,,,,,,-,,,,,,,E0037135,Saltmarshe,,,,,,,1,UKOS,478655,425715,-0.80948561866,53.72192445458,RLY,,,,,,110,2006-09-08T14:30:00,2011-05-23T15:11:00,2,revise,active
9100SLVRTWN,,,,Silvertown & City Airport Rail Station,,,,,,-,,,,,,,N0060463,Silvertown,London,,,,,,1,UKOS,542100,180100,0.04590856441,51.5019811406,RLY,,,,,,110,2006-09-08T14:30:00,2007-09-26T13:00:00,2,delete,inactive
9100SMALBRK,,,,Smallbrook Junction Rail Station,,,,,,-,,,,,,,N0065253,Westridge,Ryde,,,,,,1,UKOS,459815,90504,-1.15419823937,50.71110247944,RLY,,,,,,110,2006-09-08T14:30:00,2010-01-06T14:16:00,3,revise,active
9100SMARGRT,,,,St Margarets (Herts) Rail Station,,,,,,-,,,,,,,E0047001,St Margarets,,,,,,,1,UKOS,538131,211803,0.00126921709,51.78784053112,RLY,,,,,,110,2006-09-08T14:30:00,2007-09-26T13:00:00,1,revise,active
9100SMBG,,,,Smithy Bridge Rail Station,,,,,,-,,,,,,,E0029343,Smithy Bridge,Rochdale,,,,,,1,UKOS,392592,415198,-2.11350247329,53.63325357668,RLY,,,,,,110,2006-09-08T14:30:00,2009-04-14T10:55:00,2,revise,active
9100SMERTON,,,,South Merton Rail Station,,,,,,-,,,,,,,N0061138,Merton Park,London,,,,,,1,UKOS,524945,168635,-0.20515739927,51.40299311016,RLY,,,,,,110,2006-09-08T14:30:00,2010-05-27T17:23:00,3,revise,active
9100SMILFD,,,,South Milford Rail Station,,,,,,-,,,,,,,E0049578,South Milford,,,,,,,1,UKOS,449482,432038,-1.25052921973,53.78232652758,RLY,,,,,,110,2006-09-08T14:30:00,2007-10-08T13:00:00,2,revise,active
9100SMINSTR,,,,Southminster Rail Station,,,,,,-,,,,,,,E0046323,Southminster,,,,,,,1,UKOS,596190,199566,0.83519265623,51.66062431914,RLY,,,,,,110,2006-09-08T14:30:00,2007-09-26T13:00:00,1,revise,active
9100SMITHAM,,,,Smitham (Coulsdon Town) Rail Station,,,,,,-,,,,,,,N0075224,Coulsdon,London,,,,,,1,UKOS,530090,159755,-0.13447885824,51.32203388443,RLY,,,,,,110,2006-09-08T14:30:00,2011-06-14T14:03:00,5,delete,inactive
9100SMLHTH,,,,Small Heath Rail Station,,,,,,-,,,,,,,E0031963,Small Heath,Birmingham,,,,,,1,UKOS,409650,285100,-1.85939268957,52.4637616379,RLY,,,,,,110,2006-09-08T14:30:00,2007-09-26T13:00:00,1,revise,active
9100SMRLYTN,,,,Somerleyton Rail Station,,,,,,-,,,,,,,E0025263,Somerleyton,,,,,,,1,UKOS,647930,296530,1.65226028383,52.5102307381,RLY,,,,,,110,2006-09-08T14:30:00,2007-09-26T13:00:00,1,revise,active
9100SMTHKRS,,,,Smethwick Rolfe Street Rail Station,,,,,,-,,,,,,,E0057928,Smethwick,,,,,,,1,UKOS,402090,288720,-1.97064443919,52.49638495514,RLY,,,,,,110,2006-09-08T14:30:00,2007-09-26T13:00:00,1,revise,active
9100SNAITH,,,,Snaith Rail Station,,,,,,-,,,,,,,E0037149,Snaith,,,,,,,1,UKOS,464250,422290,-1.02845972511,53.69311404972,RLY,,,,,,110,2006-09-08T14:30:00,2007-09-26T13:00:00,1,revise,active
9100SNDHRST,,,,Sandhurst Rail Station,,,,,,-,,,,,,,E0052956,Sandhurst,,,,,,,1,UKOS,483352,161550,-0.80459048715,51.34693090447,RLY,,,,,,110,2006-09-08T14:30:00,2011-01-24T11:22:00,2,revise,active
9100SNDOWN,,,,Sandown Rail Station,,,,,,-,,,,,,,E0053417,Sandown,,,,,,,1,UKOS,459305,84467,-1.16238729309,50.65687135545,RLY,,,,,,110,2006-09-08T14:30:00,2007-09-26T13:00:00,1,revise,active
9100SNDP,,,,Sundridge Park Rail Station,,,,,,-,,,,,,,E0034136,Plaistow,Bromley,,,,,,1,UKOS,540673,170245,0.02144640977,51.41378157281,RLY,,,,,,110,2006-09-08T14:30:00,2010-05-27T17:28:00,2,revise,active
9100SNDRLND,,,,Sunderland Rail Station,,,,,,-,,,,,,,E0057917,Sunderland,,,,,,,1,UKOS,439705,556910,-1.38230426318,54.90533967615,RLY,,,,,,110,2006-09-08T14:30:00,2010-05-05T16:53:00,2,revise,active
9100SNDRMNK,,,,St Peters Rail Station,,,,,,-,,,,,,,N0077869,St Peters,Sunderland,,,,,,1,UKOS,439603,557588,-1.38380190882,54.91144009976,RLY,,,,,,110,2006-09-08T14:30:00,2007-09-26T13:00:00,2,revise,active
9100SNDWDUD,,,,Sandwell & Dudley Rail Station,,,,,,-,,,,,,,E0031844,Oldbury,,,,,,,1,UKOS,399310,290085,-2.01159594973,52.50865918165,RLY,,,,,,110,2006-09-08T14:30:00,2010-04-01T15:55:00,2,revise,active
9100SNDY,,,,Sandy Rail Station,,,,,,-,,,,,,,E0043911,Sandy,,,,,,,1,UKOS,517765,248773,-0.28119037129,52.12473374735,RLY,,,,,,110,2006-09-08T14:30:00,2007-09-26T13:00:00,1,revise,active
9100SNGT,,,,Stonegate Rail Station,,,,,,-,,,,,,,E0010680,Stonegate,,,,,,,1,UKOS,565892,127169,0.36386821978,51.01996771555,RLY,,,,,,110,2006-09-08T14:30:00,2007-09-26T13:00:00,1,revise,active
9100SNODLND,,,,Snodland Rail Station,,,,,,-,,,,,,,E0047355,Snodland,,,,,,,1,UKOS,570660,161860,0.44824133528,51.33023071305,RLY,,,,,,110,2006-09-08T14:30:00,2007-09-26T13:00:00,1,revise,active
9100SNWDNAN,,,,Snowdown Rail Station,,,,,,-,,,,,,,E0014816,Snowdown,,,,,,,1,UKOS,624537,151141,1.21370524211,51.2153001657,RLY,,,,,,110,2006-09-08T14:30:00,2007-09-26T13:00:00,1,revise,active
9100SOAV,,,,Stratford-upon-Avon Rail Station,,,,,,-,,,,,,,E0051992,Stratford-upon-Avon,,,,,,,1,UKOS,419490,255150,-1.71628843305,52.19424832421,RLY,,,,,,110,2006-09-08T14:30:00,2007-09-26T13:00:00,1,revise,active
9100SOAVPWY,,,,Stratford-upon-Avon Parkway Rail Station,,,,,,-,,,,,,,E0051992,Stratford-upon-Avon,,,,,,,0,UKOS,418490,256540,-1.73084236463,52.20677905557,RLY,,,,,,110,2013-03-15T14:09:00,2013-05-16T14:13:00,2,revise,active
9100SOLEST,,,,Sole Street Rail Station,,,,,,-,,,,,,,E0014901,Sole Street,,,,,,,1,UKOS,565583,167583,0.37809701189,51.38314555885,RLY,,,,,,110,2006-09-08T14:30:00,2007-09-26T13:00:00,1,revise,active
9100SOLIHUL,,,,Solihull Rail Station,,,,,,-,,,,,,,E0057935,Solihull,,,,,,,1,UKOS,414490,279620,-1.78839054222,52.41439070084,RLY,,,,,,110,2006-09-08T14:30:00,2007-09-26T13:00:00,1,revise,active
9100SOTNTQ,,,,Southampton Town Quay,,,,,,-,,,,,,,E0057247,Southampton,,,,,,,1,UKOS,441884,110798,-1.40583030391,50.8951524436,RLY,,,,,,110,2006-09-08T14:30:00,2015-06-09T11:27:00,3,revise,inactive
9100SOTON,,,,Southampton Central Rail Station,,,,,,-,,,,,,,E0057247,Southampton,,,,,,,1,UKOS,441327,112161,-1.41359587161,50.9074484476,RLY,,,,,,110,2006-11-17T09:19:00,2007-09-26T13:00:00,1,revise,active
9100SOTPKWY,,,,Southampton Airport Parkway Rail Station,,,,,,-,,,,,,,E0013465,North Stoneham,Eastleigh,,,,,,1,UKOS,444836,117013,-1.36309685087,50.95081542663,RLY,,,,,,110,2006-09-08T14:30:00,2007-09-26T13:00:00,2,revise,active
9100SOUTHPT,,,,Southport Rail Station,,,,,,-,,,,,,,E0029882,Southport,,,Sefton,,Southport,,1,UKOS,333832,417135,-3.00243474538,53.64651914099,RLY,,,,,,110,2006-09-08T14:30:00,2007-09-26T13:00:00,1,revise,active
9100SPALDNG,,,,Spalding Rail Station,,,,,,-,,,,,,,E0057562,Spalding,,,,,,,1,UKOS,524390,322840,-0.15688407005,52.78880646873,RLY,,,,,,110,2006-09-08T14:30:00,2007-09-26T13:00:00,1,revise,active
9100SPDN,,,,Spondon Rail Station,,,,,,-,,,,,,,E0036836,Spondon,,,,,,,1,UKOS,439700,335139,-1.41109389596,52.91221924062,RLY,,,,,,110,2006-09-08T14:30:00,2009-01-19T11:32:00,2,revise,active
9100SPEANBD,,,,Spean Bridge Rail Station,,,,,,-,,,,,,,ES003381,Spean Bridge,,,,,,,1,UKOS,222120,781430,-4.92160677334,56.89001359791,RLY,,,,,,110,2006-09-08T14:30:00,2007-09-26T13:00:00,1,revise,active
9100SPFD,,,,Springfield Rail Station,,,,,,-,,,,,,,ES003389,Springfield,,,,,,,1,UKOS,334960,711890,-3.05244809002,56.29497024224,RLY,,,,,,110,2006-09-08T14:30:00,2007-09-26T13:00:00,1,revise,active
9100SPHL,,,,Shippea Hill Rail Station,,,,,,-,,,,,,,E0000912,Shippea Hill,Ely,,,,,,1,UKOS,564174,284098,0.41334527012,52.43021342082,RLY,,,,,,110,2006-11-17T09:19:00,2007-09-26T13:00:00,1,revise,active
9100SPHS,,,,Staplehurst Rail Station,,,,,,-,,,,,,,E0047221,Staplehurst,,,,,,,1,UKOS,578392,144450,0.55043851131,51.17146743886,RLY,,,,,,110,2006-09-08T14:30:00,2007-09-26T13:00:00,1,revise,active
9100SPITAL,,,,Spital Rail Station,,,,,,-,,,,,,,E0029884,Spital,Bebington,,Wirral,,Bebington,,1,UKOS,333920,383020,-2.99390656946,53.3399370268,RLY,,,,,,110,2006-09-08T14:30:00,2007-09-26T13:00:00,1,revise,active
9100SPLY,,,,Shepley Rail Station,,,,,,-,,,,,,,E0033552,Shepley,Huddersfield,,,,,,1,UKOS,419630,410280,-1.70492806467,53.58874031289,RLY,,,,,,110,2006-09-08T14:30:00,2010-07-23T14:10:00,2,revise,active
9100SPONRRW,,,,Spooner Row Rail Station,,,,,,-,,,,,,,E0018371,Spooner Row,Wymondham,,,,,,1,UKOS,609430,297491,1.08647573814,52.53499701426,RLY,,,,,,110,2006-09-08T14:30:00,2007-09-26T13:00:00,1,revise,active
9100SPRD,,,,Spring Road Rail Station,,,,,,-,,,,,,,E0031606,Hall Green,Birmingham,,,,,,1,UKOS,411150,282840,-1.83738948242,52.4434160721,RLY,,,,,,110,2006-09-08T14:30:00,2007-09-26T13:00:00,1,revise,active
9100SPRNGBN,,,,Springburn Rail Station,,,,,,-,,,,,,,ES003388,Springburn,Glasgow,,,,,,1,UKOS,260570,667670,-4.23053426289,55.88193710238,RLY,,,,,,110,2006-09-08T14:30:00,2011-07-07T14:07:00,2,revise,active
9100SPTN,,,,Shipton Rail Station,,,,,,-,,,,,,,E0050550,Shipton-under-Wychwood,,,,,,,1,UKOS,428143,218642,-1.59269329027,51.86565414774,RLY,,,,,,110,2006-11-17T09:19:00,2007-09-26T13:00:00,1,revise,active
9100SQUIRES,,,,Squires Gate Rail Station,,,,,,-,,,,,,,N0065097,Squires Gate,Blackpool,,,,,,1,UKOS,330883,431734,-3.0503016222,53.77733231037,RLY,,,,,,110,2006-09-08T14:30:00,2009-10-15T16:31:00,2,revise,active
9100SRUISLP,,,,South Ruislip Rail Station,,,,,,-,,,,,,,E0034512,South Ruislip,London,,,,,,1,UKOS,511070,185440,-0.39925906986,51.55692028041,RLY,,,,,,110,2006-09-08T14:30:00,2007-09-26T13:00:00,1,revise,active
9100SSEACLE,,,,Southsea Hoverport,,,,,,-,,,,,,,E0040739,Southsea,Portsmouth,,,,,,1,UKOS,463542,98803,-1.09998985649,50.78532836349,RLY,,,,,,110,2006-09-08T14:30:00,2007-09-26T13:00:00,1,revise,active
9100STAFFRD,,,,Stafford Rail Station,,,,,,-,,,,,,,E0056658,Stafford,,,,,,,1,UKOS,391870,322933,-2.12203561722,52.80389003593,RLY,,,,,,110,2006-09-08T14:30:00,2007-09-26T13:00:00,2,revise,active
9100STAINES,,,,Staines Rail Station,,,,,,-,,,,,,,E0025649,Staines,,,,,,,1,UKOS,504150,171446,-0.50316445308,51.43245541006,RLY,,,,,,110,2006-09-08T14:30:00,2007-09-26T13:00:00,1,revise,active
9100STALBCY,,,,St Albans City Rail Station,,,,,,-,,,,,,,E0014212,St Albans,,,,,,,1,UKOS,515549,207076,-0.32753822723,51.75047315653,RLY,,,,,,110,2006-09-08T14:30:00,2014-02-05T08:48:00,2,revise,active
9100STALBNA,,,,St Albans Abbey Rail Station,,,,,,-,,,,,,,E0014212,St Albans,,,,,,,1,UKOS,514526,206414,-0.34256864401,51.74473340277,RLY,,,,,,110,2006-09-08T14:30:00,2007-09-26T13:00:00,1,revise,active
9100STAMFD,,,,Stamford Rail Station,,,,,,-,,,,,,,E0056252,Stamford,,,,,,,1,UKOS,502925,306650,-0.48011515572,52.64783198975,RLY,,,,,,110,2006-09-08T14:30:00,2011-05-23T14:53:00,2,revise,active
9100STANAIR,,,,Stansted Airport Rail Station,,,,,,-,,,,,,,N0071618,Stansted Airport,,,,,,,1,UKOS,555683,223530,0.26081559435,51.88859105236,RLY,,,,,,110,2006-09-08T14:30:00,2007-12-17T15:06:00,2,revise,active
9100STANMFC,,,,Stansted Mountfitchet Rail Station,,,,,,-,,,,,,,E0046422,Stansted Mountfitchet,,,,,,,1,UKOS,551440,224830,0.19978096127,51.90143834717,RLY,,,,,,110,2006-09-08T14:30:00,2010-10-06T14:32:00,2,revise,active
9100STARBCK,,,,Starbeck Rail Station,,,,,,-,,,,,,,E0018764,Starbeck,Harrogate,,,,,,1,UKOS,432800,456000,-1.50112962988,53.99899891709,RLY,,,,,,110,2006-09-08T14:30:00,2007-09-26T13:00:00,1,revise,active
9100STAS,,,,St Annes-on-the-Sea Rail Station,,,,,,-,,,,,,,E0015845,St Annes,,,,,,,1,UKOS,332241,429010,-3.02909928872,53.75303170986,RLY,,,,,,110,2006-09-08T14:30:00,2009-10-15T16:32:00,2,revise,active
9100STAUSTL,,,,St Austell Rail Station,,,,,,-,,,,,,,E0004692,St Austell,,,,,,,1,UKOS,201611,52565,-4.78935886477,50.3395170409,RLY,,,,,,110,2006-09-08T14:30:00,2007-09-26T13:00:00,1,revise,active
9100STAVELY,,,,Staveley Rail Station,,,,,,-,,,,,,,E0055520,Staveley,,,,,,,1,UKOS,346905,498090,-2.8188625288,54.37553260053,RLY,,,,,,110,2006-09-08T14:30:00,2011-03-07T14:37:00,2,revise,active
9100STBDXFR,,,,St Budeaux Ferry Road Rail Station,,,,,,-,,,,,,,E0040647,St Budeaux,Plymouth,,,,,,1,UKOS,244685,58010,-4.18681181907,50.40139219887,RLY,,,,,,110,2006-09-08T14:30:00,2010-10-05T15:00:00,2,revise,active
9100STBDXVR,,,,St Budeaux Victoria Road Rail Station,,,,,,-,,,,,,,E0040647,St Budeaux,Plymouth,,,,,,1,UKOS,244645,58080,-4.18740319831,50.40201068203,RLY,,,,,,110,2006-09-08T14:30:00,2010-10-05T15:00:00,2,revise,active
9100STBEES,,,,St Bees Rail Station,,,,,,-,,,,,,,E0055509,St Bees,,,,,,,1,UKOS,297035,511965,-3.59114998253,54.49253187523,RLY,,,,,,110,2006-09-08T14:30:00,2011-03-07T14:37:00,2,revise,active
9100STCKSFL,,,,Stocksfield Rail Station,,,,,,-,,,,,,,E0020239,Stocksfield,,,,,,,1,UKOS,405430,561380,-1.91675919875,54.9470484166,RLY,,,,,,110,2006-09-08T14:30:00,2007-09-26T13:00:00,1,revise,active
9100STCLMBR,,,,St Columb Road Rail Station,,,,,,-,,,,,,,E0004697,St Columb Road,,,,,,,1,UKOS,191100,59560,-4.94075520595,50.39870662375,RLY,,,,,,110,2006-09-08T14:30:00,2011-09-30T10:59:00,2,revise,active
9100STCN,,,,Strathcarron Rail Station,,,,,,-,,,,,,,N0067708,Strathcarron,,,,,,,1,UKOS,194231,842124,-5.42861255451,57.42273344434,RLY,,,,,,110,2006-09-08T14:30:00,2010-02-25T14:38:00,3,revise,active
9100STCR,,,,Stone Crossing Rail Station,,,,,,-,,,,,,,E0047148,Stone,,,,,,,1,UKOS,557394,174913,0.26377125157,51.45133048365,RLY,,,,,,110,2006-09-08T14:30:00,2007-09-26T13:00:00,1,revise,active
9100STCRHCR,,,,Stone Crossing - Horns Cross,,,,,,-,,,,,,,E0047148,Stone,,,,,,,0,UKOS,557360,174340,0.26302773491,51.44619179381,BCQ,,,,,,110,2008-11-06T15:37:00,2009-08-21T13:15:00,2,revise,active
9100STDENYS,,,,St Denys Rail Station,,,,,,-,,,,,,,E0042026,St Denys,Southampton,,,,,,1,UKOS,443130,113815,-1.38775913197,50.9221894338,RLY,,,,,,110,2006-09-08T14:30:00,2010-05-05T16:54:00,2,revise,active
9100STECHFD,,,,Stechford Rail Station,,,,,,-,,,,,,,E0031990,Stechford,Birmingham,,,,,,1,UKOS,412930,287450,-1.81102530457,52.48482081945,RLY,,,,,,110,2006-09-08T14:30:00,2007-09-26T13:00:00,1,revise,active
9100STEETON,,,,Steeton & Silsden Rail Station,,,,,,-,,,,,,,E0033623,Steeton,Keighley,,,,,,1,UKOS,403730,444875,-1.94471953227,53.90003195839,RLY,,,,,,110,2006-09-08T14:30:00,2010-07-23T14:11:00,2,revise,active
9100STEPPS,,,,Stepps Rail Station,,,,,,-,,,,,,,ES003470,Stepps,,,,,,,1,UKOS,266210,668405,-4.14080753902,55.8901364063,RLY,,,,,,110,2006-09-08T14:30:00,2011-08-22T14:05:00,2,revise,active
9100STERTH,,,,St Erth Rail Station,,,,,,-,,,,,,,E0044628,St Erth,,,,,,,1,UKOS,154150,35730,-5.44425203061,50.17049119099,RLY,,,,,,110,2006-09-08T14:30:00,2007-09-26T13:00:00,1,revise,active
9100STEVNGE,,,,Stevenage Rail Station,,,,,,-,,,,,,,E0056006,Stevenage,,,,,,,1,UKOS,523448,224090,-0.20710938646,51.90168753394,RLY,,,,,,110,2006-09-08T14:30:00,2007-09-26T13:00:00,1,revise,active
9100STEWRTN,,,,Stewarton Rail Station,,,,,,-,,,,,,,ES003476,Stewarton,,,,,,,1,UKOS,241780,646060,-4.51805752834,55.68215385455,RLY,,,,,,110,2006-09-08T14:30:00,2007-09-26T13:00:00,1,revise,active
9100STFD,,,,Stratford (London) Rail Station,,,,,,-,,,,,,,N0060321,Stratford,London,,,,,,1,UKOS,538557,184444,-0.00339665668,51.54189506722,RLY,,,,,,110,2006-09-08T14:30:00,2009-10-02T18:29:00,2,revise,active
9100STFDLL,,,,Stratford Low Level Rail Station,,,,,,-,,,,,,,N0060321,Stratford,London,,,,,,1,UKOS,538560,184350,-0.00339039833,51.5410496534,RLY,,,,,,110,2006-09-08T14:30:00,2010-10-01T11:17:00,5,delete,inactive
9100STFODOM,,,,Stratford International Rail Station,,,,,,-,,,,,,,N0060321,Stratford,London,,,,,,0,UKOS,538175,184760,-0.00877756521,51.54482819559,RLY,,,,,,110,2009-11-16T09:52:00,2009-11-16T09:53:00,1,revise,active
9100STFORDI,,,,Stratford International Rail Station,,,,,,-,,,,,,,N0060321,Stratford,London,,,,,,0,UKOS,538160,184760,-0.0089937391,51.54483186467,RLY,,,,,,110,2011-11-14T14:17:00,2011-11-14T14:17:00,1,delete,inactive
9100STGRMNS,,,,St Germans Rail Station,,,,,,-,,,,,,,E0044475,St Germans,,,,,,,1,UKOS,236020,57480,-4.30840429074,50.3942745382,RLY,,,,,,110,2006-09-08T14:30:00,2007-09-26T13:00:00,1,revise,active
9100STHALL,,,,Southall Rail Station,,,,,,-,,,,,,,E0034273,Southall,London,,,,,,1,UKOS,512627,179804,-0.37861029548,51.50595660067,RLY,,,,,,110,2006-09-08T14:30:00,2007-09-26T13:00:00,1,revise,active
9100STHBANK,,,,South Bank Rail Station,,,,,,-,,,,,,,E0041570,South Bank,,,,,,,1,UKOS,453310,521270,-1.17666693461,54.58382976596,RLY,,,,,,110,2006-09-08T14:30:00,2007-09-26T13:00:00,1,revise,active
9100STHCENT,,,,Southend Central Rail Station,,,,,,-,,,,,,,E0057248,Southend-on-Sea,,,,,,,1,UKOS,588162,185503,0.71172670882,51.53706460169,RLY,,,,,,110,2006-09-08T14:30:00,2007-09-26T13:00:00,1,revise,active
9100STHEAIR,,,,Southend Airport Rail Station,,,,,,-,,,,,,,E0057248,Southend-on-Sea,,,,,,,0,UKOS,587569,189000,0.70504986182,51.56866960942,RLY,,,,,,110,2010-09-06T15:12:00,2011-04-21T18:32:00,7,revise,active
9100STHGYLE,,,,South Gyle Rail Station,,,,,,-,,,,,,,N0078276,South Gyle,Edinburgh,,,,,,1,UKOS,318920,672240,-3.29947615533,55.93635352234,RLY,,,,,,110,2006-09-08T14:30:00,2008-03-28T12:00:00,2,revise,active
9100STHLNSC,,,,St Helens Central Rail Station,,,,,,-,,,,,,,E0057858,St Helens,,,St. Helens,,St Helens,,1,UKOS,351600,395400,-2.73030479223,53.45312298341,RLY,,,,,,110,2006-09-08T14:30:00,2010-07-29T14:15:00,2,revise,active
9100STHLNSJ,,,,St Helens Junction Rail Station,,,,,,-,,,,,,,E0057858,St Helens,,,St. Helens,,St Helens,,0,UKOS,353574,393222,-2.70025944775,53.43372556882,RLY,,,,,,110,2006-09-08T14:30:00,2010-09-06T15:20:00,3,revise,active
9100STHNDE,,,,Southend East Rail Station,,,,,,-,,,,,,,E0042048,Southchurch,Southend-on-Sea,,,,,,1,UKOS,589547,185767,0.73181482156,51.53897266373,RLY,,,,,,110,2006-09-08T14:30:00,2009-03-06T17:00:00,2,revise,active
9100STHS,,,,Streethouse Rail Station,,,,,,-,,,,,,,E0033639,Streethouse,Featherstone,,,,,,1,UKOS,439725,420132,-1.40011838392,53.67615430804,RLY,,,,,,110,2006-09-08T14:30:00,2010-07-23T14:11:00,2,revise,active
9100STHVIC,,,,Southend Victoria Rail Station,,,,,,-,,,,,,,E0057248,Southend-on-Sea,,,,,,,1,UKOS,588128,185997,0.7115008594,51.54151270052,RLY,,,,,,110,2006-09-08T14:30:00,2007-09-26T13:00:00,1,revise,active
9100STHWICK,,,,Southwick Rail Station,,,,,,-,,,,,,,E0057695,Southwick,Shoreham-by-Sea,,,,,,1,UKOS,524323,105147,-0.23596179586,50.83251623943,RLY,,,,,,110,2006-09-08T14:30:00,2009-10-15T16:34:00,4,revise,active
9100STIRLNG,,,,Stirling Rail Station,,,,,,-,,,,,,,ES003486,Stirling,,,,,,,1,UKOS,279757,693585,-3.93561953352,56.11981675175,RLY,,,,,,110,2006-09-08T14:30:00,2010-07-12T14:37:00,2,revise,active
9100STIVES,,,,St Ives (Cornwall) Rail Station,,,,,,-,,,,,,,E0004362,St Ives,,,,,,,1,UKOS,151947,40127,-5.47791239207,50.20904450411,RLY,,,,,,110,2006-09-08T14:30:00,2011-09-30T10:59:00,2,revise,active
9100STJAMSP,,,,St James Park (Devon) Rail Station,,,,,,-,,,,,,,E0055597,Exeter City Centre,Exeter,,,,,,1,UKOS,292682,93498,-3.5219937344,50.73115566086,RLY,,,,,,110,2006-09-08T14:30:00,2009-01-19T11:33:00,2,revise,active
9100STJMSST,,,,St James Street (London) Rail Station,,,,,,-,,,,,,,E0034881,Walthamstow,London,,,,,,1,UKOS,536393,188735,-0.03291837598,51.58098091546,RLY,,,,,,110,2006-09-08T14:30:00,2010-07-05T19:16:00,3,revise,active
9100STJOHNS,,,,St Johns (London) Rail Station,,,,,,-,,,,,,,E0034674,St Johns,Lewisham,,,,,,1,UKOS,537435,176345,-0.02271874481,51.46939082026,RLY,,,,,,110,2006-09-08T14:30:00,2010-07-29T14:15:00,3,revise,active
9100STKEYNE,,,,St Keyne Wishing Well Halt (Rail Station),,,,,,-,,,,,,,E0044478,St Keyne,,,,,,,1,UKOS,225102,61032,-4.46351988055,50.42304021836,RLY,,,,,,110,2006-09-08T14:30:00,2009-07-21T11:14:00,2,revise,active
9100STKM,,,,Stoke Mandeville Rail Station,,,,,,-,,,,,,,E0044029,Stoke Mandeville,,,,,,,1,UKOS,483965,210603,-0.7840862047,51.78779553739,RLY,,,,,,110,2006-09-08T14:30:00,2007-09-26T13:00:00,1,revise,active
9100STKNWNG,,,,Stoke Newington Rail Station,,,,,,-,,,,,,,E0034369,Stoke Newington,London,,,,,,1,UKOS,533670,186910,-0.07288735137,51.56523277493,RLY,,,,,,110,2006-09-08T14:30:00,2007-09-26T13:00:00,1,revise,active
9100STKP,,,,Stockport Rail Station,,,,,,-,,,,,,,E0057819,Stockport,,,,,,,1,UKOS,389260,389870,-2.16301308614,53.40553843992,RLY,,,,,,110,2006-09-08T14:30:00,2009-03-13T16:56:00,2,revise,active
9100STKSMR,,,,Stocksmoor Rail Station,,,,,,-,,,,,,,E0033629,Stocksmoor,Huddersfield,,,,,,1,UKOS,418415,410870,-1.72324784737,53.59408714194,RLY,,,,,,110,2006-09-08T14:30:00,2010-07-23T14:12:00,2,revise,active
9100STLEIGH,,,,Stoneleigh Rail Station,,,,,,-,,,,,,,E0025338,Stoneleigh,Ewell,,,,,,1,UKOS,522024,164159,-0.24866513765,51.36340065949,RLY,,,,,,110,2006-09-08T14:30:00,2007-09-26T13:00:00,1,revise,active
9100STLNRWS,,,,St Leonards Warrior Square Rail Station,,,,,,-,,,,,,,E0010526,St Leonards,Hastings,,,,,,1,UKOS,580300,109365,0.56027947581,50.85569504181,RLY,,,,,,110,2006-09-08T14:30:00,2010-12-20T11:15:00,2,revise,active
9100STMCHLS,,,,St Michaels Rail Station,,,,,,-,,,,,,,E0029889,St Michaels,Aigburth,,Liverpool,,Aigburth,,1,UKOS,336710,386950,-2.95279826465,53.37559911654,RLY,,,,,,110,2006-09-08T14:30:00,2007-09-26T13:00:00,1,revise,active
9100STMFDHL,,,,Stamford Hill Rail Station,,,,,,-,,,,,,,E0034368,Stamford Hill,London,,,,,,1,UKOS,533380,187930,-0.07668192282,51.57446738866,RLY,,,,,,110,2006-09-08T14:30:00,2007-09-26T13:00:00,1,revise,active
9100STMGTS,,,,St Margarets (London) Rail Station,,,,,,-,,,,,,,E0034779,St Margarets,London,,,,,,1,UKOS,516810,174255,-0.32020042277,51.45523603672,RLY,,,,,,110,2006-09-08T14:30:00,2010-05-27T17:25:00,2,revise,active
9100STMRYC,,,,St Mary Cray Rail Station,,,,,,-,,,,,,,E0034148,St Mary Cray,London,,,,,,1,UKOS,546640,168295,0.10638367579,51.3947493177,RLY,,,,,,110,2006-09-08T14:30:00,2010-05-27T17:25:00,2,revise,active
9100STNBGPK,,,,Stonebridge Park Rail Station,,,,,,-,,,,,,,N0075250,Stonebridge,London,,,,,,1,UKOS,519660,184210,-0.27582835209,51.54411099528,RLY,,,,,,110,2006-09-08T14:30:00,2007-09-26T13:00:00,1,revise,active
9100STNEOTS,,,,St Neots Rail Station,,,,,,-,,,,,,,E0043776,St Neots,,,,,,,1,UKOS,519790,260710,-0.2474138331,52.23156759899,RLY,,,,,,110,2006-09-08T14:30:00,2007-09-26T13:00:00,1,revise,active
9100STNGBRN,,,,Sittingbourne Rail Station,,,,,,-,,,,,,,E0015371,Sittingbourne,,,,,,,1,UKOS,590564,163871,0.73468445526,51.34197679506,RLY,,,,,,110,2006-09-08T14:30:00,2007-09-26T13:00:00,1,revise,active
9100STNHPO,,,,Stonehouse - Post Office,,,,,,-,,,,,,,E0046638,Stonehouse,Stroud,,,,,,0,UKOS,380600,205280,-2.28239532078,51.74588072334,BCQ,,,,,,110,2008-11-06T15:38:00,2009-08-21T13:15:00,2,revise,active
9100STNHSE,,,,Stonehouse Rail Station,,,,,,-,,,,,,,E0046638,Stonehouse,Stroud,,,,,,1,UKOS,380800,205280,-2.27949850988,51.7458876539,RLY,,,,,,110,2006-09-08T14:30:00,2007-09-26T13:00:00,1,revise,active
9100STNLWAT,,,,Stanlow & Thornton Rail Station,,,,,,-,,,,,,,N0071622,Stanlow,,,,,,,1,UKOS,343950,376040,-2.84205145669,53.2783625438,RLY,,,,,,110,2006-09-08T14:30:00,2011-03-24T16:46:00,3,revise,active
9100STOCTON,,,,Stockton Rail Station,,,,,,-,,,,,,,N0070302,Stockton,,,,,,,1,UKOS,444156,519591,-1.31854310582,54.56962223481,RLY,,,,,,110,2006-09-08T14:30:00,2009-10-15T16:35:00,2,revise,active
9100STOKEOT,,,,Stoke-on-Trent Rail Station,,,,,,-,,,,,,,N0073188,Stoke-upon-Trent,Stoke-on-Trent,,,,,,1,UKOS,387953,345645,-2.18098733035,53.00798007308,RLY,,,,,,110,2006-09-08T14:30:00,2011-05-19T16:48:00,2,revise,active
9100STONE,,,,Stone Rail Station,,,,,,-,,,,,,,E0024271,Stonefield,Stone,,,,,,1,UKOS,389670,334555,-2.15504116507,52.90832615094,RLY,,,,,,110,2006-09-08T14:30:00,2013-01-03T09:32:00,3,revise,active
9100STONEGS,,,,Stone Granville Square,,,,,,-,,,,,,,E0051233,Stone,,,,,,,1,UKOS,390122,334007,-2.14830358752,52.90340862217,BCQ,,,,,,110,2006-09-08T14:30:00,2009-08-21T13:15:00,2,revise,active
9100STOTNHM,,,,South Tottenham Rail Station,,,,,,-,,,,,,,N0061136,South Tottenham,London,,,,,,1,UKOS,533680,188595,-0.0721025934,51.58037225345,RLY,,,,,,110,2006-09-08T14:30:00,2010-05-27T17:24:00,2,revise,active
9100STOW,,,,Stow Rail Station,,,,,,-,,,,,,,ES003506,Stow,,,Stow,,,,0,UKOS,345603,644657,-2.86688525572,55.69231532217,RLY,,,,,,110,2015-03-26T10:05:00,2015-07-07T12:52:00,2,revise,active
9100STPADOM,,,,London St Pancras International Rail Station,,,,,,-,,,,,,,E0034186,St Pancras,London,,,,,,0,UKOS,530050,183175,-0.1264633895,51.5325135782,RLY,,,,,,110,2009-03-30T11:08:00,2010-08-16T13:58:00,2,revise,active
9100STPANCI,,,,St Pancras International Rail Station,,,,,,-,,,,,,,E0034186,St Pancras,London,,,,,,0,UKOS,530020,183176,-0.12689528175,51.53252946779,RLY,,,,,,110,2011-11-14T14:16:00,2011-11-14T14:16:00,1,delete,inactive
9100STPLTNR,,,,Stapleton Road Rail Station,,,,,,-,,,,,,,E0035599,Easton,Bristol,,,,,,1,UKOS,360765,174434,-2.56621684378,51.46750678691,RLY,,,,,,110,2006-09-08T14:30:00,2011-02-07T16:06:00,2,revise,active
9100STPMEG,,,,London St Pancras Megabusplus,,,,,,-,,,,,,,E0034186,St Pancras,London,,,,,,0,UKOS,530120,182965,-0.12553230272,51.5306102792,BCQ,,,,,,110,2009-05-27T10:18:00,2009-05-27T10:20:00,1,revise,active
9100STPX,,,,London St Pancras International Rail Station,,,,,,-,,,,,,,E0034186,St Pancras,London,,,,,,1,UKOS,530000,183160,-0.12718935728,51.53239028319,RLY,,,,,,110,2006-11-27T14:30:00,2010-08-16T13:57:00,4,revise,active
9100STPXBOX,,,,London St Pancras International LL Rail Station,,,,,,-,,,,,,,E0034186,St Pancras,London,,,,,,1,UKOS,529990,183135,-0.12734266393,51.53216791828,RLY,,,,,,110,2007-09-19T15:00:00,2010-08-16T13:58:00,4,revise,active
9100STRBDG1,,,,Stourbridge Junction Rail Station,,,,,,-,,,,,,,E0057926,Stourbridge,,,,,,,0,UKOS,390998,283295,-2.13387628874,52.44754188216,RLY,,,,,,110,2011-07-07T15:34:00,2011-07-07T15:35:00,1,revise,active
9100STRBDGJ,,,,Stourbridge Junction Rail Station,,,,,,-,,,,,,,E0057926,Stourbridge,,,,,,,0,UKOS,391000,283300,-2.13384699879,52.44758686544,RLY,,,,,,110,2006-09-08T14:30:00,2012-02-13T14:33:00,2,revise,active
9100STRBDGT,,,,Stourbridge Town Rail Station,,,,,,-,,,,,,,E0057926,Stourbridge,,,,,,,1,UKOS,390460,284190,-2.14181789595,52.45557866625,RLY,,,,,,110,2006-09-08T14:30:00,2007-09-26T13:00:00,1,revise,active
9100STRCROS,,,,Starcross Rail Station,,,,,,-,,,,,,,E0008586,Starcross,,,,,,,1,UKOS,297700,81900,-3.44770422288,50.62779775582,RLY,,,,,,110,2006-09-08T14:30:00,2007-09-26T13:00:00,1,revise,active
9100STRETHM,,,,Streatham Rail Station,,,,,,-,,,,,,,E0034643,Streatham,London,,,,,,1,UKOS,530000,171300,-0.13155025669,51.42580802013,RLY,,,,,,110,2006-09-08T14:30:00,2007-09-26T13:00:00,1,revise,active
9100STRHCOM,,,,Streatham Common Rail Station,,,,,,-,,,,,,,E0034646,Streatham Vale,London,,,,,,1,UKOS,529710,170505,-0.13600977547,51.41872988138,RLY,,,,,,110,2006-09-08T14:30:00,2010-05-27T17:26:00,3,revise,active
9100STRHILL,,,,Streatham Hill Rail Station,,,,,,-,,,,,,,E0034645,Streatham Hill,London,,,,,,1,UKOS,530270,172685,-0.12716003472,51.43819274763,RLY,,,,,,110,2006-09-08T14:30:00,2010-05-27T17:27:00,2,revise,active
9100STRINES,,,,Strines Rail Station,,,,,,-,,,,,,,E0029391,Strines,,,,,,,0,UKOS,397841,386465,-2.03391571691,53.37503908032,RLY,,,,,,110,2006-09-08T14:30:00,2010-05-17T13:55:00,4,revise,active
9100STRMFRY,,,,Stromeferry Rail Station,,,,,,-,,,,,,,N0067710,Stromeferry,,,,,,,1,UKOS,186467,834667,-5.55116067873,57.35229778238,RLY,,,,,,110,2006-09-08T14:30:00,2010-02-25T14:39:00,2,revise,active
9100STRNRR,,,,Stranraer Rail Station,,,,,,-,,,,,,,ES003513,Stranraer,,,,,,,1,UKOS,206200,561400,-5.02473747151,54.90960226162,RLY,,,,,,110,2006-09-08T14:30:00,2007-09-26T13:00:00,1,revise,active
9100STROOD,,,,Strood Rail Station,,,,,,-,,,,,,,E0057194,Strood,,,,,,,1,UKOS,574027,169356,0.50018750475,51.39654863669,RLY,,,,,,110,2006-09-08T14:30:00,2007-09-26T13:00:00,1,revise,active
9100STRUD,,,,Stroud (Glos) Rail Station,,,,,,-,,,,,,,E0055881,Stroud,,,,,,,1,UKOS,384950,205125,-2.21938268207,51.74462174505,RLY,,,,,,110,2006-09-08T14:30:00,2010-12-20T11:18:00,2,revise,active
9100STRWBYH,,,,Strawberry Hill Rail Station,,,,,,-,,,,,,,E0034781,Strawberry Hill,London,,,,,,1,UKOS,515520,172415,-0.3393583891,51.43896297044,RLY,,,,,,110,2006-09-08T14:30:00,2010-05-27T17:26:00,2,revise,active
9100STTNPWY,,,,Sutton Parkway Rail Station,,,,,,-,,,,,,,N0061027,Sutton Junction,Sutton in Ashfield,,,,,,1,UKOS,450595,357700,-1.24556823649,53.11409275702,RLY,,,,,,110,2006-09-08T14:30:00,2011-01-24T11:22:00,2,revise,active
9100STURRY,,,,Sturry Rail Station,,,,,,-,,,,,,,E0056024,Sturry,,,,,,,1,UKOS,617746,160401,1.12225540579,51.3010690617,RLY,,,,,,110,2006-09-08T14:30:00,2007-09-26T13:00:00,1,revise,active
9100STVNSTN,,,,Stevenston Rail Station,,,,,,-,,,,,,,ES003471,Stevenston,,,,,,,1,UKOS,226940,641290,-4.75078958478,55.6342789413,RLY,,,,,,110,2006-09-08T14:30:00,2007-09-26T13:00:00,1,revise,active
9100STWMRKT,,,,Stowmarket Rail Station,,,,,,-,,,,,,,E0051470,Stowmarket,,,,,,,1,UKOS,605160,258850,1.00000543085,52.18971307144,RLY,,,,,,110,2006-09-08T14:30:00,2007-09-26T13:00:00,1,revise,active
9100STWRTBY,,,,Stewartby Rail Station,,,,,,-,,,,,,,E0043861,Stewartby,,,,,,,1,UKOS,501496,242222,-0.52069216095,52.06907966543,RLY,,,,,,110,2006-09-08T14:30:00,2007-09-26T13:00:00,1,revise,active
9100STYAL,,,,Styal Rail Station,,,,,,-,,,,,,,E0002070,Styal,Wilmslow,,,,,,1,UKOS,384090,383520,-2.24045603286,53.34832974665,RLY,,,,,,110,2006-09-08T14:30:00,2007-09-26T13:00:00,1,revise,active
9100SUDBURY,,,,Sudbury (Suffolk) Rail Station,,,,,,-,,,,,,,E0051349,Sudbury,,,,,,,1,UKOS,587723,241073,0.73544441379,52.03627817793,RLY,,,,,,110,2006-09-08T14:30:00,2007-09-26T13:00:00,1,revise,active
9100SUMRSTN,,,,Summerston Rail Station,,,,,,-,,,,,,,ES003573,Summerston,Glasgow,,,,,,1,UKOS,256817,669675,-4.29153851292,55.89883606626,RLY,,,,,,110,2006-09-08T14:30:00,2011-07-07T15:02:00,2,revise,active
9100SUNBURY,,,,Sunbury Rail Station,,,,,,-,,,,,,,E0025652,Sunbury,,,,,,,1,UKOS,510119,169998,-0.4177825994,51.41831319852,RLY,,,,,,110,2006-09-08T14:30:00,2007-09-26T13:00:00,1,revise,active
9100SUNDRTN,,,,Saunderton Rail Station,,,,,,-,,,,,,,E0000762,Saunderton,,,,,,,1,UKOS,481311,198112,-0.82546844579,51.67590278377,RLY,,,,,,110,2006-09-08T14:30:00,2014-02-20T16:19:00,2,revise,active
9100SUNNGDL,,,,Sunningdale Rail Station,,,,,,-,,,,,,,E0057286,Sunningdale,,,,,,,1,UKOS,495206,166764,-0.63304065179,51.39194041274,RLY,,,,,,110,2006-09-08T14:30:00,2007-09-26T13:00:00,1,revise,active
9100SUNYMDS,,,,Sunnymeads Rail Station,,,,,,-,,,,,,,E0043303,Sunnymeads,Wraysbury,,,,,,1,UKOS,500160,175575,-0.5593741568,51.47028829885,RLY,,,,,,110,2006-09-08T14:30:00,2011-01-24T11:22:00,2,revise,active
9100SURBITN,,,,Surbiton Rail Station,,,,,,-,,,,,,,E0034623,Surbiton,London,,,,,,1,UKOS,518100,167300,-0.30395848399,51.39245968937,RLY,,,,,,110,2006-09-08T14:30:00,2007-09-26T13:00:00,1,revise,active
9100SURREYQ,,,,Surrey Quays Rail Station,,,,,,-,,,,,,,N0077723,Surrey Quays,London,,,,,,0,UKOS,535642,178946,-0.04751858105,51.49319635429,RLY,,,,,,110,2010-02-01T16:01:00,2010-02-01T16:11:00,1,revise,active
9100SUTCO,,,,Sutton Coldfield Rail Station,,,,,,-,,,,,,,E0032018,Sutton Coldfield,Birmingham,,,,,,1,UKOS,411970,296360,-1.82484407629,52.56494205726,RLY,,,,,,110,2006-09-08T14:30:00,2007-09-26T13:00:00,1,revise,active
9100SUTTON,,,,Sutton (London) Rail Station,,,,,,-,,,,,,,N0065114,Sutton,London,,,,,,1,UKOS,526034,163826,-0.19121474063,51.35953316265,RLY,,,,,,110,2006-09-08T14:30:00,2007-09-26T13:00:00,1,revise,active
9100SUTTONC,,,,Sutton Common Rail Station,,,,,,-,,,,,,,E0034814,Benhilton,London,,,,,,1,UKOS,525635,165525,-0.19634250125,51.37489073192,RLY,,,,,,110,2006-09-08T14:30:00,2010-05-10T19:39:00,3,revise,active
9100SVNKNGS,,,,Seven Kings Rail Station,,,,,,-,,,,,,,E0034740,Seven Kings,London,,,,,,1,UKOS,545455,187100,0.09710023253,51.56402622699,RLY,,,,,,110,2006-09-08T14:30:00,2010-05-27T17:21:00,2,revise,active
9100SVNOAKS,,,,Sevenoaks Rail Station,,,,,,-,,,,,,,E0047254,Sevenoaks,,,,,,,1,UKOS,552267,155340,0.18166901607,51.27686542327,RLY,,,,,,110,2006-09-08T14:30:00,2008-08-04T12:01:00,3,revise,active
9100SVRNBCH,,,,Severn Beach Rail Station,,,,,,-,,,,,,,E0041912,Severn Beach,,,,,,,1,UKOS,354033,184781,-2.66447672416,51.56002680654,RLY,,,,,,110,2006-09-08T14:30:00,2009-01-19T11:33:00,2,revise,active
9100SWALE,,,,Swale Rail Station,,,,,,-,,,,,,,N0078377,Swale,,,,,,,1,UKOS,591234,169158,0.74713374164,51.38923631268,RLY,,,,,,110,2006-09-08T14:30:00,2008-07-14T11:01:00,3,revise,active
9100SWANSEA,,,,Swansea Rail Station,,,,,,-,,,,,,,E0042411,Swansea,,,,,,,1,UKOS,265700,193600,-3.94154604946,51.62514582504,RLY,,,,,,110,2006-09-08T14:30:00,2007-09-26T13:00:00,1,revise,active
9100SWAY,,,,Sway Rail Station,,,,,,-,,,,,,,E0046842,Sway,,,,,,,1,UKOS,427590,98420,-1.60999574562,50.7847030484,RLY,,,,,,110,2006-11-17T09:19:00,2007-09-26T13:00:00,1,revise,active
9100SWCH,,,,Sandwich Rail Station,,,,,,-,,,,,,,E0047173,Sandwich,,,,,,,1,UKOS,633258,157613,1.34256820363,51.26990372332,RLY,,,,,,110,2006-09-08T14:30:00,2007-09-26T13:00:00,1,revise,active
9100SWELL,,,,Shepherds Well Rail Station,,,,,,-,,,,,,,E0014815,Shepherdswell,,,,,,,1,UKOS,625800,148200,1.22991029446,51.18839935948,RLY,,,,,,110,2006-09-08T14:30:00,2007-09-26T13:00:00,1,revise,active
9100SWINTN,,,,Swinton (South Yorks) Rail Station,,,,,,-,,,,,,,E0030584,Swinton,,,,,,,1,UKOS,446160,399060,-1.30582124974,53.48623990981,RLY,,,,,,110,2006-09-08T14:30:00,2007-09-26T13:00:00,1,revise,active
9100SWLY,,,,Swanley Rail Station,,,,,,-,,,,,,,E0047258,Swanley,,,,,,,1,UKOS,551016,168271,0.16922544124,51.39338681694,RLY,,,,,,110,2006-11-17T09:19:00,2007-09-26T13:00:00,1,revise,active
9100SWNDRBY,,,,Swinderby Rail Station,,,,,,-,,,,,,,E0048079,Swinderby,,,,,,,1,UKOS,486820,364390,-0.70267940257,53.16955585437,RLY,,,,,,110,2006-09-08T14:30:00,2007-09-26T13:00:00,1,revise,active
9100SWNSCMB,,,,Swanscombe Rail Station,,,,,,-,,,,,,,E0057484,Swanscombe,,,,,,,1,UKOS,560582,174761,0.3095432837,51.44907051261,RLY,,,,,,110,2006-09-08T14:30:00,2007-09-26T13:00:00,1,revise,active
9100SWNSGD,,,,Swanscombe - George & Dragon,,,,,,-,,,,,,,E0057484,Swanscombe,,,,,,,0,UKOS,560625,174875,0.31021326488,51.45008252936,BCQ,,,,,,110,2008-11-06T15:40:00,2009-08-21T13:15:00,2,revise,active
9100SWNT,,,,Swinton (Manchester) Rail Station,,,,,,-,,,,,,,E0029410,Swinton,Salford,,,,,,1,UKOS,377720,402070,-2.33746102665,53.51483234584,RLY,,,,,,110,2006-09-08T14:30:00,2007-09-26T13:00:00,1,revise,active
9100SWNWICK,,,,Swanwick Rail Station,,,,,,-,,,,,,,E0012931,Swanwick,,,,,,,1,UKOS,451750,108720,-1.265852382,50.87566987438,RLY,,,,,,110,2006-09-08T14:30:00,2007-09-26T13:00:00,1,revise,active
9100SWRBBDG,,,,Sowerby Bridge Rail Station,,,,,,-,,,,,,,E0033584,Sowerby Bridge,Halifax,,,,,,1,UKOS,406235,423495,-1.90702152097,53.70784641392,RLY,,,,,,110,2006-09-08T14:30:00,2010-07-23T14:12:00,2,revise,active
9100SWSHEAD,,,,Swineshead Rail Station,,,,,,-,,,,,,,N0060156,Swineshead Bridge,,,,,,,1,UKOS,521840,342920,-0.18716735784,52.96980360588,RLY,,,,,,110,2006-09-08T14:30:00,2008-10-28T09:07:00,2,revise,active
9100SWYTHLN,,,,Swaythling Rail Station,,,,,,-,,,,,,,E0042028,Swaythling,Southampton,,,,,,1,UKOS,443910,115930,-1.37640858762,50.94114842921,RLY,,,,,,110,2006-09-08T14:30:00,2007-09-26T13:00:00,1,revise,active
9100SXMNDHM,,,,Saxmundham Rail Station,,,,,,-,,,,,,,E0051665,Saxmundham,,,,,,,1,UKOS,638520,263150,1.4901650388,52.2148955568,RLY,,,,,,110,2006-09-08T14:30:00,2007-09-26T13:00:00,1,revise,active
9100SYDENHM,,,,Sydenham Rail Station,,,,,,-,,,,,,,N0060486,Sydenham,London,,,,,,1,UKOS,535370,171600,-0.05424389944,51.42724791425,RLY,,,,,,110,2006-09-08T14:30:00,2007-09-26T13:00:00,1,revise,active
9100SYDNHMH,,,,Sydenham Hill Rail Station,,,,,,-,,,,,,,E0034791,Dulwich,London,,,,,,1,UKOS,533540,172160,-0.08033949046,51.43271414473,RLY,,,,,,110,2006-09-08T14:30:00,2007-09-26T13:00:00,1,revise,active
9100SYONLA,,,,Syon Lane Rail Station,,,,,,-,,,,,,,E0034527,Brentford End,London,,,,,,1,UKOS,516420,177200,-0.3248418375,51.48178497092,RLY,,,,,,110,2006-09-08T14:30:00,2010-05-10T19:42:00,3,revise,active
9100SYSTON,,,,Syston Rail Station,,,,,,-,,,,,,,E0047632,Syston,,,,,,,1,UKOS,462113,311120,-1.08239871107,52.69421059855,RLY,,,,,,110,2006-09-08T14:30:00,2009-01-19T11:33:00,2,revise,active
9100TABY,,,,Thornaby Rail Station,,,,,,-,,,,,,,E0053751,Thornaby,,,,,,,1,UKOS,445275,518450,-1.30141193572,54.5592704004,RLY,,,,,,110,2006-09-08T14:30:00,2010-04-01T15:57:00,2,revise,active
9100TACKLEY,,,,Tackley Rail Station,,,,,,-,,,,,,,E0050559,Tackley,,,,,,,1,UKOS,448450,220530,-1.29753550704,51.88123790736,RLY,,,,,,110,2006-09-08T14:30:00,2010-11-08T15:13:00,2,revise,active
9100TADWBUS,,,,Tadworth - The Avenue,,,,,,-,,,,,,,E0025572,Tadworth,,,,,,,0,UKOS,523100,156130,-0.23598870068,51.2910084019,BCQ,,,,,,110,2008-07-07T16:34:00,2009-08-21T13:15:00,2,revise,active
9100TADWTH,,,,Tadworth Rail Station,,,,,,-,,,,,,,E0025572,Tadworth,,,,,,,1,UKOS,523100,156200,-0.23596459075,51.29163752837,RLY,,,,,,110,2006-09-08T14:30:00,2007-09-26T13:00:00,1,revise,active
9100TAFFSWL,,,,Taffs Well Rail Station,,,,,,-,,,,,,,E0041694,Taffs Well,,,,,,,1,UKOS,312510,183190,-3.26293788373,51.54080438991,RLY,,,,,,110,2006-09-08T14:30:00,2007-09-26T13:00:00,1,revise,active
9100TAIN,,,,Tain Rail Station,,,,,,-,,,,,,,ES003600,Tain,,,,,,,1,UKOS,278185,882385,-4.05204911589,57.81441958251,RLY,,,,,,110,2006-09-08T14:30:00,2010-02-25T14:33:00,2,revise,active
9100TALB,,,,Talybont Rail Station,,,,,,-,,,,,,,E0037749,Tal-y-Bont,,,,,,,1,UKOS,258660,321510,-4.09659640895,52.77263011851,RLY,,,,,,110,2006-09-08T14:30:00,2007-09-26T13:00:00,1,revise,active
9100TALYCFN,,,,Tal-y-Cafn Rail Station,,,,,,-,,,,,,,E0036639,Tal-y-cafn,,,,,,,1,UKOS,278720,371690,-3.81826312577,53.22836276636,RLY,,,,,,110,2006-09-08T14:30:00,2007-09-26T13:00:00,1,revise,active
9100TAMEBDG,,,,Tame Bridge Parkway Rail Station,,,,,,-,,,,,,,N0073152,Tame Bridge,Walsall,,,,,,1,UKOS,401710,295010,-1.97621148692,52.55293259655,RLY,,,,,,110,2006-09-08T14:30:00,2008-02-07T11:44:00,2,revise,active
9100TANY,,,,Tan-y-Bwlch Ffestiniog Railway Station,,,,,,-,,,,,,,E0037756,Tan-y-bwlch,,,,,,,1,UKOS,264965,341560,-4.01151535394,52.95437077608,RLY,,,,,,110,2006-09-08T14:30:00,2007-09-26T13:00:00,2,revise,active
9100TAPLOW,,,,Taplow Rail Station,,,,,,-,,,,,,,E0044080,Taplow,,,,,,,1,UKOS,491580,181340,-0.68137038281,51.52356237911,RLY,,,,,,110,2006-09-08T14:30:00,2007-09-26T13:00:00,1,revise,active
9100TATNHMC,,,,Tattenham Corner Rail Station,,,,,,-,,,,,,,E0025339,Tattenham Corner,,,,,,,1,UKOS,522590,158140,-0.24260921302,51.30918326923,RLY,,,,,,110,2006-09-08T14:30:00,2007-09-26T13:00:00,1,revise,active
9100TAUNTON,,,,Taunton Rail Station,,,,,,-,,,,,,,E0023200,Taunton,,,,,,,1,UKOS,322755,125460,-3.10274155452,51.0233024374,RLY,,,,,,110,2006-09-08T14:30:00,2010-07-23T14:16:00,2,revise,active
9100TAYNULT,,,,Taynuilt Rail Station,,,,,,-,,,,,,,ES003619,Taynuilt,,,,,,,1,UKOS,200340,731220,-5.23960997075,56.43080777687,RLY,,,,,,110,2006-09-08T14:30:00,2007-09-26T13:00:00,1,revise,active
9100TCULVRT,,,,Thorpe Culvert Rail Station,,,,,,-,,,,,,,E0017149,Thorpe Culvert,,,,,,,1,UKOS,547275,360695,0.19941524083,53.12309186375,RLY,,,,,,110,2006-09-08T14:30:00,2011-05-23T14:53:00,2,revise,active
9100TDITTON,,,,Thames Ditton Rail Station,,,,,,-,,,,,,,E0025311,Thames Ditton,,,,,,,1,UKOS,515660,166870,-0.33915210939,51.38909701651,RLY,,,,,,110,2006-09-08T14:30:00,2011-03-24T16:39:00,2,revise,active
9100TEDNGTN,,,,Teddington Rail Station,,,,,,-,,,,,,,E0034782,Teddington,London,,,,,,1,UKOS,516019,170815,-0.33270591296,51.42448068252,RLY,,,,,,110,2006-09-08T14:30:00,2010-05-27T17:29:00,2,revise,active
9100TEINMTH,,,,Teignmouth Rail Station,,,,,,-,,,,,,,E0045515,Teignmouth,,,,,,,1,UKOS,294200,73100,-3.49466276982,50.54806212712,RLY,,,,,,110,2006-09-08T14:30:00,2007-09-26T13:00:00,1,revise,active
9100TELFRDC,,,,Telford Central Rail Station,,,,,,-,,,,,,,E0055178,Telford,,,,,,,1,UKOS,370285,309359,-2.4409709386,52.68110765308,RLY,,,,,,110,2006-09-08T14:30:00,2012-02-16T15:39:00,2,revise,active
9100TENBY,,,,Tenby Rail Station,,,,,,-,,,,,,,E0055092,Tenby,,,,,,,1,UKOS,212940,200600,-4.7066959505,51.67294483154,RLY,,,,,,110,2006-09-08T14:30:00,2007-09-26T13:00:00,1,revise,active
9100TEYNHAM,,,,Teynham Rail Station,,,,,,-,,,,,,,E0047322,Teynham,,,,,,,1,UKOS,595666,163108,0.80742563856,51.3333925222,RLY,,,,,,110,2006-09-08T14:30:00,2007-09-26T13:00:00,1,revise,active
9100THABBEY,,,,Thornton Abbey Rail Station,,,,,,-,,,,,,,E0039938,Thornton Abbey,,,,,,,1,UKOS,510930,418840,-0.32302141164,53.65430253284,RLY,,,,,,110,2006-09-08T14:30:00,2011-05-23T15:06:00,2,revise,active
9100THAL,,,,Thorntonhall Rail Station,,,,,,-,,,,,,,N0068231,Thorntonhall,,,,,,,1,UKOS,258870,655110,-4.25116215819,55.76867855335,RLY,,,,,,110,2006-09-08T14:30:00,2007-09-26T13:00:00,1,revise,active
9100THATCHM,,,,Thatcham Rail Station,,,,,,-,,,,,,,E0055212,Thatcham,,,,,,,1,UKOS,452752,166361,-1.24319001016,51.3938442377,RLY,,,,,,110,2006-09-08T14:30:00,2007-09-26T13:00:00,1,revise,active
9100THBDGS,,,,Three Bridges Rail Station,,,,,,-,,,,,,,E0026643,Three Bridges,Crawley,,,,,,1,UKOS,528800,136900,-0.16118400331,51.11692375092,RLY,,,,,,110,2006-09-08T14:30:00,2007-09-26T13:00:00,1,revise,active
9100THBLDSG,,,,Theobalds Grove Rail Station,,,,,,-,,,,,,,N0076290,Theobalds Grove,Waltham Cross,,,,,,1,UKOS,535927,201128,-0.03483129966,51.69245655352,RLY,,,,,,110,2006-09-08T14:30:00,2008-02-07T11:48:00,2,revise,active
9100THEALE,,,,Theale Rail Station,,,,,,-,,,,,,,E0053866,Theale,,,,,,,1,UKOS,464400,170900,-1.07497297466,51.43345158632,RLY,,,,,,110,2006-09-08T14:30:00,2007-09-26T13:00:00,1,revise,active
9100THELAKS,,,,The Lakes Rail Station,,,,,,-,,,,,,,E0026142,Earlswood,Solihull,,,,,,1,UKOS,410675,273465,-1.84467334988,52.35914378706,RLY,,,,,,110,2006-09-08T14:30:00,2010-11-08T15:13:00,2,revise,active
9100THETFD,,,,Thetford Rail Station,,,,,,-,,,,,,,E0048422,Thetford,,,,,,,1,UKOS,586770,283670,0.74507308826,52.41912534542,RLY,,,,,,110,2006-09-08T14:30:00,2007-09-26T13:00:00,1,revise,active
9100THFORD,,,,Thornford Rail Station,,,,,,-,,,,,,,E0045884,Thornford,,,,,,,1,UKOS,359390,112505,-2.57898718699,50.91057621996,RLY,,,,,,110,2006-09-08T14:30:00,2011-01-24T11:23:00,2,revise,active
9100THHT,,,,Thatto Heath Rail Station,,,,,,-,,,,,,,E0029906,Thatto Heath,St Helens,,St. Helens,,Thatto Heath,,1,UKOS,349650,393580,-2.75937447258,53.43658222646,RLY,,,,,,110,2006-09-08T14:30:00,2007-09-26T13:00:00,1,revise,active
9100THIRSK,,,,Thirsk Rail Station,,,,,,-,,,,,,,E0056342,Thirsk,,,,,,,1,UKOS,441000,481570,-1.37258799738,54.22821114212,RLY,,,,,,110,2006-09-08T14:30:00,2007-09-26T13:00:00,1,revise,active
9100THLB,,,,Thornliebank Rail Station,,,,,,-,,,,,,,ES003639,Thornliebank,,,,,,,1,UKOS,255230,659955,-4.31170712106,55.81109947396,RLY,,,,,,110,2006-09-08T14:30:00,2011-07-07T13:57:00,2,revise,active
9100THOK,,,,Three Oaks Rail Station,,,,,,-,,,,,,,N0076045,Three Oaks,,,,,,,1,UKOS,583835,114545,0.61305107285,50.9011154358,RLY,,,,,,110,2006-11-29T00:00:00,2010-12-20T11:16:00,2,revise,active
9100THOKLB,,,,Three Oaks - Lane Bridge,,,,,,-,,,,,,,N0076045,Three Oaks,,,,,,,0,UKOS,583810,114550,0.61269844376,50.90116830352,BCQ,,,,,,110,2008-11-06T15:41:00,2009-08-21T13:15:00,2,revise,active
9100THOPBAY,,,,Thorpe Bay Rail Station,,,,,,-,,,,,,,E0042049,Thorpe Bay,Southend-on-Sea,,,,,,1,UKOS,591627,185689,0.76172806573,51.53757043694,RLY,,,,,,110,2006-09-08T14:30:00,2007-09-26T13:00:00,1,revise,active
9100THORNEN,,,,Thorne North Rail Station,,,,,,-,,,,,,,E0052757,Thorne,,,,,,,1,UKOS,468080,413770,-0.97233073469,53.61606289381,RLY,,,,,,110,2006-09-08T14:30:00,2007-09-26T13:00:00,1,revise,active
9100THORNES,,,,Thorne South Rail Station,,,,,,-,,,,,,,E0052757,Thorne,,,,,,,1,UKOS,469240,412370,-0.95510916042,53.60332966272,RLY,,,,,,110,2006-09-08T14:30:00,2010-12-20T11:13:00,2,revise,active
9100THPLESK,,,,Thorpe-le-Soken Rail Station,,,,,,-,,,,,,,N0076849,Thorpe-le-Soken,,,,,,,1,UKOS,617845,221285,1.16140054762,51.8476366112,RLY,,,,,,110,2006-09-08T14:30:00,2010-10-06T14:32:00,4,revise,active
9100THRGRTN,,,,Thurgarton Rail Station,,,,,,-,,,,,,,E0050182,Thurgarton,,,,,,,1,UKOS,469695,348465,-0.96225693771,53.02894314022,RLY,,,,,,110,2006-09-08T14:30:00,2011-01-24T11:23:00,2,revise,active
9100THTH,,,,Thornton Heath Rail Station,,,,,,-,,,,,,,E0034239,Thornton Heath,Croydon,,,,,,1,UKOS,532250,168350,-0.10030586624,51.39877731884,RLY,,,,,,110,2006-09-08T14:30:00,2010-05-27T17:29:00,2,revise,active
9100THURSO,,,,Thurso Rail Station,,,,,,-,,,,,,,ES003643,Thurso,,,,,,,1,UKOS,311300,967920,-3.52754816978,58.59017662246,RLY,,,,,,110,2006-09-08T14:30:00,2010-02-25T14:28:00,2,revise,active
9100THUSTON,,,,Thurston Rail Station,,,,,,-,,,,,,,E0051480,Thurston,,,,,,,1,UKOS,591823,265030,0.80865282894,52.25000336383,RLY,,,,,,110,2006-09-08T14:30:00,2008-11-24T14:21:00,2,revise,active
9100TILEH,,,,Tile Hill Rail Station,,,,,,-,,,,,,,N0073155,Tile Hill South,Coventry,,,,,,1,UKOS,427530,277530,-1.59684836222,52.39510382823,RLY,,,,,,110,2006-09-08T14:30:00,2007-09-26T13:00:00,1,revise,active
9100TILHRST,,,,Tilehurst Rail Station,,,,,,-,,,,,,,E0041494,Tilehurst,Reading,,,,,,1,UKOS,467483,175173,-1.02981584702,51.47150871875,RLY,,,,,,110,2006-09-08T14:30:00,2007-09-26T13:00:00,1,revise,active
9100TIPTON,,,,Tipton Rail Station,,,,,,-,,,,,,,E0032057,Tipton,Dudley,,,,,,1,UKOS,395640,292510,-2.06570115359,52.53044189588,RLY,,,,,,110,2006-09-08T14:30:00,2007-09-26T13:00:00,1,revise,active
9100TIRPHIL,,,,Tir-phil Rail Station,,,,,,-,,,,,,,E0035785,Tir-phil,,,,,,,1,UKOS,314000,203200,-3.24638013847,51.72090637419,RLY,,,,,,110,2006-09-08T14:30:00,2007-09-26T13:00:00,1,revise,active
9100TISBURY,,,,Tisbury Rail Station,,,,,,-,,,,,,,E0052408,Tisbury,,,,,,,1,UKOS,394560,129060,-2.07900209367,51.06085300682,RLY,,,,,,110,2006-09-08T14:30:00,2007-09-26T13:00:00,1,revise,active
9100TIVIPW,,,,Tiverton Parkway Rail Station,,,,,,-,,,,,,,E0007902,Tiverton Parkway,,,,,,,1,UKOS,304520,113960,-3.35964408317,50.91717753072,RLY,,,,,,110,2006-09-08T14:30:00,2010-10-05T14:58:00,2,revise,active
9100TLBYTWN,,,,Tilbury Town Rail Station,,,,,,-,,,,,,,E0042682,Tilbury,,,,,,,1,UKOS,563626,176337,0.35403856372,51.46235856043,RLY,,,,,,110,2006-09-08T14:30:00,2008-06-13T15:31:00,2,revise,active
9100TLSRNAU,,,,Talsarnau Rail Station,,,,,,-,,,,,,,E0054318,Talsarnau,,,,,,,1,UKOS,261000,336100,-4.0681546458,52.90430810262,RLY,,,,,,110,2006-09-08T14:30:00,2007-09-26T13:00:00,1,revise,active
9100TMPCMB,,,,Templecombe Rail Station,,,,,,-,,,,,,,N0074077,Templecombe,,,,,,,1,UKOS,370785,122540,-2.41772466239,51.00150315584,RLY,,,,,,110,2006-09-08T14:30:00,2010-07-23T14:16:00,3,revise,active
9100TMWTHHL,,,,Tamworth High Level Rail Station,,,,,,-,,,,,,,E0057628,Tamworth,,,,,,,1,UKOS,421316,304460,-1.68644959719,52.63747421517,RLY,,,,,,110,2006-09-08T14:30:00,2010-11-08T15:15:00,4,revise,active
9100TMWTHLL,,,,Tamworth Rail Station,,,,,,-,,,,,,,E0057628,Tamworth,,,,,,,1,UKOS,421315,304460,-1.68646437388,52.63747425424,RLY,,,,,,110,2006-09-08T14:30:00,2010-11-08T15:16:00,3,revise,active
9100TNYPNDY,,,,Tonypandy Rail Station,,,,,,-,,,,,,,E0054686,Tonypandy,,,,,,,1,UKOS,299790,192210,-3.44886922805,51.61976282021,RLY,,,,,,110,2006-09-08T14:30:00,2007-09-26T13:00:00,1,revise,active
9100TODMRDN,,,,Todmorden Rail Station,,,,,,-,,,,,,,E0052830,Todmorden,,,,,,,1,UKOS,393520,424160,-2.09965916654,53.71381770082,RLY,,,,,,110,2006-09-08T14:30:00,2007-09-26T13:00:00,1,revise,active
9100TOLWTH,,,,Tolworth Rail Station,,,,,,-,,,,,,,E0034625,Tolworth,London,,,,,,1,UKOS,519845,165605,-0.27946139195,51.37686022147,RLY,,,,,,110,2006-09-08T14:30:00,2010-05-27T17:30:00,2,revise,active
9100TONBDG,,,,Tonbridge Rail Station,,,,,,-,,,,,,,E0015586,Tonbridge,,,,,,,1,UKOS,558789,146027,0.27097313924,51.19141126797,RLY,,,,,,110,2006-09-08T14:30:00,2010-01-11T14:36:00,2,revise,active
9100TONDU,,,,Tondu Rail Station,,,,,,-,,,,,,,E0035503,Tondu,,,,,,,1,UKOS,289460,184370,-3.59554947156,51.54736215098,RLY,,,,,,110,2006-09-08T14:30:00,2007-09-26T13:00:00,1,revise,active
9100TONFNAU,,,,Tonfanau Rail Station,,,,,,-,,,,,,,E0037762,Ton-fanau,,,,,,,1,UKOS,256310,303870,-4.12369793265,52.61354188839,RLY,,,,,,110,2006-09-08T14:30:00,2007-09-26T13:00:00,1,revise,active
9100TONPNTR,,,,Ton Pentre Rail Station,,,,,,-,,,,,,,E0041698,Ton Pentre,,,,,,,1,UKOS,297270,195380,-3.4861873413,51.64780069137,RLY,,,,,,110,2006-09-08T14:30:00,2007-09-26T13:00:00,1,revise,active
9100TOOTING,,,,Tooting Rail Station,,,,,,-,,,,,,,E0034908,Tooting,London,,,,,,1,UKOS,527950,170585,-0.16127765375,51.41984843896,RLY,,,,,,110,2006-09-08T14:30:00,2010-05-27T17:42:00,2,revise,active
9100TOPSHAM,,,,Topsham Rail Station,,,,,,-,,,,,,,E0007735,Topsham,,,,,,,1,UKOS,296646,88419,-3.46442267483,50.68621636242,RLY,,,,,,110,2006-09-08T14:30:00,2009-01-19T11:34:00,2,revise,active
9100TORQUAY,,,,Torquay Rail Station,,,,,,-,,,,,,,E0042739,Torquay,Torbay,,,,,,1,UKOS,290555,63505,-3.5432752587,50.46113396929,RLY,,,,,,110,2006-09-08T14:30:00,2010-10-05T15:01:00,2,revise,active
9100TORRE,,,,Torre Rail Station,,,,,,-,,,,,,,E0042740,Torre,Torquay,,,,,,1,UKOS,290360,64850,-3.5464159172,50.47318876848,RLY,,,,,,110,2006-09-08T14:30:00,2007-09-26T13:00:00,1,revise,active
9100TOTNES,,,,Totnes Rail Station,,,,,,-,,,,,,,E0045463,Totnes,,,,,,,1,UKOS,280170,60920,-3.68869236616,50.43586501364,RLY,,,,,,110,2006-09-08T14:30:00,2007-09-26T13:00:00,1,revise,active
9100TOTTON,,,,Totton Rail Station,,,,,,-,,,,,,,E0013300,Totton,,,,,,,1,UKOS,436480,113285,-1.48241730657,50.91788117004,RLY,,,,,,110,2006-09-08T14:30:00,2011-11-14T14:08:00,2,revise,active
9100TOWNGRN,,,,Town Green Rail Station,,,,,,-,,,,,,,E0016526,Town Green,,,,,,,1,UKOS,340160,405510,-2.90448658186,53.54280702829,RLY,,,,,,110,2006-09-08T14:30:00,2007-09-26T13:00:00,1,revise,active
9100TRDYRHW,,,,Troed-y-Rhiw Rail Station,,,,,,-,,,,,,,E0039233,Troedyrhiw,,,,,,,1,UKOS,307050,202380,-3.34674399607,51.71242543269,RLY,,,,,,110,2006-09-08T14:30:00,2007-09-26T13:00:00,1,revise,active
9100TREFRST,,,,Trefforest Rail Station,,,,,,-,,,,,,,E0041704,Treforest,Pontypridd,,,,,,1,UKOS,308300,188900,-3.32511779334,51.59146219206,RLY,,,,,,110,2006-09-08T14:30:00,2007-09-26T13:00:00,1,revise,active
9100TREHAFD,,,,Trehafod Rail Station,,,,,,-,,,,,,,E0054689,Trehafod,,,,,,,1,UKOS,304470,191050,-3.38097455591,51.61015071853,RLY,,,,,,110,2006-09-08T14:30:00,2007-09-26T13:00:00,1,revise,active
9100TREHRBT,,,,Treherbert Rail Station,,,,,,-,,,,,,,E0054690,Treherbert,,,,,,,1,UKOS,293860,198170,-3.53630247917,51.6722431206,RLY,,,,,,110,2006-09-08T14:30:00,2007-09-26T13:00:00,1,revise,active
9100TREORCY,,,,Treorchy Rail Station,,,,,,-,,,,,,,E0054691,Treorchy,,,,,,,1,UKOS,295940,196490,-3.50573382065,51.65753266732,RLY,,,,,,110,2006-09-08T14:30:00,2007-09-26T13:00:00,1,revise,active
9100TRFDPK,,,,Trafford Park Rail Station,,,,,,-,,,,,,,E0029470,Trafford Park,,,,,,,0,UKOS,379470,395385,-2.31063112369,53.45481722419,RLY,,,,,,110,2006-09-08T14:30:00,2010-04-30T10:23:00,3,revise,active
9100TRFRSTE,,,,Trefforest Estate Rail Station,,,,,,-,,,,,,,E0041704,Treforest,Pontypridd,,,,,,1,UKOS,310670,186280,-3.29024812585,51.56829211223,RLY,,,,,,110,2006-09-08T14:30:00,2007-09-26T13:00:00,1,revise,active
9100TRIMLEY,,,,Trimley Rail Station,,,,,,-,,,,,,,E0051680,Trimley St Mary,,,,,,,1,UKOS,628080,236100,1.3195365149,51.97652894838,RLY,,,,,,110,2006-09-08T14:30:00,2009-01-19T11:18:00,2,revise,active
9100TRING,,,,Tring Rail Station,,,,,,-,,,,,,,E0046961,Tring,,,,,,,1,UKOS,495087,212241,-0.62243932536,51.80074116457,RLY,,,,,,110,2006-11-17T09:19:00,2007-09-26T13:00:00,1,revise,active
9100TRNO,,,,Thurnscoe Rail Station,,,,,,-,,,,,,,E0030608,Thurnscoe,,,,,,,1,UKOS,445900,405600,-1.30878362182,53.54504233369,RLY,,,,,,110,2006-09-08T14:30:00,2007-09-26T13:00:00,1,revise,active
9100TROON,,,,Troon Rail Station,,,,,,-,,,,,,,ES003704,Troon,,,,,,,1,UKOS,232560,630880,-4.65529954529,55.54281117285,RLY,,,,,,110,2006-09-08T14:30:00,2007-09-26T13:00:00,1,revise,active
9100TRURO,,,,Truro Rail Station,,,,,,-,,,,,,,E0044512,Truro,,,,,,,1,UKOS,181667,44924,-5.0648123035,50.26384100054,RLY,,,,,,110,2006-09-08T14:30:00,2007-09-26T13:00:00,1,revise,active
9100TRWBRDG,,,,Trowbridge Rail Station,,,,,,-,,,,,,,E0056890,Trowbridge,,,,,,,1,UKOS,385160,157880,-2.21433441813,51.31983105563,RLY,,,,,,110,2006-09-08T14:30:00,2007-09-26T13:00:00,1,revise,active
9100TSDARPR,,,,Tees-side Airport Rail Station,,,,,,-,,,,,,,N0076138,Teesside Airport,Middleton St George,,,,,,1,UKOS,437300,513800,-1.42531140906,54.51813251577,RLY,,,,,,110,2006-09-08T14:30:00,2008-02-07T11:45:00,2,revise,active
9100TTNHMHL,,,,Tottenham Hale Rail Station,,,,,,-,,,,,,,E0034413,Tottenham Hale,London,,,,,,1,UKOS,534500,189500,-0.05992910434,51.58830984284,RLY,,,,,,110,2006-09-08T14:30:00,2007-09-26T13:00:00,1,revise,active
9100TULLOCH,,,,Tulloch Rail Station,,,,,,-,,,,,,,N0067976,Roybridge,,,,,,,1,UKOS,235510,780240,-4.70132107432,56.88427856563,RLY,,,,,,110,2006-09-08T14:30:00,2007-09-26T13:00:00,1,revise,active
9100TULSEH,,,,Tulse Hill Rail Station,,,,,,-,,,,,,,N0065233,Tulse Hill,London,,,,,,1,UKOS,531800,172910,-0.10507668642,51.43986117105,RLY,,,,,,110,2006-09-08T14:30:00,2010-05-27T17:42:00,2,revise,active
9100TUNWELL,,,,Tunbridge Wells Rail Station,,,,,,-,,,,,,,E0056103,Tunbridge Wells,,,,,,,1,UKOS,558428,139207,0.26281039988,51.13023394426,RLY,,,,,,110,2006-09-08T14:30:00,2007-09-26T13:00:00,1,revise,active
9100TURKYST,,,,Turkey Street Rail Station,,,,,,-,,,,,,,E0034299,Enfield Wash,London,,,,,,1,UKOS,535130,198900,-0.04721655549,51.67262808321,RLY,,,,,,110,2006-09-08T14:30:00,2009-08-21T15:13:00,2,revise,active
9100TUTBURY,,,,Tutbury & Hatton Rail Station,,,,,,-,,,,,,,E0045188,Hatton,,,,,,,1,UKOS,421490,329675,-1.68223491671,52.86413526797,RLY,,,,,,110,2006-09-08T14:30:00,2011-11-02T15:59:00,2,revise,active
9100TWCKNHM,,,,Twickenham Rail Station,,,,,,-,,,,,,,E0034783,Twickenham,London,,,,,,1,UKOS,516115,173660,-0.330393744,51.45003116939,RLY,,,,,,110,2006-09-08T14:30:00,2010-05-27T17:43:00,2,revise,active
9100TWDBANK,,,,Tweedbank Rail Station,,,,,,-,,,,,,,N0078116,Tweedbank,Galashiels,,Tweedbank,,,,0,UKOS,352367,634909,-2.75760488482,55.60544797867,RLY,,,,,,110,2015-03-26T10:06:00,2015-07-07T12:53:00,2,revise,active
9100TWYFORD,,,,Twyford Rail Station,,,,,,-,,,,,,,E0053905,Twyford,,,,,,,1,UKOS,479042,175787,-0.86329254535,51.4755340901,RLY,,,,,,110,2006-09-08T14:30:00,2007-09-26T13:00:00,1,revise,active
9100TYCROES,,,,Ty Croes Rail Station,,,,,,-,,,,,,,E0038805,Ty Croes,,,,,,,1,UKOS,234882,372360,-4.47473276287,53.22255753491,RLY,,,,,,110,2006-09-08T14:30:00,2007-09-26T13:00:00,1,revise,active
9100TYGLAS,,,,Ty Glas Rail Station,,,,,,-,,,,,,,E0035811,Birchgrove,Cardiff,,,,,,1,UKOS,317080,180970,-3.19653413146,51.52153864515,RLY,,,,,,110,2006-09-08T14:30:00,2008-02-07T11:49:00,2,revise,active
9100TYGWYN,,,,Tygwyn Rail Station,,,,,,-,,,,,,,E0054318,Talsarnau,,,,,,,1,UKOS,260260,334950,-4.07865470661,52.89378518638,RLY,,,,,,110,2006-09-08T14:30:00,2007-09-26T13:00:00,1,revise,active
9100TYNDRML,,,,Tyndrum Lower Rail Station,,,,,,-,,,,,,,N0067352,Tyndrum,,,,,,,1,UKOS,232700,730100,-4.71482104384,56.43334204137,RLY,,,,,,110,2006-09-08T14:30:00,2007-09-26T13:00:00,1,revise,active
9100TYNDRMU,,,,Upper Tyndrum Rail Station,,,,,,-,,,,,,,N0067352,Tyndrum,,,,,,,1,UKOS,233390,730220,-4.70372142873,56.43466309764,RLY,,,,,,110,2006-09-08T14:30:00,2007-09-26T13:00:00,1,revise,active
9100TYSL,,,,Tyseley Rail Station,,,,,,-,,,,,,,E0032072,Tyseley,Birmingham,,,,,,1,UKOS,411030,284030,-1.83911599365,52.45411654627,RLY,,,,,,110,2006-09-08T14:30:00,2007-09-26T13:00:00,1,revise,active
9100TYWYN,,,,Tywyn Rail Station,,,,,,-,,,,,,,E0054321,Tywyn,,,,,,,1,UKOS,258260,300700,-4.09355917065,52.58557608129,RLY,,,,,,110,2006-09-08T14:30:00,2007-09-26T13:00:00,1,revise,active
9100UCKFILD,,,,Uckfield Rail Station,,,,,,-,,,,,,,E0046132,Uckfield,,,,,,,1,UKOS,547295,120905,0.09638097302,50.96873912164,RLY,,,,,,110,2006-09-08T14:30:00,2010-12-20T11:16:00,2,revise,active
9100UDNGSTN,,,,Uddingston Rail Station,,,,,,-,,,,,,,ES003737,Uddingston,,,,,,,1,UKOS,269370,660890,-4.08669764493,55.82352777886,RLY,,,,,,110,2006-09-08T14:30:00,2007-09-26T13:00:00,1,revise,active
9100UHALIFD,,,,Upper Halliford Rail Station,,,,,,-,,,,,,,E0025655,Upper Halliford,Sunbury,,,,,,1,UKOS,509219,169395,-0.43090571788,51.41306722823,RLY,,,,,,110,2006-09-08T14:30:00,2007-09-26T13:00:00,1,revise,active
9100ULCEBY,,,,Ulceby Rail Station,,,,,,-,,,,,,,E0039944,Ulceby Skitter,Ulceby,,,,,,1,UKOS,512490,414970,-0.3008266912,53.61920074472,RLY,,,,,,110,2006-09-08T14:30:00,2011-05-23T15:06:00,3,revise,active
9100ULESKLF,,,,Ulleskelf Rail Station,,,,,,-,,,,,,,E0049588,Ulleskelf,,,,,,,1,UKOS,451803,439995,-1.21397205119,53.85361148315,RLY,,,,,,110,2006-09-08T14:30:00,2007-10-08T13:00:00,2,revise,active
9100ULVRSTN,,,,Ulverston Rail Station,,,,,,-,,,,,,,E0055521,Ulverston,,,,,,,1,UKOS,328460,477870,-3.09791516077,54.19158440895,RLY,,,,,,110,2006-09-08T14:30:00,2007-09-26T13:00:00,1,revise,active
9100UMBRLGH,,,,Umberleigh Rail Station,,,,,,-,,,,,,,E0008124,Umberleigh,,,,,,,1,UKOS,260950,123800,-3.9828869253,50.99674815926,RLY,,,,,,110,2006-09-08T14:30:00,2007-09-26T13:00:00,1,revise,active
9100UNVRSYB,,,,University Rail Station,,,,,,-,,,,,,,N0072532,Birmingham University,Birmingham,,,,,,1,UKOS,404400,283700,-1.93668367928,52.45124209223,RLY,,,,,,110,2006-09-08T14:30:00,2007-09-26T13:00:00,1,revise,active
9100UPHALL,,,,Uphall Rail Station,,,,,,-,,,,,,,ES003748,Uphall,,,,,,,1,UKOS,306220,670570,-3.50211944304,55.91904238262,RLY,,,,,,110,2006-09-08T14:30:00,2007-09-26T13:00:00,1,revise,active
9100UPHOLND,,,,Upholland Rail Station,,,,,,-,,,,,,,E0016528,Up Holland,,,,,,,1,UKOS,350950,403780,-2.74140489146,53.52837938277,RLY,,,,,,110,2006-09-08T14:30:00,2007-09-26T13:00:00,1,revise,active
9100UPMNSP6,,,,Upminster Rail Station,,,,,,-,,,,,,,E0034474,Upminster,,,,,,,1,UKOS,556130,186870,0.25088401307,51.55910813179,RLY,,,,,,110,2006-09-08T14:30:00,2010-05-27T17:43:00,2,revise,active
9100UPMNSTR,,,,Upminster Rail Station,,,,,,-,,,,,,,E0034474,Upminster,,,,,,,1,UKOS,556130,186860,0.25087957623,51.5590182875,RLY,,,,,,110,2006-09-08T14:30:00,2010-05-27T17:44:00,2,revise,active
9100UPRHLWY,,,,Upper Holloway Rail Station,,,,,,-,,,,,,,E0034584,Upper Holloway,London,,,,,,1,UKOS,529750,186630,-0.12951300268,51.56363123136,RLY,,,,,,110,2006-09-08T14:30:00,2010-05-27T17:44:00,2,revise,active
9100UPTON,,,,Upton Rail Station,,,,,,-,,,,,,,E0029923,Upton,,,Wirral,,Birkenhead,,1,UKOS,327990,388286,-3.08415251712,53.38648747522,RLY,,,,,,110,2006-09-08T14:30:00,2008-11-17T16:54:00,2,revise,active
9100UPWEY,,,,Upwey Rail Station,,,,,,-,,,,,,,E0009881,Upwey,Weymouth,,,,,,1,UKOS,367140,83280,-2.46613807169,50.64827169963,RLY,,,,,,110,2006-09-08T14:30:00,2007-09-26T13:00:00,1,revise,active
9100URMSTON,,,,Urmston Rail Station,,,,,,-,,,,,,,E0029481,Urmston,,,,,,,1,UKOS,376600,394670,-2.35379653402,53.44827031361,RLY,,,,,,110,2006-09-08T14:30:00,2007-09-26T13:00:00,1,revise,active
9100UTOXETR,,,,Uttoxeter Rail Station,,,,,,-,,,,,,,E0051130,Uttoxeter,,,,,,,1,UKOS,409700,333270,-1.85725462477,52.89679094488,RLY,,,,,,110,2006-09-08T14:30:00,2010-11-08T15:16:00,2,revise,active
9100UWRLNGH,,,,Upper Warlingham Rail Station,,,,,,-,,,,,,,E0025740,Warlingham,,,,,,,1,UKOS,534068,158353,-0.07795166534,51.30851177111,RLY,,,,,,110,2006-09-08T14:30:00,2007-09-26T13:00:00,1,revise,active
9100VALLEY,,,,Valley Rail Station,,,,,,-,,,,,,,E0054363,Valley,,,,,,,1,UKOS,229200,379100,-4.56336882098,53.28128444286,RLY,,,,,,110,2006-09-08T14:30:00,2007-09-26T13:00:00,1,revise,active
9100VAUXHLM,,,,Vauxhall Rail Station,,,,,,-,,,,,,,E0034648,Vauxhall,London,,,,,,1,UKOS,530430,178030,-0.1228894698,51.48618986683,RLY,,,,,,110,2006-09-08T14:30:00,2007-09-26T13:00:00,1,revise,active
9100VAUXHLW,,,,Vauxhall Rail Station,,,,,,-,,,,,,,E0034648,Vauxhall,London,,,,,,1,UKOS,530431,178030,-0.12287507573,51.48618963641,RLY,,,,,,110,2006-09-08T14:30:00,2009-04-14T16:45:00,4,revise,active
9100VICTRIC,,,,London Victoria Rail Station,,,,,,-,,,,,,,E0034956,Victoria,London,,,,,,1,UKOS,528900,179000,-0.14455872897,51.4952574979,RLY,,,,,,110,2006-09-08T14:30:00,2008-02-07T10:05:00,2,revise,active
9100VICTRIE,,,,London Victoria Rail Station,,,,,,-,,,,,,,E0034956,Victoria,London,,,,,,1,UKOS,528901,179000,-0.14454433186,51.49525727011,RLY,,,,,,110,2006-09-08T14:30:00,2009-04-14T16:45:00,5,revise,active
9100VRGNWTR,,,,Virginia Water Rail Station,,,,,,-,,,,,,,E0025620,Virginia Water,,,,,,,1,UKOS,500115,167955,-0.56217376686,51.40180217067,RLY,,,,,,110,2006-09-08T14:30:00,2011-03-24T16:39:00,2,revise,active
9100WADDON,,,,Waddon Rail Station,,,,,,-,,,,,,,E0034242,Waddon,Croydon,,,,,,1,UKOS,531155,164830,-0.11733583181,51.3673978248,RLY,,,,,,110,2006-09-08T14:30:00,2007-09-26T13:00:00,1,revise,active
9100WADHRST,,,,Wadhurst Rail Station,,,,,,-,,,,,,,E0046133,Wadhurst,,,,,,,1,UKOS,562150,133004,0.31317360123,51.07346084279,RLY,,,,,,110,2006-09-08T14:30:00,2007-09-26T13:00:00,1,revise,active
9100WAINFLT,,,,Wainfleet Rail Station,,,,,,-,,,,,,,E0047996,Wainfleet All Saints,,,,,,,1,UKOS,549700,358770,0.23472737381,53.10512662067,RLY,,,,,,110,2006-09-08T14:30:00,2008-10-28T09:03:00,2,revise,active
9100WALAGRD,,,,Wallasey Grove Road Rail Station,,,,,,-,,,,,,,E0029931,Wallasey,,,Wirral,,Wallasey,,1,UKOS,329020,392890,-3.06970700441,53.42800316114,RLY,,,,,,110,2006-09-08T14:30:00,2007-09-26T13:00:00,1,revise,active
9100WALASYV,,,,Wallasey Village Rail Station,,,,,,-,,,,,,,E0029931,Wallasey,,,Wirral,,Wallasey,,1,UKOS,329050,392320,-3.06912702186,53.42288464228,RLY,,,,,,110,2006-09-08T14:30:00,2007-09-26T13:00:00,1,revise,active
9100WALERTN,,,,West Allerton Rail Station,,,,,,-,,,,,,,E0029598,Allerton,Liverpool,,Liverpool,,Allerton,,1,UKOS,339750,386190,-2.90696423376,53.36912466911,RLY,,,,,,110,2006-09-08T14:30:00,2007-09-26T13:00:00,1,revise,active
9100WALHAMX,,,,Waltham Cross Rail Station,,,,,,-,,,,,,,E0013720,Waltham Cross,,,,,,,1,UKOS,536521,200321,-0.02655831434,51.68506097886,RLY,,,,,,110,2006-09-08T14:30:00,2007-09-26T13:00:00,1,revise,active
9100WALKDEN,,,,Walkden Rail Station,,,,,,-,,,,,,,E0029484,Walkden,Salford,,,,,,1,UKOS,373820,402640,-2.39632101871,53.51977500629,RLY,,,,,,110,2006-09-08T14:30:00,2007-09-26T13:00:00,1,revise,active
9100WALLYFD,,,,Wallyford Rail Station,,,,,,-,,,,,,,N0067355,Wallyford,Musselburgh,,,,,,1,UKOS,336700,672380,-3.01495034452,55.94028449166,RLY,,,,,,110,2006-09-08T14:30:00,2008-02-07T11:51:00,2,revise,active
9100WALMER,,,,Walmer Rail Station,,,,,,-,,,,,,,N0078378,Walmer,,,,,,,1,UKOS,636410,150340,1.38287452487,51.20332237784,RLY,,,,,,110,2006-09-08T14:30:00,2009-01-19T11:19:00,3,revise,active
9100WALNGTN,,,,Wallington Rail Station,,,,,,-,,,,,,,E0034828,Wallington,London,,,,,,1,UKOS,528843,163991,-0.15083287395,51.36038647533,RLY,,,,,,110,2006-09-08T14:30:00,2007-09-26T13:00:00,1,revise,active
9100WALSALL,,,,Walsall Rail Station,,,,,,-,,,,,,,E0057943,Walsall,,,,,,,1,UKOS,401130,298510,-1.98475489781,52.58439836249,RLY,,,,,,110,2006-09-08T14:30:00,2007-09-26T13:00:00,1,revise,active
9100WALTONM,,,,Walton (Merseyside) Rail Station,,,,,,-,,,,,,,E0029932,Walton,Liverpool,,Liverpool,,Walton,,1,UKOS,335970,395930,-2.96574705133,53.45621536637,RLY,,,,,,110,2006-09-08T14:30:00,2007-09-26T13:00:00,1,revise,active
9100WANBRO,,,,Wanborough Rail Station,,,,,,-,,,,,,,E0051772,Wanborough,,,,,,,1,UKOS,493100,150326,-0.66758771292,51.24452327629,RLY,,,,,,110,2006-09-08T14:30:00,2007-09-26T13:00:00,1,revise,active
9100WANDCMN,,,,Wandsworth Common Rail Station,,,,,,-,,,,,,,E0034913,Wandsworth Common,London,,,,,,1,UKOS,527730,173510,-0.16338591242,51.44618482553,RLY,,,,,,110,2006-09-08T14:30:00,2007-09-26T13:00:00,1,revise,active
9100WAPPING,,,,Wapping Rail Station,,,,,,-,,,,,,,E0034863,Wapping,London,,,,,,0,UKOS,535025,180175,-0.05593081577,51.50438805424,RLY,,,,,,110,2010-02-01T16:01:00,2010-02-01T16:11:00,1,revise,active
9100WARE,,,,Ware Rail Station,,,,,,-,,,,,,,E0047008,Ware,,,,,,,1,UKOS,535998,213984,-0.02878130278,51.80796038674,RLY,,,,,,110,2006-11-17T09:19:00,2007-09-26T13:00:00,1,revise,active
9100WARGRAV,,,,Wargrave Rail Station,,,,,,-,,,,,,,E0053906,Wargrave,,,,,,,1,UKOS,478085,178289,-0.87651663718,51.49815916384,RLY,,,,,,110,2006-09-08T14:30:00,2007-09-26T13:00:00,1,revise,active
9100WARHAM,,,,Wareham Rail Station,,,,,,-,,,,,,,E0009545,Wareham,,,,,,,1,UKOS,391956,88144,-2.11524649721,50.69288849039,RLY,,,,,,110,2006-09-08T14:30:00,2007-09-26T13:00:00,1,revise,active
9100WARNHAM,,,,Warnham Rail Station,,,,,,-,,,,,,,E0052179,Warnham,,,,,,,1,UKOS,517083,133948,-0.32946409407,51.09290209241,RLY,,,,,,110,2006-09-08T14:30:00,2007-09-26T13:00:00,1,revise,active
9100WARWICK,,,,Warwick Rail Station,,,,,,-,,,,,,,E0052045,Warwick,,,,,,,1,UKOS,428620,265460,-1.58185447908,52.28653969272,RLY,,,,,,110,2006-09-08T14:30:00,2007-09-26T13:00:00,1,revise,active
9100WARWPWY,,,,Warwick Parkway Rail Station,,,,,,-,,,,,,,E0052045,Warwick,,,,,,,1,UKOS,426560,265400,-1.61205783222,52.28610328121,RLY,,,,,,110,2006-09-08T14:30:00,2007-09-26T13:00:00,1,revise,active
9100WATBECH,,,,Waterbeach Rail Station,,,,,,-,,,,,,,E0044131,Waterbeach,,,,,,,1,UKOS,550020,264955,0.19679059727,52.26230545116,RLY,,,,,,110,2006-09-08T14:30:00,2011-09-30T10:45:00,2,revise,active
9100WATFDHS,,,,Watford High Street Rail Station,,,,,,-,,,,,,,E0057472,Watford,,,,,,,1,UKOS,511359,196098,-0.3917110994,51.65265495861,RLY,,,,,,110,2006-09-08T14:30:00,2007-09-26T13:00:00,1,revise,active
9100WATFDJ,,,,Watford Junction Rail Station,,,,,,-,,,,,,,E0057472,Watford,,,,,,,1,UKOS,511040,197343,-0.39592523543,51.66390766945,RLY,,,,,,110,2006-11-17T09:19:00,2007-09-26T13:00:00,1,revise,active
9100WATFDN,,,,Watford North Rail Station,,,,,,-,,,,,,,N0077361,North Watford,Watford,,,,,,1,UKOS,511426,198664,-0.38992572875,51.67570403141,RLY,,,,,,110,2006-09-08T14:30:00,2008-08-04T12:06:00,3,revise,active
9100WATFJDC,,,,Watford Junction Rail Station,,,,,,-,,,,,,,E0057472,Watford,,,,,,,1,UKOS,511000,197300,-0.39651697504,51.66352909294,RLY,,,,,,110,2006-09-08T14:30:00,2009-04-14T16:38:00,5,revise,active
9100WATLGTN,,,,Watlington Rail Station,,,,,,-,,,,,,,E0048611,Watlington,,,,,,,1,UKOS,561240,311050,0.38331618191,52.67317156782,RLY,,,,,,110,2006-09-08T14:30:00,2007-09-26T13:00:00,1,revise,active
9100WATONAS,,,,Watton-at-Stone Rail Station,,,,,,-,,,,,,,E0047010,Watton-at-Stone,,,,,,,1,UKOS,529610,219210,-0.11942740851,51.85643784074,RLY,,,,,,110,2006-09-08T14:30:00,2011-02-07T16:21:00,2,revise,active
9100WATRLMN,,,,London Waterloo Rail Station,,,,,,-,,,,,,,E0034649,Waterloo,London,,,,,,1,UKOS,531060,179950,-0.1131088672,51.50329861354,RLY,,,,,,110,2006-09-08T14:30:00,2009-10-13T14:48:00,2,revise,active
9100WATSTND,,,,Whatstandwell Rail Station,,,,,,-,,,,,,,E0006628,Whatstandwell,,,,,,,1,UKOS,433315,354125,-1.50408617868,53.08331365004,RLY,,,,,,110,2006-09-08T14:30:00,2011-11-02T16:00:00,2,revise,active
9100WAUNGRN,,,,Waun-gron Park Rail Station,,,,,,-,,,,,,,E0054004,Fairwater,Cardiff,,,,,,1,UKOS,314720,177300,-3.22965232296,51.48819572923,RLY,,,,,,110,2006-09-08T14:30:00,2010-10-01T10:27:00,3,revise,active
9100WBRMPTN,,,,West Brompton Rail Station,,,,,,-,,,,,,,N0065217,West Brompton,London,,,,,,1,UKOS,525380,178000,-0.19559256132,51.4870613526,RLY,,,,,,110,2006-09-08T14:30:00,2010-06-04T18:01:00,2,revise,active
9100WBYFLET,,,,West Byfleet Rail Station,,,,,,-,,,,,,,E0025917,West Byfleet,,,,,,,1,UKOS,504200,161075,-0.50548514862,51.33922574246,RLY,,,,,,110,2006-09-08T14:30:00,2007-09-26T13:00:00,1,revise,active
9100WCALDER,,,,West Calder Rail Station,,,,,,-,,,,,,,ES003802,West Calder,,,,,,,1,UKOS,302000,663400,-3.56701674854,55.85380336493,RLY,,,,,,110,2006-09-08T14:30:00,2007-09-26T13:00:00,1,revise,active
9100WCHAPEL,,,,Whitechapel Rail Station,,,,,,-,,,,,,,N0060404,Whitechapel,London,,,,,,0,UKOS,534715,181845,-0.05975704327,51.51946906509,RLY,,,,,,110,2010-02-01T16:03:00,2010-02-16T14:37:00,3,revise,active
9100WCHR,,,,Whitchurch (Shrops) Rail Station,,,,,,-,,,,,,,E0021512,Whitchurch,,,,,,,1,UKOS,354985,341400,-2.67169819188,52.96806000406,RLY,,,,,,110,2006-11-10T00:00:00,2011-09-30T11:02:00,2,revise,active
9100WCKHMMR,,,,Wickham Market Rail Station,,,,,,-,,,,,,,E0051598,Campsey Ash,,,,,,,1,UKOS,632605,255760,1.39868027493,52.15110024494,RLY,,,,,,110,2006-11-17T09:19:00,2009-01-22T10:31:00,2,revise,active
9100WCLIFF,,,,Westcliff Rail Station,,,,,,-,,,,,,,E0042050,Westcliff-on-Sea,Southend-on-Sea,,,,,,1,UKOS,586756,185481,0.69146599366,51.53733353275,RLY,,,,,,110,2006-09-08T14:30:00,2025-06-25T13:00:00,2,revise,active
9100WCOMBEP,,,,Westcombe Park Rail Station,,,,,,-,,,,,,,E0034323,Charlton,London,,,,,,1,UKOS,540245,178070,0.01839473787,51.48420270135,RLY,,,,,,110,2006-09-08T14:30:00,2010-05-10T19:46:00,3,revise,active
9100WCROYDN,,,,West Croydon Rail Station,,,,,,-,,,,,,,N0060493,Croydon,London,,,,,,1,UKOS,532150,166083,-0.10258547056,51.37842775403,RLY,,,,,,110,2006-09-08T14:30:00,2007-09-26T13:00:00,2,revise,active
9100WDEN,,,,Walsden Rail Station,,,,,,-,,,,,,,E0033780,Walsden,Todmorden,,,,,,1,UKOS,393200,422207,-2.10446403134,53.69625983954,RLY,,,,,,110,2006-09-08T14:30:00,2010-07-23T14:13:00,3,revise,active
9100WDGRNPK,,,,Woodgrange Park Rail Station,,,,,,-,,,,,,,E0034707,Manor Park,London,,,,,,1,UKOS,541850,185355,0.04442331118,51.54926374489,RLY,,,,,,110,2006-09-08T14:30:00,2010-05-14T15:30:00,2,revise,active
9100WDHAMFR,,,,South Woodham Ferrers Rail Station,,,,,,-,,,,,,,E0055794,South Woodham Ferrers,Woodham Ferrers,,,,,,1,UKOS,580420,197735,0.60650517416,51.64945833244,RLY,,,,,,110,2006-09-08T14:30:00,2010-10-06T14:31:00,3,revise,active
9100WDHOUSE,,,,Woodhouse Rail Station,,,,,,-,,,,,,,E0030708,Woodhouse,Sheffield,,,,,,1,UKOS,442850,385400,-1.35755342307,53.36374367509,RLY,,,,,,110,2006-09-08T14:30:00,2007-09-26T13:00:00,1,revise,active
9100WDLESFD,,,,Woodlesford Rail Station,,,,,,-,,,,,,,E0033902,Woodlesford,Leeds,,,,,,1,UKOS,436830,429080,-1.44287939209,53.75678720795,RLY,,,,,,110,2006-09-08T14:30:00,2007-09-26T13:00:00,1,revise,active
9100WDMNSTR,,,,Woodmansterne Rail Station,,,,,,-,,,,,,,N0075224,Coulsdon,London,,,,,,1,UKOS,528720,159385,-0.15426204875,51.31902003754,RLY,,,,,,110,2006-09-08T14:30:00,2007-09-26T13:00:00,1,revise,active
9100WDND,,,,Wood End Rail Station,,,,,,-,,,,,,,E0026238,Wood End,Solihull,,,,,,1,UKOS,410710,271745,-1.84421369492,52.34368010337,RLY,,,,,,110,2006-09-08T14:30:00,2010-11-08T15:17:00,2,revise,active
9100WDNYMNR,,,,Widney Manor Rail Station,,,,,,-,,,,,,,E0032123,Widney,Solihull,,,,,,1,UKOS,415450,277570,-1.77437043168,52.39593512662,RLY,,,,,,110,2006-09-08T14:30:00,2007-09-26T13:00:00,1,revise,active
9100WDON,,,,Wimbledon Rail Station,,,,,,-,,,,,,,E0034695,Wimbledon,London,,,,,,1,UKOS,524810,170660,-0.20638507162,51.42122186724,RLY,,,,,,110,2006-09-08T14:30:00,2013-01-17T15:07:00,3,revise,active
9100WDRNGTN,,,,Widdrington Rail Station,,,,,,-,,,,,,,E0056432,Widdrington Station,,,,,,,1,UKOS,424485,594190,-1.61647340637,55.24130609509,RLY,,,,,,110,2006-09-08T14:30:00,2010-12-20T11:21:00,2,revise,active
9100WDRYTON,,,,West Drayton Rail Station,,,,,,-,,,,,,,E0034517,West Drayton,London,,,,,,1,UKOS,506120,180120,-0.47223423532,51.5100549217,RLY,,,,,,110,2006-09-08T14:30:00,2007-09-26T13:00:00,1,revise,active
9100WDST,,,,Wood Street Rail Station,,,,,,-,,,,,,,E0034880,Upper Walthamstow,Walthamstow,,,,,,1,UKOS,538490,189415,-0.00240531716,51.58658041061,RLY,,,,,,110,2006-09-08T14:30:00,2010-05-27T17:45:00,3,revise,active
9100WDULCRD,,,,West Dulwich - Croxted Road,,,,,,-,,,,,,,E0034650,West Dulwich,Dulwich,,,,,,0,UKOS,532645,173067,-0.0928674294,51.44107500749,BCQ,,,,,,110,2008-11-06T15:44:00,2009-08-21T13:15:00,2,revise,active
9100WDULWCH,,,,West Dulwich Rail Station,,,,,,-,,,,,,,E0034650,West Dulwich,Dulwich,,,,,,1,UKOS,532750,173030,-0.09137143127,51.44071792938,RLY,,,,,,110,2006-09-08T14:30:00,2010-06-04T18:01:00,2,revise,active
9100WDWTOWN,,,,Wandsworth Town Rail Station,,,,,,-,,,,,,,E0034912,Wandsworth,London,,,,,,1,UKOS,525970,175120,-0.1881254027,51.46104779551,RLY,,,,,,110,2006-09-08T14:30:00,2007-09-26T13:00:00,1,revise,active
9100WEALING,,,,West Ealing Rail Station,,,,,,-,,,,,,,E0034280,West Ealing,Ealing,,,,,,1,UKOS,516666,180735,-0.32013320702,51.51350550963,RLY,,,,,,110,2006-09-08T14:30:00,2010-06-04T18:02:00,2,revise,active
9100WEDGORB,,,,Wedgwood Lane,,,,,,-,,,,,,,E0042192,Trentham,Stoke-on-Trent,,,,,,1,UKOS,389435,339665,-2.15870355043,52.95425651762,BCQ,,,,,,110,2006-09-08T14:30:00,2014-04-28T15:19:00,3,revise,active
9100WEDGWD,,,,Wedgwood Rail Station,,,,,,-,,,,,,,E0051204,Barlaston,,,,,,,1,UKOS,388620,339310,-2.17082190193,52.95104851037,RLY,,,,,,110,2006-09-08T14:30:00,2007-09-26T13:00:00,1,revise,active
9100WEELEY,,,,Weeley Rail Station,,,,,,-,,,,,,,E0057401,Weeley,,,,,,,1,UKOS,614657,221756,1.11548182862,51.85309893591,RLY,,,,,,110,2006-09-08T14:30:00,2007-09-26T13:00:00,1,revise,active
9100WEETON,,,,Weeton Rail Station,,,,,,-,,,,,,,E0049247,Weeton,Leeds,,,,,,1,UKOS,427600,447530,-1.5812156072,53.92317791889,RLY,,,,,,110,2006-09-08T14:30:00,2007-09-26T13:00:00,1,revise,active
9100WELHAMG,,,,Welham Green Rail Station,,,,,,-,,,,,,,E0014343,Welham Green,,,,,,,1,UKOS,523653,205697,-0.21069167362,51.73635217084,RLY,,,,,,110,2006-09-08T14:30:00,2007-09-26T13:00:00,1,revise,active
9100WELLING,,,,Welling Rail Station,,,,,,-,,,,,,,E0034034,Welling,London,,,,,,1,UKOS,546090,176075,0.10168964098,51.46479848086,RLY,,,,,,110,2006-09-08T14:30:00,2010-06-04T17:59:00,2,revise,active
9100WELNGTN,,,,Wellington (Shropshire) Rail Station,,,,,,-,,,,,,,E0057265,Wellington,Telford,,,,,,1,UKOS,365150,311640,-2.51716540049,52.7013051333,RLY,,,,,,110,2006-09-08T14:30:00,2007-09-26T13:00:00,1,revise,active
9100WELSHPL,,,,Welshpool Rail Station,,,,,,-,,,,,,,E0054655,Welshpool,,,,,,,1,UKOS,322995,307251,-3.13987122419,52.65749435578,RLY,,,,,,110,2006-09-08T14:30:00,2007-09-26T13:00:00,1,revise,active
9100WEMBLSM,,,,Wembley Stadium Rail Station,,,,,,-,,,,,,,E0034063,Wembley,London,,,,,,1,UKOS,518955,185340,-0.28560822829,51.55441560315,RLY,,,,,,110,2006-09-08T14:30:00,2010-06-04T18:00:00,2,revise,active
9100WEMM,,,,Wem Rail Station,,,,,,-,,,,,,,E0021506,Wem,,,,,,,1,UKOS,351750,329010,-2.71801688911,52.85640937781,RLY,,,,,,110,2006-09-08T14:30:00,2011-09-30T11:03:00,2,revise,active
9100WEMYSSB,,,,Wemyss Bay Rail Station,,,,,,-,,,,,,,ES003798,Wemyss Bay,,,,,,,1,UKOS,219360,668550,-4.88907991247,55.87614422451,RLY,,,,,,110,2006-09-08T14:30:00,2007-09-26T13:00:00,1,revise,active
9100WENDOVR,,,,Wendover Rail Station,,,,,,-,,,,,,,E0044042,Wendover,,,,,,,1,UKOS,486547,207750,-0.74737229629,51.76175730519,RLY,,,,,,110,2006-09-08T14:30:00,2007-09-26T13:00:00,1,revise,active
9100WENHNGR,,,,Westenhanger Rail Station,,,,,,-,,,,,,,E0015249,Westenhanger,,,,,,,1,UKOS,612825,137240,1.03804967446,51.09496084962,RLY,,,,,,110,2006-09-08T14:30:00,2011-03-24T16:36:00,2,revise,active
9100WENNGTN,,,,Wennington Rail Station,,,,,,-,,,,,,,E0047455,Wennington,,,,,,,1,UKOS,361700,469920,-2.58751039315,54.12370484023,RLY,,,,,,110,2006-09-08T14:30:00,2011-02-07T16:37:00,2,revise,active
9100WESGTOS,,,,Westgate-on-Sea Rail Station,,,,,,-,,,,,,,E0015462,Westgate-on-Sea,,,,,,,1,UKOS,632400,170000,1.33836194961,51.38144582517,RLY,,,,,,110,2006-09-08T14:30:00,2007-09-26T13:00:00,1,revise,active
9100WESTRTN,,,,Westerton Rail Station,,,,,,-,,,,,,,ES003830,Westerton,Bearsden,,,,,,1,UKOS,254130,670430,-4.3348800427,55.90480707757,RLY,,,,,,110,2006-09-08T14:30:00,2010-05-24T13:05:00,2,revise,active
9100WETHERL,,,,Wetheral Rail Station,,,,,,-,,,,,,,E0044761,Wetheral,,,,,,,1,UKOS,346740,554660,-2.83171314721,54.88384032712,RLY,,,,,,110,2006-09-08T14:30:00,2007-09-26T13:00:00,1,revise,active
9100WEYBDGB,,,,Weybridge Rail Station,,,,,,-,,,,,,,E0025318,Weybridge,,,,,,,1,UKOS,507473,163651,-0.45773859466,51.36177129108,RLY,,,,,,110,2006-09-08T14:30:00,2009-04-14T16:46:00,3,revise,active
9100WEYBDGE,,,,Weybridge Rail Station,,,,,,-,,,,,,,E0025318,Weybridge,,,,,,,1,UKOS,507474,163651,-0.45772423712,51.36177110208,RLY,,,,,,110,2006-09-08T14:30:00,2007-11-13T16:00:00,2,revise,active
9100WEYMTH,,,,Weymouth Rail Station,,,,,,-,,,,,,,E0009884,Weymouth,,,,,,,1,UKOS,367960,79610,-2.45422196028,50.61531497368,RLY,,,,,,110,2006-09-08T14:30:00,2010-04-01T15:58:00,2,revise,active
9100WGSTS,,,,South Wigston Rail Station,,,,,,-,,,,,,,E0016907,South Wigston,Wigston,,,,,,1,UKOS,458770,298620,-1.13407707873,52.5822244121,RLY,,,,,,110,2006-09-08T14:30:00,2007-09-26T13:00:00,1,revise,active
9100WHAILES,,,,Wester Hailes Rail Station,,,,,,-,,,,,,,N0067357,Wester Hailes,Edinburgh,,,,,,1,UKOS,319820,669770,-3.28433917305,55.91431779083,RLY,,,,,,110,2006-09-08T14:30:00,2008-02-07T12:45:00,2,revise,active
9100WHALLEY,,,,Whalley Rail Station,,,,,,-,,,,,,,E0047530,Whalley,,,,,,,1,UKOS,372960,436495,-2.41225300041,53.82401709714,RLY,,,,,,110,2006-09-08T14:30:00,2011-02-07T16:38:00,2,revise,active
9100WHALYBG,,,,Whaley Bridge Rail Station,,,,,,-,,,,,,,E0045140,Whaley Bridge,,,,,,,1,UKOS,401120,381480,-1.98464504294,53.33023470693,RLY,,,,,,110,2006-09-08T14:30:00,2007-09-26T13:00:00,1,revise,active
9100WHAM,,,,West Ham Rail Station,,,,,,-,,,,,,,E0034718,West Ham,London,,,,,,1,UKOS,539140,182860,0.00437929318,51.52751810475,RLY,,,,,,110,2006-09-08T14:30:00,2007-09-26T13:00:00,2,delete,inactive
9100WHAMHL,,,,West Ham Rail Station,,,,,,-,,,,,,,E0034718,West Ham,London,,,,,,1,UKOS,539210,182970,0.00543114953,51.52848931803,RLY,,,,,,110,2006-09-08T14:30:00,2010-06-04T18:03:00,2,revise,active
9100WHCH,,,,Whitchurch (Cardiff) Rail Station,,,,,,-,,,,,,,E0054027,Whitchurch,Cardiff,,,,,,1,UKOS,315225,180913,-3.22325036959,51.52075048994,RLY,,,,,,110,2006-11-10T00:00:00,2011-03-24T16:43:00,2,revise,active
9100WHHL,,,,Woodhall Rail Station,,,,,,-,,,,,,,ES003052,Port Glasgow,,,,,,,1,UKOS,234210,674090,-4.65540102415,55.93120621459,RLY,,,,,,110,2006-09-08T14:30:00,2007-09-26T13:00:00,1,revise,active
9100WHHRTLA,,,,White Hart Lane Rail Station,,,,,,-,,,,,,,E0034412,Tottenham,London,,,,,,1,UKOS,533690,191340,-0.07091353822,51.60503706676,RLY,,,,,,110,2006-09-08T14:30:00,2007-09-26T13:00:00,1,revise,active
9100WHIFLET,,,,Whifflet Rail Station,,,,,,-,,,,,,,ES000759,Coatbridge,,,,,,,1,UKOS,273730,664120,-4.01865514186,55.85369161139,RLY,,,,,,110,2006-09-08T14:30:00,2007-09-26T13:00:00,1,revise,active
9100WHIMPLE,,,,Whimple Rail Station,,,,,,-,,,,,,,E0045280,Whimple,,,,,,,1,UKOS,304590,97368,-3.35432205714,50.76802775713,RLY,,,,,,110,2006-09-08T14:30:00,2007-09-26T13:00:00,1,revise,active
9100WHINH,,,,Whinhill Rail Station,,,,,,-,,,,,,,ES001670,Greenock,,,,,,,1,UKOS,228540,675110,-4.74669434739,55.93837155798,RLY,,,,,,110,2006-09-08T14:30:00,2007-09-26T13:00:00,1,revise,active
9100WHISTON,,,,Whiston Rail Station,,,,,,-,,,,,,,E0052684,Whiston,,,Knowsley,,Whiston,,1,UKOS,347160,391080,-2.79643183204,53.41386889749,RLY,,,,,,110,2006-09-08T14:30:00,2007-09-26T13:00:00,1,revise,active
9100WHITHVN,,,,Whitehaven Rail Station,,,,,,-,,,,,,,E0055510,Whitehaven,,,,,,,1,UKOS,297460,518690,-3.58693312268,54.55303154357,RLY,,,,,,110,2006-09-08T14:30:00,2007-09-26T13:00:00,1,revise,active
9100WHLAND,,,,Whitland Rail Station,,,,,,-,,,,,,,E0054100,Whitland,,,,,,,1,UKOS,219900,216500,-4.61439067006,51.81803004385,RLY,,,,,,110,2006-09-08T14:30:00,2007-09-26T13:00:00,1,revise,active
9100WHLE,,,,Whitlocks End Rail Station,,,,,,-,,,,,,,E0032119,Whitlocks End,Solihull,,,,,,1,UKOS,410200,277100,-1.85153883163,52.39183169991,RLY,,,,,,110,2006-09-08T14:30:00,2007-09-26T13:00:00,1,revise,active
9100WHMDSTD,,,,West Hampstead Rail Station,,,,,,-,,,,,,,E0034188,West Hampstead,London,,,,,,1,UKOS,525520,184725,-0.19118451843,51.54746762404,RLY,,,,,,110,2007-02-23T12:00:00,2007-09-26T13:00:00,2,revise,active
9100WHMPSTM,,,,West Hampstead Thameslink Rail Station,,,,,,-,,,,,,,E0034188,West Hampstead,London,,,,,,1,UKOS,525472,184836,-0.19183683948,51.54847583561,RLY,,,,,,110,2006-09-08T14:30:00,2010-06-04T18:04:00,2,revise,active
9100WHORNDN,,,,West Horndon Rail Station,,,,,,-,,,,,,,N0076856,West Horndon,,,,,,,1,UKOS,562320,188048,0.34064374154,51.56794531573,RLY,,,,,,110,2006-09-08T14:30:00,2007-09-26T13:00:00,1,revise,active
9100WHSTBLE,,,,Whitstable Rail Station,,,,,,-,,,,,,,E0057482,Whitstable,,,,,,,1,UKOS,611286,166424,1.03329483321,51.35758278164,RLY,,,,,,110,2006-09-08T14:30:00,2007-09-26T13:00:00,1,revise,active
9100WHTBDGE,,,,Whitley Bridge Rail Station,,,,,,-,,,,,,,E0019216,Whitley Bridge,,,,,,,1,UKOS,455670,422850,-1.15828029663,53.69912984911,RLY,,,,,,110,2006-09-08T14:30:00,2007-09-26T13:00:00,1,revise,active
9100WHTCHRH,,,,Whitchurch (Hants) Rail Station,,,,,,-,,,,,,,E0046744,Whitchurch,,,,,,,1,UKOS,446330,148915,-1.33774697478,51.23754419727,RLY,,,,,,110,2006-09-08T14:30:00,2011-05-23T14:50:00,2,revise,active
9100WHTLSEA,,,,Whittlesea Rail Station,,,,,,-,,,,,,,E0043707,Whittlesey,,,,,,,1,UKOS,527640,296293,-0.1189909353,52.54952909591,RLY,,,,,,110,2006-09-08T14:30:00,2011-09-30T10:45:00,2,revise,active
9100WHTTON,,,,Whitton Rail Station,,,,,,-,,,,,,,E0034786,Whitton,London,,,,,,1,UKOS,514220,173570,-0.35768133756,51.44960728551,RLY,,,,,,110,2006-09-08T14:30:00,2007-09-26T13:00:00,1,revise,active
9100WHWLL,,,,Whitwell (Derbys) Rail Station,,,,,,-,,,,,,,E0044992,Whitwell,,,,,,,1,UKOS,453425,376185,-1.20020711092,53.27996047263,RLY,,,,,,110,2006-09-08T14:30:00,2011-11-02T16:00:00,2,revise,active
9100WHYTBUS,,,,Whyteleafe South - Main Road,,,,,,-,,,,,,,N0060405,Whyteleafe,,,,,,,0,UKOS,534175,157820,-0.07661777319,51.30369667088,BCQ,,,,,,110,2008-11-06T15:45:00,2009-08-21T13:15:00,2,revise,active
9100WHYTELF,,,,Whyteleafe Rail Station,,,,,,-,,,,,,,N0060405,Whyteleafe,,,,,,,1,UKOS,533841,158508,-0.08114829764,51.30995809232,RLY,,,,,,110,2006-09-08T14:30:00,2007-09-26T13:00:00,1,revise,active
9100WHYTLFS,,,,Whyteleafe South Rail Station,,,,,,-,,,,,,,N0060405,Whyteleafe,,,,,,,1,UKOS,534155,157785,-0.07691765127,51.30338684618,RLY,,,,,,110,2006-09-08T14:30:00,2011-03-24T16:40:00,2,revise,active
9100WICK,,,,Wick Rail Station,,,,,,-,,,,,,,ES003868,Wick,,,,,,,1,UKOS,336065,950885,-3.09685869893,58.4415684108,RLY,,,,,,110,2006-09-08T14:30:00,2010-02-25T14:28:00,2,revise,active
9100WIDNES,,,,Widnes Rail Station,,,,,,-,,,,,,,E0037860,Widnes,,,,,,,1,UKOS,351300,387100,-2.73353666796,53.37849659103,RLY,,,,,,110,2006-09-08T14:30:00,2007-09-26T13:00:00,1,revise,active
9100WIGANNW,,,,Wigan North Western Rail Station,,,,,,-,,,,,,,E0057846,Wigan,,,,,,,1,UKOS,358133,405411,-2.63327374892,53.54366144407,RLY,,,,,,110,2006-09-08T14:30:00,2010-04-30T10:21:00,3,revise,active
9100WIGANWL,,,,Wigan Wallgate Rail Station,,,,,,-,,,,,,,E0057846,Wigan,,,,,,,1,UKOS,358140,405540,-2.63318543118,53.54482142826,RLY,,,,,,110,2006-09-08T14:30:00,2010-04-30T10:21:00,3,revise,active
9100WIGTON,,,,Wigton Rail Station,,,,,,-,,,,,,,E0055494,Wigton,,,,,,,1,UKOS,325300,548875,-3.16434265445,54.82911714276,RLY,,,,,,110,2006-09-08T14:30:00,2011-03-07T14:38:00,2,revise,active
9100WIKFORD,,,,Wickford Rail Station,,,,,,-,,,,,,,E0055767,Wickford,,,,,,,1,UKOS,574512,193694,0.51918514821,51.61502314242,RLY,,,,,,110,2006-09-08T14:30:00,2007-09-26T13:00:00,1,revise,active
9100WILMCOT,,,,Wilmcote Rail Station,,,,,,-,,,,,,,E0026234,Wilmcote,,,,,,,1,UKOS,416764,258338,-1.75601129915,52.22299842715,RLY,,,,,,110,2006-09-08T14:30:00,2010-11-08T15:17:00,2,revise,active
9100WILNECT,,,,Wilnecote (Staffs) Rail Station,,,,,,-,,,,,,,E0024647,Wilnecote,Tamworth,,,,,,1,UKOS,421785,301485,-1.67971445578,52.61071163935,RLY,,,,,,110,2006-09-08T14:30:00,2010-11-08T15:17:00,2,revise,active
9100WIMBLDN,,,,Wimbledon Rail Station,,,,,,-,,,,,,,E0034695,Wimbledon,London,,,,,,1,UKOS,524811,170660,-0.20637069729,51.42122164726,RLY,,,,,,110,2006-09-08T14:30:00,2013-01-17T15:07:00,6,revise,active
9100WIMLCHS,,,,Wimbledon Chase Rail Station,,,,,,-,,,,,,,E0034678,Bushey Mead,London,,,,,,1,UKOS,524310,169350,-0.21403115741,51.40955837435,RLY,,,,,,110,2006-09-08T14:30:00,2009-08-21T15:14:00,2,revise,active
9100WINCHLS,,,,Winchelsea Rail Station,,,,,,-,,,,,,,E0010704,Winchelsea,,,,,,,1,UKOS,589974,118401,0.70226176646,50.93376593241,RLY,,,,,,110,2006-11-29T00:00:00,2007-09-26T13:00:00,1,revise,active
9100WINCNEW,,,,Winchelsea - New Inn,,,,,,-,,,,,,,E0010704,Winchelsea,,,,,,,0,UKOS,590790,117550,0.71341581105,50.9258528913,BCQ,,,,,,110,2008-11-06T15:46:00,2009-08-21T13:15:00,2,revise,active
9100WINDSEC,,,,Windsor & Eton Central Rail Station,,,,,,-,,,,,,,E0055226,,,,,,,,1,UKOS,496590,176950,-0.61037986783,51.48326791667,RLY,,,,,,110,2006-09-08T14:30:00,2007-09-26T13:00:00,1,revise,active
9100WINERSH,,,,Winnersh Rail Station,,,,,,-,,,,,,,E0053907,Winnersh,,,,,,,1,UKOS,478177,170740,-0.87685854477,51.43028256048,RLY,,,,,,110,2006-09-08T14:30:00,2007-09-26T13:00:00,1,revise,active
9100WINETGL,,,,Winnersh Triangle Rail Station,,,,,,-,,,,,,,N0071693,Winnersh Triangle,,,,,,,1,UKOS,477160,171443,-0.89133159806,51.43674164165,RLY,,,,,,110,2006-09-08T14:30:00,2009-01-12T18:15:00,2,revise,active
9100WISHAW,,,,Wishaw Rail Station,,,,,,-,,,,,,,ES003883,Wishaw,,,,,,,1,UKOS,279250,654870,-3.92642485673,55.77204244725,RLY,,,,,,110,2006-09-08T14:30:00,2007-09-26T13:00:00,1,revise,active
9100WITHAME,,,,Witham (Essex) Rail Station,,,,,,-,,,,,,,E0055778,Witham,,,,,,,1,UKOS,582047,215219,0.63913018433,51.80596864064,RLY,,,,,,110,2006-09-08T14:30:00,2007-09-26T13:00:00,1,revise,active
9100WITLEY,,,,Witley Rail Station,,,,,,-,,,,,,,E0051828,Witley,,,,,,,1,UKOS,494850,137970,-0.64578296622,51.13316197752,RLY,,,,,,110,2006-09-08T14:30:00,2007-09-26T13:00:00,1,revise,active
9100WITTON,,,,Witton (West Midlands) Rail Station,,,,,,-,,,,,,,E0032131,Witton,Birmingham,,,,,,1,UKOS,407940,290505,-1.88443458772,52.51237937415,RLY,,,,,,110,2006-09-08T14:30:00,2010-04-01T15:55:00,2,revise,active
9100WIVENHO,,,,Wivenhoe Rail Station,,,,,,-,,,,,,,E0057402,Wivenhoe,,,,,,,1,UKOS,603670,221680,0.95613774487,51.85653055065,RLY,,,,,,110,2006-09-08T14:30:00,2007-09-26T13:00:00,1,revise,active
9100WKFLDKG,,,,Wakefield Kirkgate Rail Station,,,,,,-,,,,,,,E0057988,Wakefield,,,,,,,1,UKOS,433880,420365,-1.48857054232,53.67865873842,RLY,,,,,,110,2006-09-08T14:30:00,2010-07-23T14:13:00,2,revise,active
9100WKFLDWG,,,,Wakefield Westgate Rail Station,,,,,,-,,,,,,,E0057988,Wakefield,,,,,,,1,UKOS,432718,420848,-1.50611044926,53.68307362627,RLY,,,,,,110,2006-09-08T14:30:00,2014-07-16T09:13:00,3,revise,active
9100WKILBRD,,,,West Kilbride Rail Station,,,,,,-,,,,,,,ES003812,West Kilbride,,,,,,,1,UKOS,220870,648430,-4.85174555272,55.69615510005,RLY,,,,,,110,2006-09-08T14:30:00,2007-09-26T13:00:00,1,revise,active
9100WKIRBY,,,,West Kirby Rail Station,,,,,,-,,,,,,,E0029942,West Kirby,Hoylake,,Wirral,,West Kirkby,,1,UKOS,321340,386910,-3.1837713705,53.37317195515,RLY,,,,,,110,2006-09-08T14:30:00,2007-09-26T13:00:00,1,revise,active
9100WKNT,,,,Workington Rail Station,,,,,,-,,,,,,,E0055495,Workington,,,,,,,1,UKOS,299526,528892,-3.55850031764,54.64509523819,RLY,,,,,,110,2006-09-08T14:30:00,2007-09-26T13:00:00,1,revise,active
9100WKNTNTH,,,,Workington North Temporary Rail Station,,,,,,-,,,,,,,E0005020,Northside,,,,,,,0,UKOS,299687,530435,-3.55653625802,54.65898862678,RLY,,,,,,110,2009-11-26T10:17:00,2010-10-08T18:23:00,3,delete,inactive
9100WLDMILL,,,,Wildmill Rail Station,,,,,,-,,,,,,,N0075371,Wild Mill,Bridgend,,,,,,1,UKOS,290500,181400,-3.57963265156,51.52087080628,RLY,,,,,,110,2006-09-08T14:30:00,2008-02-07T12:49:00,2,revise,active
9100WLDNGHM,,,,Woldingham Rail Station,,,,,,-,,,,,,,E0025752,Woldingham,,,,,,,1,UKOS,535940,156360,-0.05186962914,51.2901578739,RLY,,,,,,110,2006-09-08T14:30:00,2007-09-26T13:00:00,1,revise,active
9100WLMSL,,,,Wilmslow Rail Station,,,,,,-,,,,,,,E0002110,Wilmslow,,,,,,,1,UKOS,385023,381127,-2.22632699391,53.3268475177,RLY,,,,,,110,2006-09-08T14:30:00,2007-09-26T13:00:00,1,revise,active
9100WLNGBRO,,,,Wellingborough Rail Station,,,,,,-,,,,,,,E0056411,Wellingborough,,,,,,,1,UKOS,490330,268120,-0.67665086283,52.30378268688,RLY,,,,,,110,2006-09-08T14:30:00,2007-09-26T13:00:00,1,revise,active
9100WLNTNON,,,,Willington Rail Station,,,,,,-,,,,,,,E0045214,Willington,,,,,,,1,UKOS,429500,328550,-1.5633605169,52.85364482261,RLY,,,,,,110,2006-09-08T14:30:00,2007-09-26T13:00:00,1,revise,active
9100WLOE,,,,London Waterloo East Rail Station,,,,,,-,,,,,,,E0034649,Waterloo,London,,,,,,1,UKOS,531350,180044,-0.10889808404,51.50407609035,RLY,,,,,,110,2006-09-08T14:30:00,2007-09-26T13:00:00,1,revise,active
9100WLOO,,,,Waterloo (Merseyside) Rail Station,,,,,,-,,,,,,,E0029937,Waterloo,Crosby,,Sefton,,Waterloo,,1,UKOS,332030,398070,-3.02553616691,53.47495317496,RLY,,,,,,110,2006-09-08T14:30:00,2007-09-26T13:00:00,1,revise,active
9100WLSDJHL,,,,Willesden Junction Rail Station,,,,,,-,,,,,,,E0034065,Willesden,London,,,,,,1,UKOS,521860,182970,-0.24454781442,51.53249661251,RLY,,,,,,110,2006-09-08T14:30:00,2007-09-26T13:00:00,1,revise,active
9100WLSDNJL,,,,Willesden Junction Low Level Rail Station,,,,,,-,,,,,,,E0034065,Willesden,London,,,,,,1,UKOS,521950,182920,-0.24326824635,51.53202783994,RLY,,,,,,110,2006-09-08T14:30:00,2009-04-14T16:49:00,4,revise,active
9100WLTHQRD,,,,Walthamstow Queens Road Rail Station,,,,,,-,,,,,,,E0034881,Walthamstow,London,,,,,,1,UKOS,537020,188810,-0.02384580898,51.58150292416,RLY,,,,,,110,2006-09-08T14:30:00,2007-09-26T13:00:00,1,revise,active
9100WLTWCEN,,,,Walthamstow Central Rail Station,,,,,,-,,,,,,,E0034881,Walthamstow,London,,,,,,1,UKOS,537295,188975,-0.01981494478,51.5829187463,RLY,,,,,,110,2006-09-08T14:30:00,2008-10-03T12:40:00,2,revise,active
9100WLVR,,,,Wolverton Rail Station,,,,,,-,,,,,,,E0039341,Wolverton,Milton Keynes,,,,,,1,UKOS,482065,241508,-0.80426692618,52.06587775371,RLY,,,,,,110,2006-09-08T14:30:00,2007-09-26T13:00:00,1,revise,active
9100WLWYNGC,,,,Welwyn Garden City Rail Station,,,,,,-,,,,,,,E0014344,Welwyn Garden City,,,,,,,1,UKOS,523933,212903,-0.20407041,51.80104808722,RLY,,,,,,110,2006-09-08T14:30:00,2007-09-26T13:00:00,1,revise,active
9100WLWYNN,,,,Welwyn North Rail Station,,,,,,-,,,,,,,E0014315,Digswell,Welwyn Garden City,,,,,,1,UKOS,524697,215420,-0.19209148276,51.82349744738,RLY,,,,,,110,2006-09-08T14:30:00,2014-06-06T14:37:00,2,revise,active
9100WMALING,,,,West Malling Rail Station,,,,,,-,,,,,,,E0047359,West Malling,,,,,,,1,UKOS,568739,157543,0.418653358,51.29202073047,RLY,,,,,,110,2006-09-08T14:30:00,2007-09-26T13:00:00,1,revise,active
9100WMBY,,,,Wembley Central Rail Station,,,,,,-,,,,,,,E0034063,Wembley,London,,,,,,1,UKOS,518210,185090,-0.29643279057,51.55232519128,RLY,,,,,,110,2006-09-08T14:30:00,2007-09-26T13:00:00,1,revise,active
9100WMBYDC,,,,Wembley Central Rail Station,,,,,,-,,,,,,,E0034063,Wembley,London,,,,,,1,UKOS,518211,185090,-0.29641837427,51.55232498197,RLY,,,,,,110,2006-09-08T14:30:00,2007-11-13T16:00:00,2,revise,active
9100WMER,,,,Windermere Rail Station,,,,,,-,,,,,,,E0055522,Windermere,,,,,,,1,UKOS,341420,498610,-2.90339144286,54.37960296619,RLY,,,,,,110,2006-09-08T14:30:00,2007-09-26T13:00:00,1,revise,active
9100WMILTON,,,,Weston Milton Rail Station,,,,,,-,,,,,,,E0040039,Milton,Weston-super-Mare,,,,,,1,UKOS,334465,161465,-2.94238607963,51.34847051993,RLY,,,,,,110,2006-09-08T14:30:00,2009-06-18T15:40:00,2,revise,active
9100WMOR,,,,Woodsmoor Rail Station,,,,,,-,,,,,,,E0029584,Woodsmoor,Davenport,,,,,,1,UKOS,390647,387746,-2.14208658937,53.38647349401,RLY,,,,,,110,2006-09-08T14:30:00,2008-12-24T15:34:00,2,revise,active
9100WMWD,,,,Williamwood Rail Station,,,,,,-,,,,,,,ES003875,Williamwood,,,,,,,1,UKOS,256505,657973,-4.29033450533,55.79368610834,RLY,,,,,,110,2006-09-08T14:30:00,2011-07-07T13:59:00,2,revise,active
9100WNCFILD,,,,Winchfield Rail Station,,,,,,-,,,,,,,E0046808,Winchfield,,,,,,,1,UKOS,476324,154546,-0.90697732493,51.28495008957,RLY,,,,,,110,2006-11-17T09:19:00,2007-09-26T13:00:00,1,revise,active
9100WNCHSTR,,,,Winchester Rail Station,,,,,,-,,,,,,,E0055970,Winchester,,,,,,,1,UKOS,447765,129984,-1.31969992631,51.06721063041,RLY,,,,,,110,2006-09-08T14:30:00,2007-09-26T13:00:00,1,revise,active
9100WNDSWRD,,,,Wandsworth Road Rail Station,,,,,,-,,,,,,,N0065132,Clapham,London,,,,,,1,UKOS,529390,176226,-0.13851958529,51.47021645666,RLY,,,,,,110,2006-09-08T14:30:00,2010-05-10T19:47:00,2,revise,active
9100WNMHILL,,,,Winchmore Hill Rail Station,,,,,,-,,,,,,,N0060446,Winchmore Hill,London,,,,,,1,UKOS,531530,194500,-0.10090015921,51.63394207728,RLY,,,,,,110,2006-09-08T14:30:00,2007-09-26T13:00:00,1,revise,active
9100WNORWOD,,,,West Norwood Rail Station,,,,,,-,,,,,,,E0034651,West Norwood,London,,,,,,1,UKOS,531910,172010,-0.10382991464,51.43174761941,RLY,,,,,,110,2006-09-08T14:30:00,2010-06-04T18:05:00,2,revise,active
9100WNOTLEY,,,,White Notley Rail Station,,,,,,-,,,,,,,E0046204,White Notley,,,,,,,1,UKOS,578934,218775,0.59586353267,51.838911813,RLY,,,,,,110,2006-09-08T14:30:00,2007-09-26T13:00:00,1,revise,active
9100WNSFD,,,,Winsford Rail Station,,,,,,-,,,,,,,E0044445,Winsford,,,,,,,0,UKOS,367050,366050,-2.49459932766,53.19051134149,RLY,,,,,,110,2006-09-08T14:30:00,2010-01-08T14:17:00,2,revise,active
9100WNSTDPK,,,,Wanstead Park Rail Station,,,,,,-,,,,,,,E0034705,Forest Gate,London,,,,,,1,UKOS,540580,185590,0.02621307375,51.55169295479,RLY,,,,,,110,2006-09-08T14:30:00,2007-09-26T13:00:00,1,revise,active
9100WOBURNS,,,,Woburn Sands Rail Station,,,,,,-,,,,,,,E0053477,Woburn Sands,,,,,,,1,UKOS,492458,236380,-0.65408395658,52.01815154543,RLY,,,,,,110,2006-09-08T14:30:00,2007-09-26T13:00:00,1,revise,active
9100WODBDGE,,,,Woodbridge Rail Station,,,,,,-,,,,,,,E0051694,Woodbridge,,,,,,,1,UKOS,627380,248760,1.31777128841,52.09044663044,RLY,,,,,,110,2006-09-08T14:30:00,2007-09-26T13:00:00,1,revise,active
9100WOKING,,,,Woking Rail Station,,,,,,-,,,,,,,E0025920,Woking,,,,,,,1,UKOS,500660,158695,-0.55695962081,51.31846934954,RLY,,,,,,110,2006-09-08T14:30:00,2007-09-26T13:00:00,1,revise,active
9100WOKNGHM,,,,Wokingham Rail Station,,,,,,-,,,,,,,E0055232,Wokingham,,,,,,,1,UKOS,480596,168657,-0.84254317445,51.41121849935,RLY,,,,,,110,2006-09-08T14:30:00,2007-09-26T13:00:00,1,revise,active
9100WOLSHAM,,,,Wolsingham Rail Station,,,,,,-,,,,,,,E0046034,Wolsingham,,,,,,,0,UKOS,407600,536820,-1.88351775631,54.72631512753,RLY,,,,,,110,2010-06-04T14:41:00,2011-01-24T11:23:00,2,revise,active
9100WOLSTON,,,,Woolston Rail Station,,,,,,-,,,,,,,E0042037,Woolston,Southampton,,,,,,1,UKOS,443904,111234,-1.37705781935,50.89892325866,RLY,,,,,,110,2006-11-17T09:19:00,2007-09-26T13:00:00,1,revise,active
9100WOLWCDY,,,,Woolwich Dockyard Rail Station,,,,,,-,,,,,,,E0034338,Woolwich,London,,,,,,1,UKOS,542740,178910,0.05464203127,51.49112705717,RLY,,,,,,110,2006-09-08T14:30:00,2007-09-26T13:00:00,1,revise,active
9100WOLWCHA,,,,Woolwich Arsenal Rail Station,,,,,,-,,,,,,,E0034338,Woolwich,London,,,,,,1,UKOS,543754,178803,0.06919399379,51.48990893607,RLY,,,,,,110,2006-09-08T14:30:00,2009-09-25T12:22:00,2,revise,active
9100WOMBWEL,,,,Wombwell Rail Station,,,,,,-,,,,,,,E0030701,Wombwell,,,,,,,1,UKOS,438810,402455,-1.41616248315,53.51734568399,RLY,,,,,,110,2006-09-08T14:30:00,2010-12-20T11:14:00,2,revise,active
9100WONNAZE,,,,Walton-on-the-Naze Rail Station,,,,,,-,,,,,,,E0011499,Walton-on-the-Naze,,,,,,,1,UKOS,625170,221445,1.26766981685,51.84616911793,RLY,,,,,,110,2006-09-08T14:30:00,2010-10-06T14:33:00,3,revise,active
9100WONT,,,,Walton-on-Thames Rail Station,,,,,,-,,,,,,,E0025314,Walton-on-Thames,,,,,,,1,UKOS,510447,164956,-0.41463495928,51.37293107036,RLY,,,,,,110,2006-09-08T14:30:00,2007-09-26T13:00:00,1,revise,active
9100WOODLEY,,,,Woodley Rail Station,,,,,,-,,,,,,,E0029581,Woodley,,,,,,,1,UKOS,393900,392500,-2.09327154785,53.42925327089,RLY,,,,,,110,2006-09-08T14:30:00,2007-09-26T13:00:00,1,revise,active
9100WOOL,,,,Wool Rail Station,,,,,,-,,,,,,,E0045769,Wool,,,,,,,1,UKOS,384450,86910,-2.22145985797,50.68163782656,RLY,,,,,,110,2006-09-08T14:30:00,2007-09-26T13:00:00,1,revise,active
9100WORCPWY,,,,Worcestershire Parkway Rail Station,,,,,,Woodbury Lane,,,,,,,E0052626,Norton,,,,,,,0,UKOS,389149,250875,-2.16002516118,52.15604578166,RLY,,,,,,110,2019-05-07T16:06:10,2019-05-07T16:06:10,1,new,active
9100WORCSFS,,,,Worcester Foregate Street Rail Station,,,,,,-,,,,,,,E0056907,Worcester,,,,,,,1,UKOS,384950,255235,-2.22159636084,52.19514436994,RLY,,,,,,110,2006-09-08T14:30:00,2011-11-02T16:33:00,2,revise,active
9100WORCSSH,,,,Worcester Shrub Hill Rail Station,,,,,,-,,,,,,,E0056907,Worcester,,,,,,,1,UKOS,385783,255186,-2.20940775031,52.19472612625,RLY,,,,,,110,2006-09-08T14:30:00,2007-09-26T13:00:00,1,revise,active
9100WORKSOP,,,,Worksop Rail Station,,,,,,-,,,,,,,E0020495,Worksop,,,,,,,1,UKOS,458545,379755,-1.12277123654,53.31150695331,RLY,,,,,,110,2006-09-08T14:30:00,2011-05-18T16:35:00,4,revise,active
9100WORLE,,,,Worle Rail Station,,,,,,-,,,,,,,E0040110,Worle,Weston-super-Mare,,,,,,1,UKOS,336760,162500,-2.9096216446,51.35803624137,RLY,,,,,,110,2006-09-08T14:30:00,2007-09-26T13:00:00,1,revise,active
9100WORSTED,,,,Worstead Rail Station,,,,,,-,,,,,,,E0048744,Worstead,,,,,,,1,UKOS,629690,325415,1.40408137209,52.77742622074,RLY,,,,,,110,2006-09-08T14:30:00,2011-08-22T14:01:00,3,revise,active
9100WORTHNG,,,,Worthing Rail Station,,,,,,-,,,,,,,E0057701,Worthing,,,,,,,1,UKOS,514484,103362,-0.37617138704,50.81849884171,RLY,,,,,,110,2006-09-08T14:30:00,2007-09-26T13:00:00,1,revise,active
9100WOTONWN,,,,Wootton Wawen Rail Station,,,,,,-,,,,,,,E0052015,Wootton Wawen,,,,,,,1,UKOS,414790,263215,-1.78469652015,52.26690002711,RLY,,,,,,110,2006-09-08T14:30:00,2010-11-08T15:18:00,2,revise,active
9100WRABNES,,,,Wrabness Rail Station,,,,,,-,,,,,,,E0046376,Wrabness,,,,,,,1,UKOS,618095,231530,1.17149812063,51.93950950641,RLY,,,,,,110,2006-09-08T14:30:00,2010-10-06T14:33:00,2,revise,active
9100WRBLNGT,,,,Warblington Rail Station,,,,,,-,,,,,,,E0013068,Warblington,Havant,,,,,,1,UKOS,472800,106500,-0.9671563443,50.8534457655,RLY,,,,,,110,2006-09-08T14:30:00,2007-09-26T13:00:00,1,revise,active
9100WRCSTRP,,,,Worcester Park Rail Station,,,,,,-,,,,,,,N0065224,Worcester Park,London,,,,,,1,UKOS,522220,166150,-0.24516723224,51.3812525571,RLY,,,,,,110,2006-09-08T14:30:00,2007-09-26T13:00:00,1,revise,active
9100WRENBRY,,,,Wrenbury Rail Station,,,,,,-,,,,,,,E0001793,Wrenbury,,,,,,,1,UKOS,360120,347065,-2.59594634938,53.01938848547,RLY,,,,,,110,2006-09-08T14:30:00,2011-11-02T15:46:00,2,revise,active
9100WRESSLE,,,,Wressle Rail Station,,,,,,-,,,,,,,E0053149,Wressle,,,,,,,1,UKOS,470990,431268,-0.92434900615,53.77292359544,RLY,,,,,,110,2006-09-08T14:30:00,2011-05-23T15:11:00,2,revise,active
9100WREXHMC,,,,Wrexham Central Rail Station,,,,,,-,,,,,,,E0043570,Wrexham,,,,,,,1,UKOS,333121,350347,-2.99905254358,53.0461881094,RLY,,,,,,110,2006-09-08T14:30:00,2007-09-26T13:00:00,1,revise,active
9100WREXHMG,,,,Wrexham General Rail Station,,,,,,-,,,,,,,E0043570,Wrexham,,,,,,,1,UKOS,332900,350800,-3.00244303859,53.05023181072,RLY,,,,,,110,2006-09-08T14:30:00,2007-09-26T13:00:00,1,revise,active
9100WRGT,,,,Warrington Central Rail Station,,,,,,-,,,,,,,E0057278,Warrington,,,,,,,1,UKOS,360650,388495,-2.59316830866,53.3918161209,RLY,,,,,,110,2006-09-08T14:30:00,2011-03-24T16:48:00,2,revise,active
9100WRGTNBQ,,,,Warrington Bank Quay Rail Station,,,,,,-,,,,,,,E0057278,Warrington,,,,,,,1,UKOS,360033,387854,-2.60236417039,53.38600829514,RLY,,,,,,110,2006-09-08T14:30:00,2010-02-10T15:04:00,2,revise,active
9100WRGTWST,,,,Warrington West Rail Station,,,,,,Sycamore Lane,,,,,,,E0057278,Warrington,,,,,,,0,UKOS,357669,388767,-2.63802707001,53.39402967447,RLY,,,,,,110,2019-12-10T09:16:00,2020-02-18T14:30:19,3,revise,active
9100WRMNSTR,,,,Warminster Rail Station,,,,,,-,,,,,,,E0056891,Warminster,,,,,,,1,UKOS,387750,145300,-2.17673403563,51.2067765844,RLY,,,,,,110,2006-09-08T14:30:00,2007-09-26T13:00:00,1,revise,active
9100WROXHAM,,,,Hoveton & Wroxham Rail Station,,,,,,-,,,,,,,E0048675,Hoveton,Wroxham,,,,,,1,UKOS,630280,318550,1.40799725276,52.71557126329,RLY,,,,,,110,2006-09-08T14:30:00,2012-09-03T10:36:00,5,revise,active
9100WRPLSDN,,,,Worplesdon Rail Station,,,,,,-,,,,,,,E0051776,Worplesdon,,,,,,,1,UKOS,498938,155385,-0.58257813221,51.28901745228,RLY,,,,,,110,2006-09-08T14:30:00,2007-09-26T13:00:00,1,revise,active
9100WRUISLP,,,,West Ruislip Rail Station,,,,,,-,,,,,,,E0034508,Ruislip,London,,,,,,1,UKOS,508370,186810,-0.43776767621,51.56975847513,RLY,,,,,,110,2006-09-08T14:30:00,2007-09-26T13:00:00,1,revise,active
9100WRUNTON,,,,West Runton Rail Station,,,,,,-,,,,,,,E0018173,West Runton,,,,,,,1,UKOS,618200,342500,1.24545756618,52.93552570691,RLY,,,,,,110,2006-09-08T14:30:00,2007-09-26T13:00:00,1,revise,active
9100WRYSBRY,,,,Wraysbury Rail Station,,,,,,-,,,,,,,E0053892,Wraysbury,,,,,,,1,UKOS,501400,174200,-0.54192182359,51.45770836997,RLY,,,,,,110,2006-09-08T14:30:00,2007-09-26T13:00:00,1,revise,active
9100WSLE,,,,West St Leonards Rail Station,,,,,,-,,,,,,,N0078510,West St Leonards,Hastings,,,,,,1,UKOS,578878,109033,0.53993532378,50.85315369604,RLY,,,,,,110,2006-09-08T14:30:00,2009-03-06T17:00:00,2,revise,active
9100WSMARE,,,,Weston-super-Mare Rail Station,,,,,,-,,,,,,,E0040103,Weston-super-Mare,,,,,,,1,UKOS,332420,161030,-2.97166247956,51.34431976681,RLY,,,,,,110,2006-09-08T14:30:00,2007-09-26T13:00:00,1,revise,active
9100WSORAER,,,,Windsor & Eton Riverside Rail Station,,,,,,-,,,,,,,E0055226,,,,,,,,1,UKOS,496852,177220,-0.60653398343,51.48565014811,RLY,,,,,,110,2006-09-08T14:30:00,2008-01-03T11:52:00,3,revise,active
9100WSTBRYW,,,,Westbury (Wilts) Rail Station,,,,,,-,,,,,,,E0056892,Westbury,,,,,,,1,UKOS,386200,152000,-2.19918167923,51.266986087,RLY,,,,,,110,2006-09-08T14:30:00,2007-09-26T13:00:00,1,revise,active
9100WSTHOTN,,,,Westhoughton Rail Station,,,,,,-,,,,,,,E0052668,Westhoughton,,,,,,,1,UKOS,365402,406688,-2.52372665882,53.55566981667,RLY,,,,,,110,2006-09-08T14:30:00,2008-12-24T15:34:00,2,revise,active
9100WSTRFLD,,,,Westerfield Rail Station,,,,,,-,,,,,,,E0051690,Westerfield,,,,,,,1,UKOS,617025,247243,1.16590493243,52.08098290271,RLY,,,,,,110,2006-09-08T14:30:00,2008-11-24T14:22:00,2,revise,active
9100WSUTTON,,,,West Sutton Rail Station,,,,,,-,,,,,,,N0065114,Sutton,London,,,,,,1,UKOS,525045,164505,-0.20517327067,51.36585386165,RLY,,,,,,110,2006-09-08T14:30:00,2010-05-27T17:45:00,2,revise,active
9100WTBY,,,,Whitby Rail Station,,,,,,-,,,,,,,E0056366,Whitby,,,,,,,1,UKOS,489800,510800,-0.61540285118,54.48460989637,RLY,,,,,,110,2006-09-08T14:30:00,2007-09-26T13:00:00,1,revise,active
9100WTCR,,,,Whitecraigs Rail Station,,,,,,-,,,,,,,N0068241,Whitecraigs,Newton Mearns,,,,,,1,UKOS,255250,657640,-4.31015667069,55.79032219525,RLY,,,,,,110,2006-09-08T14:30:00,2008-02-07T12:46:00,2,revise,active
9100WTLESFD,,,,Whittlesford Parkway Rail Station,,,,,,-,,,,,,,E0044136,Whittlesford,,,,,,,1,UKOS,548420,247240,0.16561718521,52.10358821357,RLY,,,,,,110,2006-09-08T14:30:00,2007-09-26T13:00:00,2,revise,active
9100WTRNGBY,,,,Wateringbury Rail Station,,,,,,-,,,,,,,E0047358,Wateringbury,,,,,,,1,UKOS,569160,152850,0.42246659257,51.24973510734,RLY,,,,,,110,2006-09-08T14:30:00,2007-09-26T13:00:00,1,revise,active
9100WTRORTN,,,,Water Orton Rail Station,,,,,,-,,,,,,,E0051862,Water Orton,,,,,,,1,UKOS,417530,291220,-1.74309036808,52.51858506979,RLY,,,,,,110,2006-09-08T14:30:00,2007-09-26T13:00:00,1,revise,active
9100WVLSFLD,,,,Wivelsfield Rail Station,,,,,,-,,,,,,,E0052189,Burgess Hill,,,,,,,1,UKOS,532060,120000,-0.1207899385,50.96429671279,RLY,,,,,,110,2006-09-08T14:30:00,2011-08-22T14:04:00,3,revise,active
9100WVRMPTN,,,,Wolverhampton Rail Station,,,,,,-,,,,,,,E0057945,Wolverhampton,,,,,,,1,UKOS,392000,298900,-2.11951450933,52.58784476301,RLY,,,,,,110,2006-09-08T14:30:00,2007-09-26T13:00:00,1,revise,active
9100WVRTTEC,,,,Wavertree Technology Park Rail Station,,,,,,-,,,,,,,E0029940,Wavertree Nook,Wavertree,,,,,,1,UKOS,338741,390216,-2.92290891019,53.4051917769,RLY,,,,,,110,2006-09-08T14:30:00,2008-11-17T16:52:00,2,revise,active
9100WWICKHM,,,,West Wickham Rail Station,,,,,,-,,,,,,,E0034157,West Wickham,London,,,,,,1,UKOS,538276,166565,-0.01443186658,51.38130142586,RLY,,,,,,110,2006-09-08T14:30:00,2007-09-26T13:00:00,1,revise,active
9100WWRTHNG,,,,West Worthing Rail Station,,,,,,-,,,,,,,E0026844,West Worthing,Worthing,,,,,,1,UKOS,513300,103320,-0.39298512411,50.81835392665,RLY,,,,,,110,2006-09-08T14:30:00,2007-09-26T13:00:00,1,revise,active
9100WYEE,,,,Wye Rail Station,,,,,,-,,,,,,,E0047117,Wye,,,,,,,1,UKOS,604813,146943,0.92930381127,51.18501180503,RLY,,,,,,110,2006-09-08T14:30:00,2007-09-26T13:00:00,1,revise,active
9100WYGN,,,,Wylde Green Rail Station,,,,,,-,,,,,,,E0032154,Wylde Green,Birmingham,,,,,,1,UKOS,411530,294220,-1.83140879635,52.54571328738,RLY,,,,,,110,2006-09-08T14:30:00,2010-04-01T15:56:00,2,revise,active
9100WYLAM,,,,Wylam Rail Station,,,,,,-,,,,,,,E0050014,Wylam,,,,,,,1,UKOS,412000,564500,-1.81406171603,54.97497199449,RLY,,,,,,110,2006-09-08T14:30:00,2007-09-26T13:00:00,1,revise,active
9100WYMNDHM,,,,Wymondham Rail Station,,,,,,-,,,,,,,E0048862,Wymondham,,,,,,,1,UKOS,611423,300965,1.11802552686,52.56541225249,RLY,,,,,,110,2006-09-08T14:30:00,2008-12-01T14:02:00,2,revise,active
9100WYTH,,,,Wythall Rail Station,,,,,,-,,,,,,,E0052490,Wythall,,,,,,,1,UKOS,409250,275775,-1.86553492154,52.37993652397,RLY,,,,,,110,2006-09-08T14:30:00,2011-11-02T16:34:00,2,revise,active
9100YAAM,,,,Yarm Rail Station,,,,,,-,,,,,,,E0053753,Yarm,,,,,,,1,UKOS,442100,511145,-1.35154502838,54.49389896585,RLY,,,,,,110,2006-09-08T14:30:00,2009-10-15T16:36:00,2,revise,active
9100YALDING,,,,Yalding Rail Station,,,,,,-,,,,,,,E0047231,Yalding,,,,,,,1,UKOS,568526,150241,0.41216418407,51.22648368637,RLY,,,,,,110,2006-09-08T14:30:00,2007-09-26T13:00:00,1,revise,active
9100YARMTH,,,,Great Yarmouth Rail Station,,,,,,-,,,,,,,N0060683,Great Yarmouth,,,,,,,1,UKOS,652000,308100,1.72088634115,52.61215989544,RLY,,,,,,110,2006-09-08T14:30:00,2009-02-23T13:21:00,2,revise,active
9100YATE,,,,Yate Rail Station,,,,,,-,,,,,,,E0053734,Yate,,,,,,,1,UKOS,370100,182500,-2.43252165622,51.54060197236,RLY,,,,,,110,2006-09-08T14:30:00,2007-09-26T13:00:00,1,revise,active
9100YATTON,,,,Yatton Rail Station,,,,,,-,,,,,,,E0053591,Yatton,,,,,,,1,UKOS,342500,166100,-2.82777883562,51.39101398429,RLY,,,,,,110,2006-09-08T14:30:00,2007-09-26T13:00:00,1,revise,active
9100YEOFORD,,,,Yeoford Rail Station,,,,,,-,,,,,,,E0007933,Yeoford,,,,,,,1,UKOS,278325,98905,-3.72711913021,50.7769241609,RLY,,,,,,110,2006-09-08T14:30:00,2010-10-05T14:58:00,2,revise,active
9100YNYSWEN,,,,Ynyswen Rail Station,,,,,,-,,,,,,,E0041718,Ynys-wen,Treorchy,,,,,,1,UKOS,294860,197340,-3.52159682607,51.66497130275,RLY,,,,,,110,2006-09-08T14:30:00,2007-09-26T13:00:00,1,revise,active
9100YOKER,,,,Yoker Rail Station,,,,,,-,,,,,,,N0078724,Whitecrook,Clydebank,,,,,,1,UKOS,250870,669180,-4.38628663994,55.89258649626,RLY,,,,,,110,2006-09-08T14:30:00,2011-08-22T14:07:00,3,revise,active
9100YORK,,,,York Rail Station,,,,,,-,,,,,,,E0055251,York,,,,,,,1,UKOS,459600,451700,-1.09318208959,53.95796588375,RLY,,,,,,110,2006-09-08T14:30:00,2007-09-26T13:00:00,1,revise,active
9100YORTON,,,,Yorton Rail Station,,,,,,-,,,,,,,N0072369,Yorton,,,,,,,1,UKOS,350454,323744,-2.73646110937,52.80895704165,RLY,,,,,,110,2006-09-08T14:30:00,2007-09-26T13:00:00,1,revise,active
9100YOVILJN,,,,Yeovil Junction Rail Station,,,,,,-,,,,,,,E0051002,Yeovil,,,,,,,1,UKOS,357050,114100,-2.61245650533,50.92474836597,RLY,,,,,,110,2006-09-08T14:30:00,2010-07-23T14:17:00,2,revise,active
9100YOVILPM,,,,Yeovil Pen Mill Rail Station,,,,,,-,,,,,,,E0051002,Yeovil,,,,,,,1,UKOS,357000,116300,-2.61342815484,50.94452663922,RLY,,,,,,110,2006-09-08T14:30:00,2007-09-26T13:00:00,1,revise,active
9100YRDLYWD,,,,Yardley Wood Rail Station,,,,,,-,,,,,,,E0032158,Yardley Wood,Birmingham,,,,,,1,UKOS,410000,280400,-1.85438029288,52.42150248188,RLY,,,,,,110,2006-09-08T14:30:00,2007-09-26T13:00:00,1,revise,active
9100YSTRADM,,,,Ystrad Mynach Rail Station,,,,,,-,,,,,,,E0035810,Ystrad Mynach,,,,,,,1,UKOS,314200,194300,-3.24129536063,51.64093434715,RLY,,,,,,110,2006-09-08T14:30:00,2007-09-26T13:00:00,1,revise,active
9100YTMNSTR,,,,Yetminster Rail Station,,,,,,-,,,,,,,E0045908,Yetminster,,,,,,,1,UKOS,359745,110855,-2.57375564863,50.89576446731,RLY,,,,,,110,2006-09-08T14:30:00,2010-04-01T15:59:00,2,revise,active
9100YTRHOND,,,,Ystrad Rhondda Rail Station,,,,,,-,,,,,,,E0041724,Ystrad Rhondda,,,,,,,1,UKOS,298610,194890,-3.46668460004,51.6436399293,RLY,,,,,,110,2006-09-08T14:30:00,2007-09-26T13:00:00,1,revise,active
9100ZZTYALS,,,,Alston Rail Station,,,,,,-,,,,,,,N0077370,Alston,,,,,,,0,UKOS,371705,546731,-2.44181239691,54.81463100919,RLY,,,,,,110,2015-11-20T13:06:00,2015-11-20T13:19:00,1,revise,active
9100ZZTYALS1,,,,Alston Rail Station,,,,,,-,,,,platform,,,N0077370,Alston,,,,,,,0,UKOS,371695,546727,-2.44196760531,54.81459449777,RPL,,,,,,110,2015-11-20T13:13:00,2015-11-20T14:07:00,2,revise,active
9100ZZTYKKH,,,,Kirkhaugh Rail Station,,,,,,-,,,,,,,N0070144,Kirkhaugh,,,,,,,0,UKOS,369469,549946,-2.47694524097,54.84338961636,RLY,,,,,,110,2015-11-20T13:08:00,2015-11-20T13:20:00,1,revise,active
9100ZZTYKKH1,,,,Kirkhaugh Rail Station,,,,,,-,,,,platform,,,N0070144,Kirkhaugh,,,,,,,0,UKOS,369450,549949,-2.47724140994,54.84341541158,RPL,,,,,,110,2015-11-20T13:15:00,2015-11-20T14:07:00,2,revise,active
9100ZZTYLIN,,,,Lintley Rail Station,,,,,,-,,,,,,,E0020228,Slaggyford,,,,,,,0,UKOS,368747,551082,-2.48831088196,54.853553071,RLY,,,,,,110,2015-11-20T13:11:00,2015-11-20T13:21:00,1,revise,active
9100ZZTYLIN1,,,,Lintley Rail Station,,,,,,-,,,,platform,,,E0020228,Slaggyford,,,,,,,0,UKOS,368728,551078,-2.48860637185,54.85351593598,RPL,,,,,,110,2015-11-20T13:16:00,2015-11-20T14:08:00,2,revise,active
9100ZZTYSGY,,,,Slaggyford Rail Station,,,,,,,,,,,,,E0020228,Slaggyford,,,,,,,0,UKOS,367573,552419,-2.50674655008,54.86549243181,RLY,,,,,,110,2018-07-27T08:36:53,2018-07-27T08:36:53,1,new,active
9100ABWDXR,,,,Abbey Wood,,,,,,,,,,,,,E0034321,Abbey Wood,London,,,,,,1,UKOS,547372,179055,,,RLY,,,,,,110,2022-02-17T11:00:00,2022-03-07T11:00:00,0,new,active
9100BONDST,,,,Bond Street,,,,,,,,,,,,,N0077633,Bond Street,London,,,,,,1,UKOS,528661,181068,,,RLY,,,,,,110,2022-02-17T11:00:00,2022-03-07T11:00:00,0,new,active
9100CANWHRF,,,,Canary Wharf,,,,,,,,,,,,,N0077638,Canary Wharf,London,,,,,,1,UKOS,537594,180446,,,RLY,,,,,,110,2022-02-17T11:00:00,2022-03-07T11:00:00,0,new,active
9100FRNDXR,,,,Farringdon,,,,,,,,,,,,,N0077662,Farringdon,London,,,,,,1,UKOS,531580,181843,,,RLY,,,,,,110,2022-02-17T11:00:00,2022-03-07T11:00:00,0,new,active
9100LIVSTLL,,,,Liverpool Street,,,,,,,,,,,,,N0077693,Liverpool Street,City of London,,,,,,1,UKOS,533174,181610,,,RLY,,,,,,110,2022-02-17T11:00:00,2022-03-07T11:00:00,0,new,active
9100PADTLL,,,,Paddington,,,,,,,,,,,,,E0034942,Paddington,London,,,,,,1,UKOS,526582,181300,,,RLY,,,,,,110,2022-02-17T11:00:00,2022-03-07T11:00:00,0,new,active
9100TOTCTRD,,,,Tottenham Court Road,,,,,,,,,,,,,N0077727,Tottenham Court Road,London,,,,,,1,UKOS,529842,181308,,,RLY,,,,,,110,2022-02-17T11:00:00,2022-03-07T11:00:00,0,new,active
9100WCHAPXR,,,,Whitechapel,,,,,,,,,,,,,N0060404,Whitechapel,London,,,,,,1,UKOS,534685,181840,,,RLY,,,,,,110,2022-02-17T11:00:00,2022-03-07T11:00:00,0,new,active
9100WOLWXR,,,,Woolwich,,,,,,,,,,,,,E0034338,Woolwich,London,,,,,,1,UKOS,543833,179050,,,RLY,,,,,,110,2022-02-17T11:00:00,2022-03-07T11:00:00,0,new,active
9100CUSTMHS,,,,Custom House,,,,,,,,,,,,,N0075225,Custom House,London,,,,,,1,UKOS,540812,180894,,,RLY,,,,,,110,2022-02-25T11:00:00,2022-03-07T11:00:00,0,new,active
9100BARKRIV,,,,Barking Riverside,,,,,,,,,,,,,E0033933,Creekmouth,London,,,,,,1,UKOS,546944,182222,,,RLY,,,,,,110,2022-04-07T11:00:00,2022-04-07T11:00:00,0,new,active
9100PTWYPR,,,,Portway Park & Ride Rail Station,,,,,,-,,,,,,,E0035642,Shirehampton,Bristol,,,,,,1,UKOS,352358,176798,-2.6875586,51.4881079,RLY,,,,,,110,2024-04-10T13:00:00,2024-04-10T13:00:00,0,new,active
9100LEVEN,,,,Leven Rail Station,,,,,,-,,,,,,,ES002355,Leven,,,,,,,1,UKOS,337923,700426,-3.001894,56.192386,RLY,,,,,,110,2024-05-21T13:00:00,2024-05-21T13:00:00,0,new,active
9100CMRNBDG,,,,Cameron Bridge Rail Station,,,,,,-,,,,,,,ES003882,Windygates,,,,,,,1,UKOS,335102,700235,-3.047291,56.190296,RLY,,,,,,110,2024-05-21T13:00:00,2024-05-21T13:00:00,0,new,active
9100ASHGTN,,,,Ashington Rail Station,,,,,,-,,,,,,,E0020285,Ashington,,,,,,,1,UKOS,427304,587629,-1.57278,55.18224,RLY,,,,,,110,2026-03-05T15:00:00,2026-03-05T15:00:00,0,new,active
9100STDL,,,,Seaton Delaval Rail Station,,,,,,-,,,,,,,E0019875,Seaton Delaval,,,,,,,1,UKOS,429584,575692,-1.5382113,55.074809,RLY,,,,,,110,2026-03-05T15:00:00,2026-03-05T15:00:00,0,new,active
9100NSHM,,,,Newsham Rail Station,,,,,,-,,,,,,,N0070170,Newsham,Blyth,,,,,,1,UKOS,430476,578817,-1.52390,55.10284,RLY,,,,,,110,2026-03-05T15:00:00,2026-03-05T15:00:00,0,new,active
9100BYBEB,,,,Blyth Bebside Rail Station,,,,,,-,,,,,,,E0019851,Blyth,,,,,,,1,UKOS,428342,581254,-1.55711,55.12486,RLY,,,,,,110,2026-03-05T15:00:00,2026-03-05T15:00:00,0,new,active
9100BDLNTN,,,,Bedlington Rail Station,,,,,,-,,,,,,,N0070153,Bedlington Station,Bedlington,,,,,,1,UKOS,427594,582991,-1.56867,55.14051,RLY,,,,,,110,2026-03-05T15:00:00,2026-03-05T15:00:00,0,new,active
9100NBRLPK,,,,Northumberland Park (Tyne & Wear) Rail Station,,,,,,-,,,,,,,N0078211,Northumberland Park,,,,,,,1,UKOS,430776,571075,-1.520037,55.033251,RLY,,,,,,110,2026-03-17T15:00:00,2026-03-17T15:00:00,0,new,active
9100CAMBSTH,,,,Cambridge South Rail Station,,,,,,-,,,,,,,E0055326,Cambridge,,,,,,,1,UKOS,545856,255027,0.13154426,52.174231,RLY,,,,,,110,2026-03-23T10:00:00,2026-03-23T10:00:00,0,new,active
9100DRLSTN,,,,Darlaston Rail Station,,,,,,-,,,,,,,E0031490,Darlaston,Walsall,,,,,,1,UKOS,398707,297566,-2.020506,52.575910,RLY,,,,,,110,2026-03-23T10:00:00,2026-03-23T10:00:00,0,new,active
9100WILHAL,,,,Willenhall Rail Station,,,,,,-,,,,,,,E0032127,Willenhall,Walsall,,,,,,1,UKOS,396364,298233,-2.055095,52.581899,RLY,,,,,,110,2026-03-23T10:00:00,2026-03-23T10:00:00,0,new,active
9100KIGSHTH,,,,Kings Heath Rail Station,,,,,,-,,,,,,,E0031691,Kings Heath,Birmingham,,,,,,1,UKOS,407390,282364,-1.8927236,52.439197,RLY,,,,,,110,2026-03-30T10:00:00,2026-03-30T10:00:00,0,new,active
9100MOSLEY,,,,Moseley Village Rail Station,,,,,,-,,,,,,,E0031321,Balsall Heath,Birmingham,,,,,,1,UKOS,407857,283129,-1.8858216,52.446069,RLY,,,,,,110,2026-03-30T10:00:00,2026-03-30T10:00:00,0,new,active
9100HAZEWLL,,,,Pineapple Road Rail Station,,,,,,-,,,,,,,E0031991,Stirchley,Birmingham,,,,,,1,UKOS,406325,281343,-1.9084071,52.430029,RLY,,,,,,110,2026-03-30T10:00:00,2026-03-30T10:00:00,0,new,active
9100NRHFILT,,,,Bristol Brabazon Rail Station,,,,,,-,,,,,,,E0053705,Filton,,,,,,,1,UKOS,359826,180011,-2.5803706,51.517582,RLY,,,,,,110,2026-07-27T11:00:00,2026-07-27T11:00:00,0,new,active
9100OKHMPIC,,,,Okehampton Interchange Rail Station,,,,,,-,,,,,,,E0045621,Okehampton,,,,,,,1,UKOS,260686,95625,-3.975926,50.743464,RLY,,,,,,110,2026-07-27T11:00:00,2026-07-27T11:00:00,0,new,active
